id	册	章	raw页	tex行	类型	严重度	描述	状态	证据	commit
代数1-1	代数（第一册）	第1章	2	55	漏字	低	“分数线上面的数”误作“分线上面的数”	已修	raw第2页第5行印刷字“分数线上面的数”	8d08c6e
代数1-2	代数（第一册）	第1章	3	100	字体	低	“零不能作为除数”原书为黑体重点提示	已修	raw第3页黑体字“零不能作为除数”	8d08c6e
代数1-3	代数（第一册）	第1章	4	131	公式符号	高	括线教学示例漏排上横线\overline{5-4}，致释义落空	已修	raw第4页“小括号里边\overline{5-4}上面的一条线就是括线”	8d08c6e
代数1-4	代数（第一册）	第1章	4	140	标点	低	关系符号示例中5>2末尾标点误为逗号	已修	raw第4页句末句号	8d08c6e
代数1-5	代数（第一册）	第1章	5	166	标点	低	近似小数示例末尾误为英文句点	已修	raw第5页句末句号	8d08c6e
代数1-6	代数（第一册）	第1章	6-7	210-221	环境混淆	高	例5跨页OCR导致前半部解题错位至题干且重复出现【解】	已修	raw第6-7页例5完整版面结构	8d08c6e
代数1-7	代数（第一册）	第1章	7	244	公式漏项	高	例7【解1】第一行式子末项漏掉整数1误为+\frac{1}{8}	已修	raw第7页末项为+1\frac{1}{8}	8d08c6e
代数1-8	代数（第一册）	第1章	8	258-261	缺失解题	中	例8审题后缺失【解】标签与原题表达式，直接接等号	已修	raw第8页“［解］ (3\frac{1}{3}+0.33)\times\frac{1}{2}-1.35 = ...”	8d08c6e
代数1-9	代数（第一册）	第1章	9	297	题目错误	高	习题1·1第12题带分数分母误识别为13导致答案无法吻合	已修	raw第9页分母为12，核算与书后答案一致（答案为1）	8d08c6e
代数1-10	代数（第一册）	第1章	9	303	公式体例	低	习题1·1第15题含全角括号与文本乘号	已修	raw第9页数学算式	8d08c6e
代数1-11	代数（第一册）	第1章	9	309	题目错误	高	习题1·1第18题减数分母为整数5，误识别为繁分数\frac{5}{5}	已修	raw第9页分母为5，核算与书后答案一致（7\frac{1}{5}）	8d08c6e
代数1-12	代数（第一册）	第1章	9	311	题目错误	高	习题1·1第19题被除数分母为整数5，误识别为繁分数\frac{5}{5}	已修	raw第9页分母为5，核算与书后答案一致（\frac{1}{25}）	8d08c6e
代数1-13	代数（第一册）	第1章	9	313	题目错误	高	习题1·1第20题除数分母为5\frac{1}{8}，漏排整数5写成\frac{5}{8}	已修	raw第9页除数分母为5\frac{1}{8}，核算与书后答案一致（答案为1）	8d08c6e
代数1-14	代数（第一册）	第1章	9	320-322	排版标点	低	习题1·1第21题小题标点与分行体例整理	已修	raw第9页排版格式	8d08c6e
代数1-15	代数（第一册）	第1章	10	353	标点	低	算式结果后漏排句末句号“。”	已修	raw第10页“就可以知道半夜的温度是 1°。”	10ad9aa
代数1-16	代数（第一册）	第1章	10	371	字体	低	“负数”、“正数”定义概念恢复原书黑体重点	已修	raw第10页黑体字“负数”、“正数”	10ad9aa
代数1-17	代数（第一册）	第1章	11	437	字词误读	高	“之后一问”被OCR误读为“以后”	已修	raw第11页印刷文字“走了20公里之后一问”	10ad9aa
代数1-18	代数（第一册）	第1章	11	445	字体	低	“具有两种相反方向或两种相反意义的量”恢复原书黑体	已修	raw第11页黑体重点词汇	10ad9aa
代数1-19	代数（第一册）	第1章	12	449-472	环境碎片化	中	习题1·2碎片化拆裂为4个独立enumerate，整合并修正标点	已修	raw第12页习题1·2完整体例	10ad9aa
代数1-20	代数（第一册）	第1章	12	478-486	字体	低	有理数各分类定义词（正整数、负整数、正分数等）恢复原书黑体	已修	raw第12页黑体定义概念词	10ad9aa
代数1-21	代数（第一册）	第1章	13	508,542	虚构图题	中	原书两处大括号分类表无图题，清理人为虚构的caption	已修	raw第13页分类图表排版样式	10ad9aa
代数1-22	代数（第一册）	第1章	13	513-518	环境割裂	低	“注”下1、2两项编号体例规范化统一	已修	raw第13页注下第1、2条排版体例	10ad9aa
代数1-23	代数（第一册）	第1章	13	520	标点	低	“都是整数，”误断为句号	已修	raw第13页印刷逗号	10ad9aa
代数1-24	代数（第一册）	第1章	14-15	652,660	字体	低	“原点”、“单位长度”、“数轴”、“对应点”概念词恢复原书黑体重点	已修	raw第14-15页黑体概念词	b9733fc
代数1-25	代数（第一册）	第1章	15	656	强调格式	低	“数轴是一条用来表示数的直线…”定义整句恢复着重强调黑体	已修	raw第15页原书整句下附着重号	b9733fc
代数1-26	代数（第一册）	第1章	15	658	标点	低	“数 0.”末尾 ASCII 句点修正为中文句号“。”	已修	raw第15页印刷句号	b9733fc
代数1-27	代数（第一册）	第1章	15-16	662-678	环境碎片化	中	习题1·4碎片化拆裂，整合并修复第5题公式排版体例	已修	raw第15-16页习题1·4排版体例	b9733fc
代数1-28	代数（第一册）	第1章	16	693	字体	低	“相反的数”定义概念词恢复原书黑体重点	已修	raw第16页黑体概念词	b9733fc
代数1-29	代数（第一册）	第1章	16	719-725	强调格式	低	“任何一个正数的相反的数…”三条推论恢复着重强调黑体，修正句号标点	已修	raw第16页三条推论下附着重号	b9733fc
代数1-30	代数（第一册）	第1章	17	737-744	公式排版	低	0的相反数运算性质式由紧缩挤压行内式改为清晰居中展式	已修	raw第17页展式排版	b9733fc
代数1-31	代数（第一册）	第1章	17	746	漏字与标题	中	补齐法则标题“一个数的相反的数的表示法则”（原漏“的”及黑体），加粗法则内容	已修	raw第17页“相反的数的表示法则”黑体标题及着重号	b9733fc
代数1-32	代数（第一册）	第1章	17	748	标签遗漏	中	恢复例题前丢失的“【例】”标签及规范化小题间距	已修	raw第17页左挂“例”标签	b9733fc
代数1-33	代数（第一册）	第1章	17	757-768	框图失真	高	“性质符号简化法则”由单侧大括号重构为原书双分组大括号嵌底标题带框规则框	已修	raw第17页性质符号简化法则外框图	b9733fc
代数1-34	代数（第一册）	第1章	18	770-820	环境碎片化	中	习题1·5碎片化整合，规整第3题设问并分双栏排版第5题化简算式	已修	raw第18页习题1·5排版格式	b9733fc
代数1-35	代数（第一册）	第1章	19	846	字体	低	“这个数的绝对值”定义概念词恢复原书黑体重点	已修	raw第19页黑体概念词	b9733fc
代数1-36	代数（第一册）	第1章	19	850	强调格式与标点	低	“正数的绝对值就是这个正数本身…”定义整句恢复着重强调黑体，修正句末0.	已修	raw第19页原书整句下附着重号	b9733fc
代数1-37	代数（第一册）	第1章	19	854-862	公式排版	低	绝对值记号及读法说明整理为规范居中展式，理顺逻辑连接词	已修	raw第19页排版格式	b9733fc
代数1-38	代数（第一册）	第1章	20	866	漏字与强调	低	恢复“两个相反的数的绝对值是相等的”漏字“的”及着重强调黑体	已修	raw第20页“两个相反的数”及着重号	b9733fc
代数1-39	代数（第一册）	第1章	20	891	数学漏符	高	习题1·6第3(2)题漏绝对值竖线导致算式错误（|-16+|-24|），予以补正	已修	raw第20页印刷算式“|-16|+|-24|-|-30|”	b9733fc
代数1-40	代数（第一册）	第1章	20	897	符号误读	中	习题1·6第3题解法举例运算符号误识（-30误作+30），予以纠正	已修	raw第20页“|+30|”	b9733fc
代数1-41	代数（第一册）	第1章	20	870-915	环境碎片化	中	习题1·6碎片化整合为一个完整enumerate，整理双栏算式与解法举例	已修	raw第20页习题1·6完整体例	b9733fc
代数1-42	代数（第一册）	第1章	21	971-976	公式排版	低	温度比较转有理数大小算式规整为整齐居中两列展式	已修	raw第21页算式排版	b9733fc
代数1-43	代数（第一册）	第1章	21	979-981	文本乱码与强调	高	“有理数大小的规定”恢复黑体标题与强调，彻底清除“+5>-5_{+}+5>-6”等OCR乱码字符	已修	raw第21页黑体标题、着重号及算式“+5>-5, +5>-6”	b9733fc
代数1-44	代数（第一册）	第1章	21	1007-1022	框图失真	高	“有理数大小的比较法则”重构为规范带框法则框，底标法制名	已修	raw第21页有理数大小比较法则外框图	b9733fc
代数1-45	代数（第一册）	第1章	22	1032	标点排版	低	例1后“注”并入单行，与因为所以符号说明同行紧凑排布	已修	raw第22页第1行“注 记号…”	b9733fc
代数1-46	代数（第一册）	第1章	22	1054-1057	数学乱码与漏符	高	例3解题步骤中破损公式（|-4.07| > -3.56 ]）修复为|-4.07|>|-3.56|，补回遗漏的“∵”推导符号	已修	raw第22页印刷推导步骤	b9733fc
代数1-47	代数（第一册）	第1章	22-23	1075-1150	环境碎片化与文本符号	中	习题1·7增补丢失的题头，整合同一enumerate，修复textbar为绝对值竖线并表格化规整多题	已修	raw第22-23页习题1·7完整体例	b9733fc
代数1-48	代数（第一册）	第1章	26-27	1397-1410	框图失真	高	“有理数的加法法则”重构为规范带框法则框，底标法则名	已修	raw第26-27页有理数加法法则框图	c3df2e0
代数1-49	代数（第一册）	第1章	27-28	1414-1435	标点排版	低	例1、例2、例3小题排版紧凑化，修复分号句号等标点	已修	raw第27-28页例1至例3排版	c3df2e0
代数1-50	代数（第一册）	第1章	28-29	1466-1478	排版混乱	中	例4碎裂的tag公式重构为align*规范对齐连续计算链	已修	raw第28-29页例4推导步骤	c3df2e0
代数1-51	代数（第一册）	第1章	29	1485-1510	环境碎片化	中	习题1·8整合为单一完整enumerate，第2题20道子题双列tabular规整排布	已修	raw第29页习题1·8排版	c3df2e0
代数1-52	代数（第一册）	第1章	30	1608-1614	样式失真	中	恢复加法交换律定义关键语句的着重号与加粗强调	已修	raw第30页倒数第2行“加法中的两个加数…”着重号	3358544
代数1-53	代数（第一册）	第1章	31	1616-1623	框图失真	高	“加法交换律”公式重构为规范带框法则框，底标法则名	已修	raw第31页顶部加法交换律外框图	3358544
代数1-54	代数（第一册）	第1章	31	1637-1654	排版混乱	中	加法结合律引出例（2）撕裂的5段公式重构为规范align*对齐推导	已修	raw第31页加法结合律（2）推导步骤	3358544
代数1-55	代数（第一册）	第1章	31	1656-1667	框图失真	高	“加法结合律”重构为规范带框法则框，底标法则名，定义语句恢复强调	已修	raw第31页加法结合律外框图	3358544
代数1-56	代数（第一册）	第1章	31	1669	错字	高	例1题干中加数“6286”更正为“6236”，规范标点句号	已修	raw第31页例1第1行“3764+2985+6236”	3358544
代数1-57	代数（第一册）	第1章	32	1686	算式错误	高	例2解题第3步加数误植“-6 2/3”更正为“-5 2/3”，修复推导数学逻辑	已修	raw第32页例2解题第10行“[(-5 2/3)+(-1 1/3)]”	3358544
代数1-58	代数（第一册）	第1章	31-33	1671-1718	排版混乱	中	例1至例4计算过程由array/碎裂公式重构为规范align*多行对齐	已修	raw第31-33页例1至例4排版	3358544
代数1-59	代数（第一册）	第1章	33	1746	算式错误	高	习题1·9第6题第3项分母“-3 1/2”更正为“-3 1/4”，消除碎裂displaymath显示环境	已修	raw第33页习题1·9第6小题“(-3 1/4)”	3358544
代数1-60	代数（第一册）	第1章	35	1795-1801	框图失真	高	“有理数的减法法则”公式重构为规范带框法则框，底标法则名	已修	raw第35页有理数减法法则外框图	e73a1ec
代数1-61	代数（第一册）	第1章	35	1793	样式失真	中	恢复减法法则核心定义语句“减去一个数等于加上这个数的相反的数”的强调样式	已修	raw第35页第3行减法法则全句着重号	e73a1ec
代数1-62	代数（第一册）	第1章	35-36	1813-1901	排版混乱	中	例1至例3题干与解答排版规整化，多步运算推导重构为规范align*对齐环境	已修	raw第35-36页例1至例3两步计算推导	e73a1ec
代数1-63	代数（第一册）	第1章	36-37	1905-1958	环境碎片化与公式错乱	高	习题1·10重构为统一规范enumerate，修复第2题子题中全角字符与脱离数学模式问题，前12题双列tabular整齐排布	已修	raw第36-37页习题1·10体例与双列排版	e73a1ec
代数1-64	代数（第一册）	第1章	37	1897	算式错误	高	问题1【解1】算式中加数“25.8”误植，根据第一天播种“25亩3分”更正为“25.3”	已修	raw第37页“63 - (25.3 + 26.2) = 63 - 51.5 = 11.5(亩)”	746d63a
代数1-65	代数（第一册）	第1章	38	1909	样式失真	中	恢复减法去括号性质语句“从一个数减去两个数的和，与从这个数里连续减去这两个数的结果是一样的”强调样式	已修	raw第38页第1-3行着重号	746d63a
代数1-66	代数（第一册）	第1章	38	1933-1941	框图失真	高	“去括号法则”公式重构为规范自适应带框法则框，底标法则名	已修	raw第38页去括号法则外框图	746d63a
代数1-67	代数（第一册）	第1章	38-39	1911-1969	排版混乱	中	问题2、例1、例2多步运算推导重构为规范align*对齐环境，忠实恢复例2题干项正号体例	已修	raw第38-39页问题2与例1、例2排版	746d63a
代数1-68	代数（第一册）	第1章	39	1975-1984	环境碎片化	中	习题1·11重构为统一规范enumerate，规范题末分号与句号	已修	raw第39页习题1·11完整体例	746d63a
代数1-69	代数（第一册）	第1章	40	2002	样式失真	中	恢复代数和核心定义语句“表示几个正数、负数或者零相加所得的和叫做这几个数的代数和”强调样式	已修	raw第40页代数和正式定义全句着重号	76570c1
代数1-70	代数（第一册）	第1章	40-41	1995-2022	排版混乱	中	代数和转加法与例题多步运算推导由碎裂公式重构为规范align*对齐环境	已修	raw第40-41页例题推导步骤	76570c1
代数1-71	代数（第一册）	第1章	41	2035	算式错误	高	习题1·12第5题运算符号误植（中括号内末项“-1 1/6”误植为减号），根据巧算结构与书后答案更正为“+1 1/6”	已修	raw第41页印刷符号“+1\frac{1}{6}”，核算与书后答案一致（答案为-1）	76570c1
代数1-72	代数（第一册）	第1章	41	2030-2041	环境碎片化与脱离数学模式	高	习题1·12重构为统一规范enumerate，修复第2、3、4、7、9题算式脱离数学模式的文本问题，统一标点	已修	raw第41页习题1·12完整体例	76570c1
代数1-73	代数（第一册）	第1章	42-44	2089-2274	样式失真	中	恢复问题2至5方向与时间关键词（“从西向东”、“从东向西”、“午后”、“午前”）的强调样式	已修	raw第42-44页问题2至5下着重号	970c935
代数1-74	代数（第一册）	第1章	45	2339-2364	框图失真	高	“有理数的乘法法则”与“有理数乘法的符号法则”重构为规范带框法则框，恢复符号口诀强调	已修	raw第45页两处乘法法则外框图及口诀着重号	970c935
代数1-75	代数（第一册）	第1章	46-47	2366-2415	排版混乱与环境碎片化	中	例1小题规范双列排布；规范小节标题“习题1·13（1）”，前12题双列表格化排布，混合运算规整为统一enumerate	已修	raw第46-47页例1与习题1·13(1)体例，书后答案标名	970c935
代数1-76	代数（第一册）	第1章	47-48	2435-2444	框图失真	高	“三个或者更多个有理数的乘法法则”重构为规范带框法则框，恢复“定正负符号”“定绝对值”强调	已修	raw第47页法则外框图及下着重号	970c935
代数1-77	代数（第一册）	第1章	47-48	2448	题目错误	高	例3(1)题干第三项误植为“-3”导致5个负号与“四个负号积为正”相矛盾，根据解答推导算式与逻辑更正为“+3”	已修	raw第47-48页例3解答印刷字“(+3)”及说明“这里有四个负号，积是正的”	970c935
代数1-78	代数（第一册）	第1章	48	2485-2500	环境碎片化与语法脱漏	高	恢复缺失的小节标题“习题1·13（2）”，全组10题整合为规范enumerate，修复第10题末项算式脱漏在环境外的严重语法破损	已修	raw第48页题目标题黑块“习题1·13(2)”及完整题例，书后答案标名	970c935
代数1-79	代数（第一册）	第1章	49-50	2522-2578	样式失真	中	恢复乘法交换律、乘法结合律与乘法分配律核心定义语句的强调样式	已修	raw第49-50页三处运算性质全句着重号	a9b3dcc
代数1-80	代数（第一册）	第1章	50	2582-2595	框图失真	高	“乘法运算的性质”综合三律重构为规范双列带框法则框，底标性质名	已修	raw第50页乘法运算性质综合外框图	a9b3dcc
代数1-81	代数（第一册）	第1章	50-51	2599-2646	排版混乱	中	例1至例3运算推导由碎裂公式重构为规范align*等号对齐环境	已修	raw第50-51页例1至例3分步推导	a9b3dcc
代数1-82	代数（第一册）	第1章	51	2659	算式错误	高	习题1·14第8题末项因数运算符号误植（原印“(-60)”为减号），对照印刷放大字“(+60)”及书后答案“-43”更正为正号	已修	raw第51页印刷算式“\times (+60)”，核算与书后答案一致（答案为-43）	a9b3dcc
代数1-83	代数（第一册）	第1章	51	2651-2660	环境碎片化与语法脱漏	高	习题1·14重构为统一规范enumerate，修复第7题后半段算式脱漏在环境外的严重语法破损	已修	raw第51页习题1·14完整体例	a9b3dcc
代数1-84	代数（第一册）	第1章	52-53	2710-2720	框图失真与样式	高	“有理数的除法法则”重构为规范带框法则框，恢复商符号口诀及“零不能做除数”重点强调	已修	raw第52-53页除法法则外框图、口诀着重号及黑体重点提示	72d4276
代数1-85	代数（第一册）	第1章	53	2735	符号误读	高	例1(5)解题算式符号误识（“\div (11/3 \div 11/2)”误多出除号），纠正为正号“+(11/3 \div 11/2)”	已修	raw第53页例1(5)解题印刷符号“= +(\frac{11}{3} \div \frac{11}{2})”	72d4276
代数1-86	代数（第一册）	第1章	53-54	2725-2758	排版混乱	中	例1题干双列表格化排布，例1与例2解答多步推导重构为规范双列及等号对齐环境	已修	raw第53-54页例1与例2排版体例	72d4276
代数1-87	代数（第一册）	第1章	55	2780	算式错误	高	习题1·15第16题分子前误多出负号（“- 1/(-0.3)”），导致结果符号反转，对照原书及答案“-3 1/3”更正为“1/(-0.3)”	已修	raw第55页印刷算式及第290页答案“-3\frac{1}{3}”	72d4276
代数1-88	代数（第一册）	第1章	54-55	2765-2785	环境碎片化与题号错乱	高	习题1·15由十余个碎片enumerate重构为统一规范enumerate，彻底纠正由于OCR双列交错转录导致的严重题号乱序	已修	raw第54-55页习题1·15完整双列20题体例	72d4276
代数1-89	代数（第一册）	第1章	290	17240	字符乱码	中	书后习题答案第16题严重OCR识别乱码（“-\frac{3\frac{1}{2}}{3}”），对照印刷页还原为“-3\frac{1}{3}”	已修	raw第290页习题1·15第16题答案印刷字“-3\frac{1}{3}”	72d4276
代数1-90	代数（第一册）	第1章	55	2793	样式失真	中	恢复倒数核心定义语句“如果有两个数的乘积等于1，那末它们叫做互为倒数”强调样式	已修	raw第55页倒数定义全句着重号	e2a1969
代数1-91	代数（第一册）	第1章	56	2815-2822	排版混乱与环境碎片化	中	规范习题1·16全半角标点与中文引号，修复第7题(1)与(2)脱漏在enumerate外的语法严重破损并双列规整	已修	raw第56页习题1·16完整体例	e2a1969
代数1-92	代数（第一册）	第1章	58	2925	样式失真	中	恢复乘方、幂、底数、指数核心概念词汇的黑体重点强调样式	已修	raw第58页第1-3行概念定义黑体字	3004f5a
代数1-93	代数（第一册）	第1章	58	2960-2970	框图失真	高	“乘方的运算法则”重构为规范带框法则框，底标法则名	已修	raw第58页乘方的运算法则外框图	3004f5a
代数1-94	代数（第一册）	第1章	58-60	2935-3060	排版混乱	中	例1运算分步对齐，例3题干表格化三列排布、解答双列排布，规范引号与标点	已修	raw第58-60页例1至例5排版体例	3004f5a
代数1-95	代数（第一册）	第1章	60	3073	算式错误	高	习题1·17第1(2)题指数字母OCR误植（“(-2)^n”误把数字5识为字母n），对照印刷页“(-2)^5”更正为数字指数	已修	raw第60页习题1·17第1题第(2)小题印刷式“(-2)^5”及题意“算出结果”	3004f5a
代数1-96	代数（第一册）	第1章	60	3065-3140	环境碎片化与标题缺失	高	补全恢复缺失的小节标题“习题1·17”，全组6大题小题表格化4列/双列紧凑规整，消除百余行碎片enumerate	已修	raw第60页题目标题黑块“习题1·17”及完整题例	3004f5a
代数1-97	代数（第一册）	第1章	61-62	3074	样式失真	中	恢复有效数字、科学记数法核心概念术语段首黑体强调样式	已修	raw第61页及第65页黑体概念标题	f105ffc
代数1-98	代数（第一册）	第1章	62-64	3132-3217	文字被截断与字符误插	高	例1查表(4)中“修正值”被平方表格从中间粗暴截断并误插“修平方表”字样，理顺查表步骤至表格前完整闭合	已修	raw第62-64页例1跨页完整查表步骤与“修正值”原文	f105ffc
代数1-99	代数（第一册）	第1章	64	3220-3245	排版混乱	中	例2与例3分步推导重构为规范align*等号对齐环境	已修	raw第64页例2与例3排版体例	f105ffc
代数1-100	代数（第一册）	第1章	65	3265-3320	环境碎片化	中	习题1·18由8个碎片enumerate重构为统一规范enumerate，第1题双列表格化排布，消除跨页断词	已修	raw第65页习题1·18完整体例	f105ffc
代数1-101	代数（第一册）	第1章	66	3299	样式失真	中	恢复第一级、第二级、第三级运算定义语句段首黑体强调样式	已修	raw第66页前两行着重号/黑体重点	
代数1-102	代数（第一册）	第1章	66	3305-3315	框图失真	高	“有理数的运算顺序”重构为规范带框法则框，底标法则名	已修	raw第66页有理数运算顺序外框图	
代数1-103	代数（第一册）	第1章	66-67	3320-3350	排版混乱	中	例1至例3分步推导重构为规范align*等号对齐环境，消除例2第二行Overfull溢出	已修	raw第66-67页例1至例3分步解答	
代数1-104	代数（第一册）	第1章	67	3358	算式错误	高	习题1·19第1题运算符号严重OCR误植（“(-5) \times (-4) \div 3”误把加号识为除号），对照印刷页放大字及答案“14”更正为加号	已修	raw第67页印刷算式“(-5)\times(-4)+3\times(-2)”及第290页答案“14”	
代数1-105	代数（第一册）	第1章	67	3366	算式错误	高	习题1·19第9题第三项运算符号严重OCR误植（“\div 3 \times (-1/2)”误把加号识为除号），对照印刷页放大字及答案“-3 1/2”更正为加号	已修	raw第67页印刷算式“+3\times(-\frac{1}{2})”及第290页答案“-3\frac{1}{2}”	
代数1-106	代数（第一册）	第1章	67	3355-3370	环境碎片化	中	习题1·19整合为规范统一enumerate，规范题末分号与句号	已修	raw第67页习题1·19完整体例	
物理3-1	物理（第三册）	第1章	36	1901-1925	图拓扑	中	图1.23 TikZ 仅5条竖直平行电力线，缺印刷页平行板体、+/- 电荷标与两侧边缘弯曲电力线	已修	raw PDF p39=印刷·36·；fig-p0039-01；对照扫描裁切亦有边缘弯曲与+/-；B01a 已按 raw 重画 TikZ	5b6f8d0
物理3-2	物理（第三册）	第2章	108	6509-6550	缺标	中	图2.8 双量程安培表 TikZ 仅外形框+弧+指针+A，缺印刷页底部三个接线柱（双量程关键拓扑）	已修	raw PDF p111=印刷·108·；fig-p0111-01；B01a 已按 raw 重画 TikZ	5b6f8d0
物理3-3	物理（第三册）	第2章	109	6687-6718	缺标	中	图2.10 双量程伏特表 TikZ 同图2.8 过度简化，缺印刷页接线柱等仪表拓扑细节	已修	raw PDF p112=印刷·109·；fig-p0112-05；B01a 已按 raw 重画 TikZ	5b6f8d0
物理3-4	物理（第三册）	第2章	119	7441-7448	图题OCR	高	图2.14 题文OCR「沪岛」→「滑动」已改正文 caption；TikZ 缺 A/B/C/D 接线柱与滑片标仍待修图批	已修	raw PDF p122=印刷·119·；fig-p0122-01；已改 L7448 caption；拓扑另批	24b8411
物理3-5	物理（第三册）	第2章	119	7550-7612	图拓扑	高	图2.15 转柄变阻器 TikZ 画成圆盘触点，印刷页为矩形框架+一排螺旋电阻线+触钉+转柄 T，且有 A/B/T 标	已修	raw PDF p122=印刷·119·；fig-p0122-02；B01a 已按 raw 重画 TikZ	5b6f8d0
物理3-6	物理（第三册）	第2章	121	7678-7718	图拓扑	中	图2.18 旋键式电阻箱 TikZ 顶面仅4个旋钮圆，印刷页为5个旋钮呈梯形排布，另有侧面两接线柱	已修	raw PDF p124=印刷·121·；fig-p0124-01；B01a 已按 raw 重画 TikZ	5b6f8d0
物理3-7	物理（第三册）	第2章	108	6483	内容疑误	高	微安表符号误作 \(\mu \Delta\)，已改正文为 \(\mu\mathrm{A}\)（对照印刷与物理惯例）	已修	raw PDF p111=印刷·108·；已改 L6483；图2.8 语境相邻	24b8411
物理3-8	物理（第三册）	第3章	242	17018-17051	图拓扑	低	图3.51 质谱仪：TikZ 有磁场轨迹斜下；需再核印刷页偏转方向、B/S 标与「电压差U/照相底片」等用词是否一致	已修	raw PDF p245=印刷·242·；fig-p0245-01；B01b 已按 raw 重画 TikZ（电压差U、照相底片、S/B、虚线无磁场束、偏转向下）	1360f8f
物理3-9	物理（第三册）	第4章	260	19028-19034	图拓扑	高	图4.2 TikZ 仅三椭圆+方块+箭头，缺印刷页铁架台、固定磁铁、上移螺线管、电流表及偏转指针等完整实验装置	已修	raw PDF p263=印刷·260·；fig-p0263-03；B01b 已按 raw 重画 TikZ（铁架台、固定磁铁、下移螺线管、电流表左偏）	1360f8f
物理3-10	物理（第三册）	第4章	286	21121-21126	图拓扑	中	图4.21 双线绕法 TikZ 仅两条水平线圈装饰线，缺印刷页线轴/骨架上双线并绕及引出线拓扑	已修	raw PDF p289=印刷·286·；fig-p0289-03；B01b 已按 raw 重画 TikZ（线轴双线并绕及引出线）	1360f8f
物理3-11	物理（第三册）	第4章	293	21457,21511	错标	高	图4.24 电力网示意图升压侧电压 TikZ「10000伏」→「10500伏」已改（对照印刷）；其余电压标注大体同	已修	raw PDF p296=印刷·293·；fig-p0296-01；已改 L21457 node	24b8411
物理3-12	物理（第三册）	第1章	90	5279-5319	图拓扑	中	图1.61 各种电容器 TikZ 原过简缺印刷页三组「符号」及(d)顶接线柱/(e)底引出/(f)交错动片等外形拓扑	已修	raw PDF p93=印刷·90·；fig-p0093-03/05；B02 已按 raw 重画 TikZ	3e2a626
物理3-13	物理（第三册）	第2章	127	8058-8094	图拓扑	高	图2.20 TikZ 原漏斗+残缺电路，缺印刷页煤油瓶R1/R2、电池组、电键、安培表、变阻器及(b)(c)电路拓扑	已修	raw PDF p130=印刷·127·；fig-p0130-02；B02 已按 raw 重画 TikZ	3e2a626
物理3-14	物理（第三册）	第2章	127	8093-8103	图题OCR/内容疑误	高	图2.20 caption「电阻丝热效应实验」→「研究电流产生的热量」；正文「扭手用」→「瓶塞上」；焦耳定律提示框并入段落且公式误作0.24R²Rt→0.24I²Rt	已修	raw PDF p130=印刷·127·；对照印刷提示框与图题；B02 已改正文	3e2a626
物理3-15	物理（第三册）	第2章	184	12076-12088	图拓扑	高	图2.58 弧光灯 TikZ 仅两短棒+弧，缺印刷页底座立柱、齿轮/弧齿手动调节器与上下碳棒夹具	已修	raw PDF p187=印刷·184·；fig-p0187-01；B02 已按 raw 重画 TikZ	3e2a626
物理3-16	物理（第三册）	第3章	200	13542-13553	图拓扑	高	图3.1 天然磁体 TikZ 误作条形N–S，印刷为不规则磁铁矿吸铁屑/针簇	已修	raw PDF p203=印刷·200·；fig-p0203-01；B02 已按 raw 重画 TikZ	3e2a626
物理3-17	物理（第三册）	第3章	200	13555-13569	图拓扑	中	图3.2 永磁体形状 TikZ 缺半黑半白极面，外形组合与印刷条/针/蹄/棒不符	已修	raw PDF p203=印刷·200·；fig-p0203-02；B02 已按 raw 重画 TikZ	3e2a626
物理3-18	物理（第三册）	第3章	205	13974-13985	图题OCR/图拓扑	高	图3.12 caption OCR「李其磁体周围向磁力线」→「条形磁体周围的磁力线」；TikZ 径向射线改为N→S弧形磁力线	已修	raw PDF p208=印刷·205·；fig-p0208-02；B02 已改 caption+TikZ	3e2a626
物理3-19	物理（第三册）	第3章	229	16294-16352	错标	中	图3.39 灵敏电流表软铁柱标E→K、刻度盘标B→G（对照印刷）	已修	raw PDF p232=印刷·229·；fig-p0232-02；B02 已改 node	3e2a626
物理3-20	物理（第三册）	第3章	251	17857-17867	图拓扑	高	复习题三第5题(d) TikZ 为椭圆+方块占位，缺印刷页凹面磁极、倾斜线圈与F1/F2力偶	已修	raw PDF p254=印刷·251·；fig-p0254-04；B02 已按 raw 重画 TikZ	3e2a626
物理3-21	物理（第三册）	第3章	251	17874	内容疑误	高	复习题三第6题「OA=20B」→「OA=2OB」（对照印刷与相邻 fig-alt）	已修	raw PDF p254=印刷·251·；B02 已改正文	3e2a626
物理3-22	物理（第三册）	第4章	299	22465-22477	图拓扑	高	图4.26 涡电流实验 TikZ 原仅圆+上下N/S，缺印刷页电磁铁两极间金属摆、涡流虚线回路I与摆动箭	已修	raw PDF p302=印刷·299·；fig-p0302-01；B03 已按 raw 重画 TikZ	e0566e4
物理3-23	物理（第三册）	第4章	299	22482-22490	图题OCR/图拓扑	高	图4.27 caption OCR「达制」→「叠制」；TikZ 原仅竖条，缺线圈～/i、顶面B箭及片内涡流示意	已修	raw PDF p302=印刷·299·；fig-p0302-02；B03 已改 caption+TikZ	e0566e4
物理3-24	物理（第三册）	第5章	325	24560-24620	图拓扑	中	图5.6 旋转磁极式发电机印刷为四凸极转子，TikZ 原近两极简化	已修	raw PDF p328=印刷·325·；fig-p0328-02；B03 已按 raw 重画为四极	e0566e4
物理3-25	物理（第三册）	第5章	329	25106-25116	图拓扑	高	图5.13 直流发电机转子 TikZ 原圆+辐条，缺轴上换向器分片与电枢铁心/端绕组拓扑	已修	raw PDF p332=印刷·329·；fig-p0332-05；B03 已按 raw 重画 TikZ	e0566e4
物理3-26	物理（第三册）	第6章	418	30473-30504	图拓扑	中	图6.43 真空二极管 (a)(b) 过简，缺管泡底座管脚与阳极筒/管脚标注拓扑	已修	raw PDF p421=印刷·418·；fig-p0421-01/02；B03 已按 raw 重画 TikZ	e0566e4
物理3-27	物理（第三册）	第6章	418	30507-30532	图拓扑	中	图6.44 旁热式阴极 (a) 原方框双竖线，缺圆筒阴极套内折线灯丝构造	已修	raw PDF p421=印刷·418·；fig-p0421-04；B03 已按 raw 重画 TikZ	e0566e4
物理3-28	物理（第三册）	第6章	419	30570-30593	图拓扑	高	图6.46(a) 三极管结构原圆内虚线占位，缺阳极/栅极螺旋/阴极/灯丝立体与栅极放大插图	已修	raw PDF p422=印刷·419·；fig-p0422-03；B03 已按 raw 重画 TikZ	e0566e4
物理3-29	物理（第三册）	第7章	456	32095-32125	图拓扑	中	图7.25 TikZ 自造放大镜网点；印刷为发射铁塔网纹照片，改为格构铁塔示意图	已修	raw PDF p459=印刷·456·；fig-p0459-01；B03 已按 assets/raw 重画 TikZ	e0566e4
物理3-30	物理（第三册）	第1章	37	1971	错标	低	习题1.5第3题(a) caption 误作「(4)」→「(a)」	已修	raw PDF p40=印刷·37·；fig-p0040-01；B04 已改	6ed3fc3
物理3-31	物理（第三册）	第1章	38	2026-2075	图拓扑	中	图1.24 多标B；PMNL 应为虚线矩形；θ 应在PL与PN之间	已修	raw PDF p41=印刷·38·；fig-p0041-01；B04 已按 raw 重画 TikZ	6ed3fc3
物理3-32	物理（第三册）	第2章	120	7688-7707	图拓扑	高	图2.17 电阻箱 TikZ 缺箱体插塞外形与铜块排/插拔/电流箭结构示意	已修	raw PDF p123=印刷·120·；fig-p0123-02；B04 已按 raw 重画 TikZ	6ed3fc3
物理3-33	物理（第三册）	第2章	122	7906	图题OCR	高	图2.19 caption OCR「源分电路」→「部分电路」	已修	raw PDF p125=印刷·122·；B04 已改 caption	6ed3fc3
物理3-34	物理（第三册）	第6章	374	28161-28182	缺标	中	图6.8 N型简化缺 ⊕ 五价杂质离子与图例（自由电子）	已修	raw PDF p377=印刷·374·；fig-p0377-02；B04 已补	6ed3fc3
物理3-35	物理（第三册）	第6章	399	29671-29719	错标/图拓扑	高	图6.31(c) PNP 发射极箭向外≠印刷指向基极；缺(b)集电/基/发射区与结标注	已修	raw PDF p402=印刷·399·；fig-p0402；B04 已改	6ed3fc3
物理3-36	物理（第三册）	第7章	436	31342-31355	图拓扑	高	图7.8 缺正交 E/B 正弦波示意（原过简）	已修	raw PDF p439=印刷·436·；fig-p0439-02；B04 已按 raw 重画 TikZ	6ed3fc3
物理3-37	物理（第三册）	第7章	436	31366	内容疑误	高	电磁波真空波速误作 \(3.00\times10^{6}\) 米/秒 → \(10^{8}\)（对照同页叙述与印刷）	已修	raw PDF p439=印刷·436·；邻接图7.8；B04 已改正文	6ed3fc3
物理3-38	物理（第三册）	第1章	4	241-254	错标	中	图1.3 图例 OCR「② 质子」→「⊕ 质子」	已修	raw PDF p7=印刷·4·；fig-p0007-01；B05 已改	fff506f
物理3-39	物理（第三册）	第1章	7	269-328	图题OCR/正文OCR	高	图1.4 图例「③ 正离子」→「⊕」；邻接「半周地」→「牢固地」、「束缠」→「束缚」；图前后并段清理	已修	raw PDF p10=印刷·7·；fig-p0010-01；B05 已改	fff506f
物理3-40	物理（第三册）	第1章	10	486-514	图拓扑	高	图1.6 缺感应棒+、顶板−、箔叶+ 电荷拓扑（原过简）	已修	raw PDF p13=印刷·10·；fig-p0013；B05 已按 raw 重画	fff506f
物理3-41	物理（第三册）	第1章	33	1735-1750	图拓扑	中	图1.20 电力线 8 辐→印刷约 12 辐	已修	raw PDF p36=印刷·33·；B05 已改	fff506f
物理3-42	物理（第三册）	第1章	34	1765-1778	图拓扑	中	图1.21 电力线 8 辐→印刷约 12 辐（向内）	已修	raw PDF p37=印刷·34·；B05 已改	fff506f
物理3-43	物理（第三册）	第1章	35	1787-1879	图题OCR	中	图1.22 caption 仅 (a)，(b) 落在 emph → 合并入 caption	已修	raw PDF p38=印刷·35·；B05 已改	fff506f
物理3-44	物理（第三册）	第3章	204	14148-14193	缺标/图题OCR	高	图3.10 缺沿线小磁针；caption「分布」→「不同」	已修	raw PDF p207=印刷·204·；fig-p0207-01；B05 已补针改 caption	fff506f
物理3-45	物理（第三册）	第3章	206	14260-14290	图拓扑	高	图3.13 同号极间误连成异号样，应相斥外凸中性区	已修	raw PDF p209=印刷·206·；B05 已重画	fff506f
物理3-46	物理（第三册）	第3章	208	14630-14647	图拓扑	中	图3.16 缺铁屑同心圆点阵（电流向上与印刷一致）	已修	raw PDF p211=印刷·208·；B05 已补铁屑点	fff506f
物理3-47	物理（第三册）	第3章	209	14681-14729	图拓扑/缺标	高	图3.18 拇指向左≠印刷向右；缺「磁力线方向」标	已修	raw PDF p212=印刷·209·；fig-p0212-01；B05 已镜像并补标	fff506f
物理3-48	物理（第三册）	第3章	215	15403	正文OCR	中	邻接图3.27：「如图3.276」→「3.27b」；「方向也要改变（向下）」去掉误括号	已修	raw PDF p218=印刷·215·；B05 已改正文	fff506f
物理3-49	物理（第三册）	第1章	49	2755-2773	缺标	中	图1.32 缺 AB 间距尺寸线；E 宜标为向量	已修	raw PDF p52=印刷·49·；fig-p0052-01；B06 已补	3c769fb
物理3-50	物理（第三册）	第1章	52	2953-2979	错标	高	图1.35 等势面标 OCR 乱序「U1,U6,…,U1」→印刷「U7…U1」（沿场强递减）	已修	raw PDF p55=印刷·52·；fig-p0055-01；B06 已改	3c769fb
物理3-51	物理（第三册）	第1章	55	3181-3200	缺标/图拓扑	中	图1.37 质子缺 +q/+；A 板未示小孔	已修	raw PDF p58=印刷·55·；fig-p0058-01；B06 已补	3c769fb
物理3-52	物理（第三册）	第1章	56	3234-3282	错标	中	图1.38 坐标 X/Y→x/y；下板短划→−；出口水平分速 v0→vx；补原点 O	已修	raw PDF p59=印刷·56·；fig-p0059-01；B06 已改	3c769fb
物理3-53	物理（第三册）	第1章	61	3507-3558	图拓扑	高	图1.42 密立根过简：缺喷雾器/A 孔/电池与接地/显微镜姿态	已修	raw PDF p64=印刷·61·；fig-p0064-01；B06 已按 raw 重画	3c769fb
物理3-54	物理（第三册）	第1章	67	3847-3889	图拓扑	中	图1.44 绝缘支座剖面线仅颈柱、底座空 → 支座整体剖面线	已修	raw PDF p70=印刷·67·；fig-p0070-01；B06 已改	3c769fb
物理3-55	物理（第三册）	第1章	63	3710-3721	图拓扑/错标	中	习题1.7(第5题) 波形缺回落后续；纵轴 U→u；t 轴宜虚线	已修	raw PDF p66=印刷·63·；fig-p0066-02；B06 已改	3c769fb
物理3-56	物理（第三册）	第1章	63	3649	正文OCR	中	习题1.7第4题「飞向三根」→「飞向阳极」；「小孔内后」→「小孔后再」	已修	raw PDF p66=印刷·63·；邻接第4题附图；B06 已改正文	3c769fb
物理3-57	物理（第三册）	第1章	74	4360-4398	图拓扑	中	图1.51 空筒缺同高液面与刻度（电容类比）	已修	raw PDF p77=印刷·74·；fig-p0077-01；B07 已补液面/刻度/底座	73fe66f
物理3-58	物理（第三册）	第1章	77	4471-4518	缺标	中	图1.52 B 板缺负号（印刷内侧有 −）	已修	raw PDF p80=印刷·77·；fig-p0080-01；B07 已补	73fe66f
物理3-59	物理（第三册）	第1章	78	4524-4605	图拓扑/缺标	高	图1.53 过简：缺底座导轨、静电计 Z/D/M/刻度与接地连线	已修	raw PDF p81=印刷·78·；fig-p0081-01；B07 已按 raw 重画	73fe66f
物理3-60	物理（第三册）	第1章	87	5140-5225	图拓扑/图题OCR	高	图1.59 叠片未分奇偶汇流；caption「荷守」→「多片电容器并联」	已修	raw PDF p90=印刷·87·；fig-p0090-01；B07 已改拓扑与 caption	73fe66f
物理3-61	物理（第三册）	第2章	103	6205	图题OCR	高	图2.2 caption「瞬时电发」→「瞬时电流」	已修	raw PDF p106=印刷·103·；B07 已改	73fe66f
物理3-62	物理（第三册）	第2章	102	6155-6180	缺标	低	图2.1 极板标 A/B 原在下方 → 改到板上方（对照印刷）	已修	raw PDF p105=印刷·102·；B07 已改	73fe66f
物理3-63	物理（第三册）	第2章	106	6418	正文OCR	中	图2.5 邻接说明「短电线表示负极」→「短粗线表示负极」	已修	raw PDF p109=印刷·106·；邻接图2.5；B07 已改	73fe66f
物理3-64	物理（第三册）	第2章	113	7396-7442	图拓扑/缺标	高	图2.13 仪表缺圆内 A/V、伏特表未明确并接 PQ、电池组示意过简	已修	raw PDF p116=印刷·113·；B08 已按 raw 重画	6008aca
物理3-65	物理（第三册）	第2章	130	8470-8525	错标	中	图2.21 电压 U1/U2/U 宜双向尺寸箭，虚降线勿另加向下箭	已修	raw PDF p133=印刷·130·；fig-p0133-01；B08 已改	6008aca
物理3-66	物理（第三册）	第2章	132	8603-8652	错标	中	图2.22 总压 U 宜双向尺寸箭	已修	raw PDF p135=印刷·132·；fig-p0135-01；B08 已改	6008aca
物理3-67	物理（第三册）	第2章	146	9795-9894	图拓扑/错标	高	图2.35 力标误作 Fd/Fm，宜 F化/F电；各态电荷与相对箭长对照印刷	已修	raw PDF p149=印刷·146·；B08 已按 raw 重画	6008aca
物理3-68	物理（第三册）	第2章	165	11074-11125	错标	中	图2.47 电压 U 示意宜双向箭（跨并联段）	已修	raw PDF p169=印刷·165·；B08 已改	6008aca
物理3-69	物理（第三册）	第2章	176	11980-12009	图拓扑/缺标	高	图2.54 缺电键 K、电池正负与灯 L 完整外电路	已修	raw PDF p179=印刷·176·；fig-p0179-01；B08 已补	6008aca
物理3-70	物理（第三册）	第2章	176	12022-12063	图拓扑/缺标	高	图2.55 离子导电 TikZ 过简：缺电极±、Na+/Cl−定向箭、E、电池B与检流计G	已修	raw PDF p179=印刷·176·；fig-p0179；B09 已按 raw 重画	d741316
物理3-71	物理（第三册）	第2章	177	12078-12110	图拓扑/正文OCR	高	图2.56 缺气泡/离子箭/电极±；正文「阳极板（1）」「氧原子」「移向阴极板（A）」等 OCR	已修	raw PDF p180=印刷·177·；B09 已重画 TikZ 并改正文为阳极板（A）/氢原子/移向阳极板（A）	d741316
物理3-72	物理（第三册）	第2章	180	12338	正文OCR	中	邻接图2.57：「气体的被激励电气体」→「气体的被激导电。气体…」	已修	raw PDF p183=印刷·180·；B09 已改正文	d741316
物理3-73	物理（第三册）	第2章	184	12408-12435	图题OCR/图拓扑	高	图2.59 caption「钢薄」→「稀薄」；TikZ 补电极/辉光示意/抽气支管与高压电源±	已修	raw PDF p187=印刷·184·；fig-p0187-02；B09 已改	d741316
物理3-74	物理（第三册）	第2章	189	12664-12687	缺标	中	图2.60 反接回路缺顺时针电流 I 箭（左↑右↓）	已修	raw PDF p192=印刷·189·；fig-p0192-01；B09 已补 I 箭	d741316
物理3-75	物理（第三册）	第3章	201	13993	图题OCR	低	图3.3 caption「磁极」→「磁性」	已修	raw PDF p204=印刷·201·；B09 已改	d741316
物理3-76	物理（第三册）	第3章	201	14121	图题OCR	低	图3.6 caption「独立」→「孤立」	已修	raw PDF p204=印刷·201·；B09 已改	d741316
物理3-77	物理（第三册）	第3章	203	14232-14280	图题OCR/图拓扑	高	图3.9 caption「磁电」→「磁性」；TikZ 过简，宜电表/扬声器/显像管三应用并标「磁体」	已修	raw PDF p206=印刷·203·；fig-p0206-01；B09 已重画	d741316
物理3-78	物理（第三册）	第3章	209	14883-14915	图题OCR/图拓扑	高	图3.19 caption「对形…」→「环形电流的磁场中的磁力线」；TikZ 补板上磁力线/铁屑示意	已修	raw PDF p212=印刷·209·；fig-p0212-02；B09 已改	d741316
物理3-79	物理（第三册）	第3章	209	14830	正文OCR	高	邻接图3.18前：「磁场着电流前进的方向」等断句/并段 →「磁场较弱。如果我们的眼睛沿着电流前进的方向看去…」	已修	b72c161	
物理3-80	物理（第三册）	第3章	209	14883	正文OCR	高	图3.18后侧栏「安培定则（一）」并入正文且「方勾」等错；改为 shulihuadef 定义框+「如图3.18所示」	已修	b72c161	
物理3-81	物理（第三册）	第3章	211	15077	正文OCR	高	图3.23前侧栏「安培定则（二）」并入「象条形磁体」句；拆回正文并补 shulihuadef	已修	b72c161	
物理3-82	物理（第三册）	第3章	212	15278	正文OCR	低	邻接图3.26：「山图可以看出」→「从图可以看出」	已修	b72c161	
物理3-83	物理（第三册）	第3章	210	15020-15035	图拓扑	中	图3.22(a) 缺纸板铁屑与支垫示意	已修	b72c161	
物理3-84	物理（第三册）	第3章	210	15038-15072	图拓扑	高	图3.22(b) 印刷有右手握螺线管（拇指向左N），TikZ 仅场线缺手	已修	b72c161	
物理3-85	物理（第三册）	第3章	212	15188-15199	图拓扑	低	图3.25 磁轴宜虚线（对照印刷）	已修	b72c161	
物理3-86	物理（第三册）	第3章	215	15515	正文OCR	中	§3.3 开头「远电导体」→「通电导体」	已修	e225ea2
物理3-87	物理（第三册）	第3章	238	17450-17474	正文OCR	高	邻接图3.47–3.48：F=BIl 误作 f；「代去」缺 B；v 误作 r；F=NqvB 乱码；「如图3.18」→「3.48」	已修	e225ea2
物理3-88	物理（第三册）	第3章	237	17320-17404	图拓扑	高	图3.46(b)(c) 磁极/束弯与印刷不符：宜(b)上S下N束上弯、(c)上N下S束下弯，左手拇指随 F	已修	e225ea2
物理3-89	物理（第三册）	第3章	238	17420-17450	缺标	中	图3.47 缺 MN 段长度标 l	已修	e225ea2
物理3-90	物理（第三册）	第3章	240	17620-17657	正文OCR	高	例2：q 10^{-11}→10^{-19}；m 10^{27}→10^{-27}；B-2.6→B=；（I）→（1）；解 f=qvB−→=	已修	e225ea2
物理3-91	物理（第三册）	第3章	240	17627-17650	图拓扑	低	图3.50 半径 r 宜虚线（对照印刷）	已修	e225ea2
物理3-92	物理（第三册）	第4章	274	21048-21055	正文OCR	高	邻接图4.13后：shulihuadef 提示框打断「就相当于电池的内电路」；接回连续正文并将提示框移到开路句后	已修	04bc02e
物理3-93	物理（第三册）	第4章	274	21051	正文OCR	高	开路感生电动势公式「ε − U_B − U_A」→「ε = U_B − U_A」（对照印刷等号）	已修	04bc02e
物理3-94	物理（第三册）	第4章	274	21076	正文OCR	中	「电电势落 Ir」→「电势降落 Ir」（对照同段「电势降落/电势跃升」）	已修	04bc02e
物理3-95	物理（第三册）	第5章	325	24880-24938	正文OCR	高	邻接图5.6：「因而可以输出较高的交」与后页「变电动势…火花」被图打断；接回完整句并将图置于整句后	已修	7861d30
物理3-96	物理（第三册）	第5章	326	24956	正文OCR	高	三相电动势第三式「e_0=e_m sin(ωt+120°)」→「e_C=ε_m sin(ωt+120°)」	已修	7861d30
物理3-97	物理（第三册）	第5章	326-327	24970-25015	图位/正文	高	图5.7 误插在「定子是电枢，它／上面装有」之间；移到「如图5.7所示」之后并接回「它上面装有」	已修	7861d30
物理3-98	物理（第三册）	第5章	327	25018-25019	正文OCR	高	「校正弧规律」→「按正弦规律」；「完全同向」→「完全相同」；「三程交流电」→「三相交流电」；「峰值，频率」→「峰值、频率」	已修	7861d30
物理3-99	物理（第三册）	第5章	327	25027-25096	图拓扑	中	图5.8 绕组末端 X/Y/Z 引出线印刷为虚线（A/B/C 实线），TikZ 原全实线	已修	7861d30
物理3-100	物理（第三册）	第5章	325	24935-24938	图题OCR	低	图5.6 caption「交流发电机构造」→「发电机的构造」；副题「（a）转子」→「（a）外形」	已修	7861d30
物理3-101	物理（第三册）	第5章	339	26192-26208	正文OCR	高	邻接图5.23：「自愿的知识」→「自感的知识」；「从正流过零点」→「从正值过零点」；「ΔB」→「AB」	已修	84f8a47
物理3-102	物理（第三册）	第5章	342	26475-26658	正文OCR	高	含电容：√2 OU→√2 CU；J=→I=；Xc 两式间「−」→「=」；I=U/X0→X_C	已修	84f8a47
物理3-103	物理（第三册）	第5章	348	26869-26936	正文OCR	高	φ式 log/lg 乱码→tg^{-1}(U_L/U_R)=tg^{-1}(X_L/R)；「正棱」「R,l」→「正值」「R,L」；「时间的图5.29」→「时的图5.29」	已修	84f8a47
物理3-104	物理（第三册）	第5章	351-352	27169-27251	正文OCR	高	例题：U0/X0→U_C/X_C；φ分母π→R；L字→亨；单联→串联；C 指数10^{-3}→10^{-6}；Z≈31.80→3180；赫特→赫时；远逊→远远	已修	84f8a47
物理3-105	物理（第三册）	第5章	340-356	26346,27282-27290,27799-27956	正文OCR	中	习题/提要：电感单位「字」→「亨」；「多六」→「多大」；RC 提要 X0/E→X_C/R	已修	84f8a47
物理3-106	物理（第三册）	第6章	393	29512-29550	图拓扑/缺标	高	图6.22 原简化图漏掉中心抽头、截止D2及两条电流路径；按 raw 补全 a/O/b、D1/D2、R 与 i1/i2	已修	raw PDF p393=印刷·390·；图6.22；B15 已补	88aab34
物理3-107	物理（第三册）	第6章	393	29564-29597	图拓扑/缺标	高	图6.23 桥式整流菱形仅列 D1–D4 名称，缺二极管符号、输出极性及电流方向；按 raw 补标	已修	raw PDF p393=印刷·390·；图6.23；B15 已补	88aab34
物理3-108	物理（第三册）	第6章	394	29608-29656	图拓扑/缺标	高	图6.24(a)(b) 两个简化桥式电路缺各二极管符号及导通路径箭头；按正/负半周补标	已修	raw PDF p394=印刷·391·；图6.24；B15 已补	88aab34
物理3-109	物理（第三册）	第6章	397,399	29742,29798	正文OCR/图题引用	中	图6.27 后「φ''(t1)」→「i''(t1)」；图6.29a→图6.29（a）	已修	raw PDF p397=印刷·394·、p399=印刷·396·；B15 已改	88aab34
物理3-110	物理（第三册）	第6章	398	29766-29794	图拓扑/缺标	中	图6.28(a) 桥式滤波电路缺变压器 B、D1~D4 标识；按 raw 补标	已修	raw PDF p398=印刷·395·；图6.28；B15 已补	88aab34
物理3-111	物理（第三册）	第6章	399	29808-29837	图拓扑	中	图6.29(a) 电感滤波桥式电路原图识别信息不足；按 raw 保留整流桥、L、R 与滤波波形并补关联标识	已修	raw PDF p399=印刷·396·；图6.29；B15 已核对	88aab34
物理3-112	物理（第三册）	第6章	400	29842-29878	图拓扑	中	图6.30 两种π型滤波电路按 raw 对照，核对 LC 与 RC 两支路、C1/L/C2（R1）标注	已修	raw PDF p400=印刷·397·；图6.30；B15 已核对	88aab34
物理3-113	物理（第三册）	第6章	405	30140-30189	图拓扑/缺标	高	图6.33(a) 原图仅有简化小回路，缺 W/Rb/Eb/K、三只表及 Ec 回路；(b) 缺 PNP 分层与外部回路；按 raw 重画	已修	raw PDF p405=印刷·402·；图6.33；B15 已重画	88aab34
物理3-114	物理（第三册）	第6章	408	30322-30343	图拓扑/缺标	高	图6.34 原图缺 P/N/P 分层、电子/空穴载流子、Ib/Ic/Ie 与外部偏置；按 raw 补全	已修	raw PDF p408=印刷·405·；图6.34；B15 已重画	88aab34
物理3-115	物理（第三册）	第6章	405-419	30243-30725	正文OCR/公式	高	Ie=Ib+Ic、β=ΔIc/ΔIb、Ec/Rc/Uce、Ueb 等邻接公式及 I_e/I_c/I_b 叙述多处 OCR；按 raw 与电路关系统一修正	已修	raw PDF p405-419=印刷·402-416·；B15 已改	88aab34
物理3-116	物理（第三册）	第6章	411	30429-30442	图拓扑/缺标	高	图6.35 阻容耦合放大器漏输入/输出端完整连线、C1/C2、Rb/Rc 与 Ec 回路；按 raw 重画	已修	raw PDF p411=印刷·408·；图6.35；B15 已重画	88aab34
物理3-117	物理（第三册）	第6章	419	30799-30809	图拓扑/缺标	高	图6.42 共用 Ec 偏置电路原图缺输入端、晶体管、Rb/Rc 及完整回路；按 raw 重画	已修	raw PDF p419=印刷·416·；图6.42；B15 已重画	88aab34
物理3-118	物理（第三册）	第6章	423	31015-31023	图拓扑/缺标	高	图6.47 真空三极管实验电路原图缺 Ea/Eg、电位器、阳极毫安表及闭合回路；按 raw 重画	已修	raw PDF p423=印刷·420·；图6.47；B15 已重画	88aab34
物理3-119	物理（第三册）	第6章	421	30848-30900	图拓扑/标注	中	图6.43 真空二极管外形、构造与符号；raw PDF p421=印刷·418·对照，结构端子及 a/f(K) 标注复核通过	已修	raw PDF p421=印刷·418·；图6.43；B16	cf9cd11
物理3-120	物理（第三册）	第6章	421	30905-30940	图拓扑/标注	中	图6.44 旁热式阴极构造与符号；raw PDF p421=印刷·418·对照，阳极、阴极 K 与灯丝 f 标注复核通过	已修	raw PDF p421=印刷·418·；图6.44；B16	cf9cd11
物理3-121	物理（第三册）	第6章	422	30947-30975	图拓扑/缺标	高	图6.45 两种极性电路原图缺电池、导线回路、阳极/阴极极性和 mA 表；按 raw 补全两支路与无阳极电流标识	已修	raw PDF p422=印刷·419·；图6.45；B16	cf9cd11
物理3-122	物理（第三册）	第6章	422	30982-31008	图拓扑/缺标	高	图6.46 真空三极管结构图过简，缺阳极、栅极、阴极、灯丝及对应符号；按 raw 补全	已修	raw PDF p422=印刷·419·；图6.46；B16	cf9cd11
物理3-123	物理（第三册）	第6章	424	31050-31073	图拓扑/缺标	高	图6.48 集成电路原理图过简且外形图仅7脚；按 raw 补10个电阻、11个晶体管、8根引出线及8脚外形	已修	raw PDF p424=印刷·421·；图6.48；B16	cf9cd11
物理3-124	物理（第三册）	第7章	429	31249-31269	图拓扑/缺标	高	图7.1 振荡电路原图缺 L、G、C、B、K 的完整拓扑及触点1/2；按 raw 重画闭合回路与单刀双掷开关	已修	raw PDF p429=印刷·426·；图7.1；B16	cf9cd11
物理3-125	物理（第三册）	第7章	430	31287-31344	图拓扑/标注	中	图7.2 五阶段电磁振荡过程；raw PDF p430=印刷·427·对照，电容极性、线圈磁场及电流箭头逐项复核通过	已修	raw PDF p430=印刷·427·；图7.2；B16	cf9cd11
物理3-126	物理（第三册）	第7章	432	31391-31404	图拓扑/标注	中	图7.3 正弦振荡电流波形；raw PDF p432=印刷·429·对照，A/B/C/D/E 时刻、i/t 轴及相位顺序复核通过	已修	raw PDF p432=印刷·429·；图7.3；B16	cf9cd11
物理3-127	物理（第三册）	第7章	433	31420-31434	图拓扑/标注	中	图7.4 阻尼与等幅振荡；raw PDF p433=印刷·430·对照，两条波形及 a/b 分图标识复核通过	已修	raw PDF p433=印刷·430·；图7.4；B16	cf9cd11
物理3-128	物理（第三册）	第7章	436	31547-31566	图拓扑/标注	中	图7.5 变化磁场产生电场；raw PDF p436=印刷·433·对照，闭合回路 G、涡旋电场 E、磁通增加方向复核通过	已修	raw PDF p436=印刷·433·；图7.5；B16	cf9cd11
物理3-129	物理（第三册）	第7章	437	31574-31583	图拓扑/标注	中	图7.6 变化电场产生磁场；raw PDF p437=印刷·434·对照，E 增加与环向 B 标注复核通过	已修	raw PDF p437=印刷·434·；图7.6；B16	cf9cd11
物理3-130	物理（第三册）	第7章	439	31606-31619	图拓扑/缺标	高	图7.7 天线辐射图过简，缺中心天线及交替 E/B 场；按 raw 补天线 A、实线 B 场环与虚线 E 场环	已修	raw PDF p439=印刷·436·；图7.7；B16	cf9cd11
物理3-131	物理（第三册）	第7章	439	31636-31666	图拓扑/标注	中	图7.8 电磁波传播示意；raw PDF p439=印刷·436·对照，E/B 正交、x 传播方向及波形复核通过	已修	raw PDF p439=印刷·436·；图7.8；B16	cf9cd11
物理3-132	物理（第三册）	第7章	442	31773-31794	图拓扑/标注	中	图7.9 闭合电路逐步开放为天线；raw PDF p442=印刷·439·对照，(a)(b)(c)三阶段线圈/电容器关系复核通过	已修	raw PDF p442=印刷·439·；图7.9；B17	30e1688
物理3-133	物理（第三册）	第7章	442	31805-31824	图拓扑/缺标	高	图7.10 原图线圈标签错置且缺开放电路天线、地线与 LC 支路；按 raw 重画 C、L、L_1、天线和地线	已修	raw PDF p442=印刷·439·；图7.10；B17	30e1688
物理3-134	物理（第三册）	第7章	444	31848-31875	图拓扑/标注	中	图7.11 调幅波三分图；raw PDF p444=印刷·441·对照，音频、等幅载波、调幅包络及 a/b/c 标识复核通过	已修	raw PDF p444=印刷·441·；图7.11；B17	30e1688
物理3-135	物理（第三册）	第7章	445	31878-31904	图拓扑/标注	中	图7.12 调幅广播方框图；raw PDF p445=印刷·442·对照，话筒、音频放大器、调制器、高频放大器和发射天线复核通过	已修	raw PDF p445=印刷·442·；图7.12；B17	30e1688
物理3-136	物理（第三册）	第7章	445	31906-31931	图拓扑/标注	中	图7.13 调频波三分图；raw PDF p445=印刷·442·对照，载波振幅恒定、频率变化及 a/b/c 标识复核通过	已修	raw PDF p445=印刷·442·；图7.13；B17	30e1688
物理3-137	物理（第三册）	第7章	447	31951-31979	图拓扑/标注	中	图7.14 地波、天波、空间波；raw PDF p447=印刷·444·对照，地面曲线、电离层反射和直线传播三分图复核通过	已修	raw PDF p447=印刷·444·；图7.14；B17	30e1688
物理3-138	物理（第三册）	第7章	451	32076-32117	图拓扑/标注	中	图7.15 RLC 串联电路与谐振曲线；raw PDF p451=印刷·448·对照，R/L/C、f_0 峰值及频率轴复核通过	已修	raw PDF p451=印刷·448·；图7.15；B17	30e1688
物理3-139	物理（第三册）	第7章	452	32166-32203	图拓扑/标注	中	图7.16 天线耦合调谐回路；raw PDF p452=印刷·449·对照，天线、L_1/L、可变 C 与地线复核通过	已修	raw PDF p452=印刷·449·；图7.16；B17	30e1688
物理3-140	物理（第三册）	第7章	452	32205-32236	图拓扑/标注	中	图7.17 铁氧体磁棒天线；raw PDF p452=印刷·449·对照，磁棒、绕组、可变电容及磁力线复核通过	已修	raw PDF p452=印刷·449·；图7.17；B17	30e1688
物理3-141	物理（第三册）	第7章	454	32277-32330	图拓扑/标注	中	图7.19 矿石收音机检波电路；raw PDF p454=印刷·451·对照，L_1/L_2、C_1/D/C_2 与耳机支路复核通过	已修	raw PDF p454=印刷·451·；图7.19；B17	30e1688
物理3-142	物理（第三册）	第7章	454	32330-32349	图拓扑/标注	中	图7.20 调幅、检波和音频波形；raw PDF p454=印刷·451·对照，a/b/c 波形与检波后音频趋势复核通过	已修	raw PDF p454=印刷·451·；图7.20；B17	30e1688
物理3-143	物理（第三册）	第7章	455	32356-32376	图拓扑/缺标	高	图7.21 原图仅有二极管和晶体管占位，缺天线调谐、检波、耦合电容、偏置电阻、集电极负载和耳机；按 raw 重画完整来复式接收电路	已修	raw PDF p455=印刷·452·；图7.21；B17	30e1688
物理3-144	物理（第三册）	第7章	457	32426-32456	图拓扑/标注	中	图7.22 雷达主波/回波脉冲；raw PDF p457=印刷·454·对照，时间轴、脉冲间隔和主波/回波标签复核通过	已修	raw PDF p457=印刷·454·；图7.22；B17	30e1688
物理3-145	物理（第三册）	第7章	458	32462-32477	图拓扑/标注	中	图7.23 雷达指示器；raw PDF p458=印刷·455·对照，A/A′尖脉冲、0/50/100刻度复核通过	已修	raw PDF p458=印刷·455·；图7.23；B17	30e1688
物理3-146	物理（第三册）	第7章	458	32481-32495	图拓扑/标注	中	图7.24 雷达目标斜距/高度/方位示意；raw PDF p458=印刷·455·对照，飞机、斜距、高度和方位关系复核通过	已修	raw PDF p458=印刷·455·；图7.24；B17	30e1688
物理3-147	物理（第三册）	第2章	109	6662-6943	图拓扑/标注	中	图2.9/2.11 安培表与伏特表连接法；raw PDF p112=印刷·109·对照，L1/L2、表极性±与串/并联位置复核通过	复核通过	raw PDF p112=印刷·109·；图2.9/2.11；B18	
物理3-148	物理（第三册）	第2章	116	7518-7547	内容疑误	高	电阻率表：锰铜/康铜成分「钢」→「铜」、康铜镍比54%+46%、电木10^19→10^10；对照 raw	已修	raw PDF p119=印刷·116·；电阻率表；B18	
物理3-149	物理（第三册）	第2章	117	7563-7572	内容疑误	高	电阻温度系数表：「管」→「银」、「锰铝」→「锰铜」、「深铬合金」→「康铜合金」，0.6002/0.60013→0.00002/0.00018	已修	raw PDF p120=印刷·117·；温度系数表；B18	
物理3-150	物理（第三册）	第2章	126	8193-8228	正文OCR	高	习题2.3（1）邻接：I′等号、P″:P比、正电→在1小时内、转丝→灯丝、电路铁→电烙铁、放入→接入	已修	raw PDF p129=印刷·126·；习题2.3（1）；B18	
物理3-151	物理（第三册）	第4章	286	21800-21835	图拓扑/标注	中	图4.19 日光灯电路；raw PDF p289=印刷·286·对照，启动器S、灯管、镇流器、K 拓扑复核通过	复核通过	raw PDF p289=印刷·286·；图4.19；B18	
物理3-152	物理（第三册）	第4章	287-289	21994-22072	图拓扑/正文OCR	高	图4.22 变压器结构复核通过；邻接「限负载」→「跟负载」；公式(4.9) U3/n3→U2/n2	已修	raw PDF p290/p292=印刷·287·/·289·；图4.22/(4.9)；B18	
物理3-153	物理（第三册）	第4章	296	22436-22493	内容疑误	高	图4.25邻接输电公式自OCR导入起U端/U线/U用混同；按 raw 恢复 U端=U线+U用、P线=I²R=U线²/R 及反比关系	已修	raw PDF p299=印刷·296·；图4.25邻接；B18	
物理3-154	物理（第三册）	第5章	327-328	25168-25176	图拓扑/公式	高	图5.9 星形接法复核通过；公式(5.11) UR/UR0→U线=√3 U相	已修	raw PDF p330/p331=印刷·327·/·328·；图5.9/(5.11)；B18	
物理3-155	物理（第三册）	第2章	193	13138-13146	正文OCR	高	复习题二第9–10题：「开大都」→「开关都」；e/H/单刀三弹→ε/R/单刀三掷	已修	raw PDF p196=印刷·193·；复习题二；B18	
物理3-156	物理（第三册）	第3章	257	19522-19524	正文OCR	中	复习题三计算题：「力偶知」→「力偶矩」	已修	raw PDF p260=印刷·257·；复习题三；B18	
物理3-157	物理（第三册）	第7章	450	32240-32264	图拓扑/标注	中	图7.18 耳机外形与内部结构；raw PDF p453=印刷·450·对照，振动膜片/磁铁标注复核通过	复核通过	raw PDF p453=印刷·450·；图7.18；B18	
物理3-158	物理（第三册）	第7章	456-457	32540-32582	图拓扑/标注	中	图7.26/7.27 摄像扫描与显象管；raw PDF p459–p460=印刷·456·–·457·对照复核通过	复核通过	raw PDF p459–p460=印刷·456·–·457·；图7.26/7.27；B18	
物理3-159	物理（第三册）	第1章	13	700-710	正文OCR	高	法拉第冰桶：验电器「Δ」→「A」（金箔并不张开段）；对照 raw	已修	raw PDF p16=印刷·13·；法拉第冰桶；B19	
物理3-160	物理（第三册）	第1章	15	779	正文OCR	中	习题1.3：「使能解释」→「您能解释」	已修	raw PDF p18=印刷·15·；习题1.3；B19	
物理3-161	物理（第三册）	第1章	8	409-416	正文OCR	中	金箔验电器（1）（2）标题与正文粘连：补换行「检验时」「设先让…」	已修	raw PDF p11=印刷·8·；图1.5邻接；B19	
物理3-162	物理（第三册）	第1章	18	903-909	正文OCR	高	库仑扭秤邻接：O/Δ球→C/A球；「Δ,O」→「A,C」	已修	raw PDF p20=印刷·17·；图1.11邻接；B19	
物理3-163	物理（第三册）	第1章	18	883-901	图拓扑/标注	中	图1.11 库仑扭秤；raw 对照 A/B/C 球、悬丝、玻璃筒分度复核通过	复核通过	raw PDF p19=印刷·16·；图1.11；B19	
物理3-164	物理（第三册）	第1章	87-90	5186-5450	图拓扑/正文OCR	高	图1.59 七片→八片极板；含电容→合电容；例23 C3误C1/C2；习题1.10「串联容/3倍」→「串联着/2倍」	已修	raw PDF p90/p91/p93=印刷·87·/·88·/·90·；图1.59/例22–23/习题1.10；B19	
物理3-165	物理（第三册）	第2章	108	6957	正文OCR	中	图2.12邻接：「即是支路」→「既是支路」	已修	raw PDF p111≈印刷·108·；图2.12邻接；B19	
物理3-166	物理（第三册）	第2章	165	10757-10762	正文OCR	中	含电源电路分析：「以Δ点为参考」→「以A点为参考」	已修	raw PDF≈印刷·165·；图2.45邻接；B19	
物理3-167	物理（第三册）	第2章	179	12186-12195	内容疑误	高	表2.1电化当量：O₂ K、Na A、第二「氧」→「氯」等按 raw 校正	已修	raw PDF p182=印刷·179·；表2.1；B19	
物理3-168	物理（第三册）	第2章	185	12498-12520	正文OCR	中	第2章提要：库仑/秒断句；「电流的强度和方向」「电路」「欧姆定律」标题与正文拆分	已修	raw PDF p188=印刷·185·；本章提要；B19	
物理3-169	物理（第三册）	第3章	207	14510-14526	正文OCR	高	习题3.1：铜条/两条→钢条、躲开钢条；导体→钢棒；仍在→停在；之前→之间；试几断→试判断；地磁纬经°.x	已修	raw PDF p210=印刷·207·；习题3.1；B19	
物理3-170	物理（第三册）	第3章	243-245	17764-17957	正文OCR	中	回旋加速器「D形箱盒」→「D形金属盒」；习题3.5「散洛仑兹力」→「洛仑兹力」；提要「铁磁检/永久磁铁」→「铁磁性材料/永久磁体」	已修	raw PDF p246–p248=印刷·243·–·245·；图3.52邻接/习题3.5/提要；B19	
物理3-171	物理（第三册）	第3章	243	17764-17824	图拓扑/标注	中	图3.52 回旋加速器；raw 对照 D1/D2、螺旋径迹、靶T 复核通过	复核通过	raw PDF p246=印刷·243·；图3.52；B19	
物理3-172	物理（第三册）	第5章	330	25469-25605	图拓扑/标注	中	图5.14 直流电动机工作原理；raw 对照 N/S、换向器A/B、电刷K1/K2、a–d 复核通过	复核通过	raw PDF p333=印刷·330·；图5.14；B19	
物理3-173	物理（第三册）	第5章	332	25782-25843	图拓扑/标注	中	图5.18 三相异步电动机定子/转子/鼠笼；出线盒、铜环、铜条标注复核通过	复核通过	raw PDF p335=印刷·332·；图5.18；B19	
物理3-174	物理（第三册）	第6章	381	28860-28992	图拓扑/标注	中	图6.14 晶体二极管结构及符号；点接触/面接触/通流方向标注复核通过	复核通过	raw PDF p384=印刷·381·；图6.14；B19	
物理3-175	物理（第三册）	第4章	276	21117-21119	正文OCR	高	法拉第电磁感应定律：「单距线圈」→「单匝线圈」	已修	raw PDF p279=印刷·276·；§4.3；B20	
物理3-176	物理（第三册）	第4章	283	21749-21798	正文OCR	高	自感系数：「是眼」→「是跟」；亨利单位「安洛」→「安培」；能量段冒号→句号	已修	raw PDF p286–p288=印刷·283·–·285·；§4.4；B20	
物理3-177	物理（第三册）	第4章	282	21613-21721	图拓扑/标注	中	图4.17/4.18 自感实验；raw 对照 L/A/B/K/r/R 拓扑与标注复核通过	复核通过	raw PDF p285=印刷·282·；图4.17/4.18；B20	
物理3-178	物理（第三册）	第4章	276	21158-21199	图拓扑/标注	中	图4.14 研究感生电动势；raw 对照 G、ab、v、F、L 复核通过	复核通过	raw PDF p280≈印刷·277·；图4.14；B20	
物理3-179	物理（第三册）	第4章	291	22164-22210	内容疑误	高	变压器例5：I2=P2/U2、P1′=P2′、I2=6安、I2=0；≈0.455/0.91	已修	raw PDF p294=印刷·291·；例5；B20	
物理3-180	物理（第三册）	第5章	352	27156-27168	内容疑误	高	例7 RC串联：阻抗 38.2Ω→33.2Ω（与 I=50/33.2 一致）	已修	raw PDF p355=印刷·352·；例7；B20	
物理3-181	物理（第三册）	第5章	353	27231-27280	内容疑误	高	例8：χ/(37−518)/V_c/2π=/X→Z、X_L=2π×5000×0.12、X_C、φ=(XL−XC)/R、I=120/3770	已修	raw PDF p356=印刷·353·；例8；B20	
物理3-182	物理（第三册）	第5章	352	27096-27149	图拓扑/标注	中	图5.33 RC串联及矢量图；UR/UC/φ 复核通过	复核通过	raw PDF p354=印刷·351·；图5.33；B20	
物理3-183	物理（第三册）	第5章	354	27287-27298	正文OCR	中	习题5.5：电路粘连补句号；电感量 l→L；频率 200/α→200/π	已修	raw PDF p357=印刷·354·；习题5.5；B20	
物理3-184	物理（第三册）	第3章	248	18081-18083	正文OCR	中	安培表/伏特表对照表：「扩大幅度」→「扩大量度」电流强度范围	已修	raw PDF p251=印刷·248·；对照表；B20	
物理3-185	物理（第三册）	第2章	185	12569-12572	正文OCR	中	第2章提要：「焦耳定律」标题与正文粘连拆分	已修	raw PDF p188≈印刷·185·；本章提要；B20	
物理3-186	物理（第三册）	第1章	19	1071	内容疑误	中	例2氢原子：静电引力误标 F_g→F（万有引力仍 F_g）	已修	raw PDF≈印刷·19·；例2；B20	
物理3-187	物理（第三册）	第2章	155-156	10390-10416	正文OCR/内容疑误	高	图2.40邻接：「中联电池组」→「串联」；(2.6) \(\bar R+n\tau\)→\(R+nr\)	已修	raw PDF p158–p159=印刷·155·–·156·；图2.40/(2.6)；B21	
物理3-188	物理（第三册）	第2章	155	10370-10387	图拓扑/标注	中	图2.40 串联电池组；raw 对照 ε/r、+/−、中部断划省略复核通过	复核通过	raw PDF p158=印刷·155·；图2.40；B21	
物理3-189	物理（第三册）	第3章	245-248	17983-18084	正文OCR	高	第3章提要：三→二电流磁场；抓住→握住；B=F/II→F/IL；F·→F=；I→L；高数值→高阻值	已修	raw PDF p248–p251=印刷·245·–·248·；本章提要；B21	
物理3-190	物理（第三册）	第3章	249	18106-18123	内容疑误	高	第3章提要洛仑兹力：f−qvB→f=qvB；单位 c→v；圆半径 2nB/qB→mv/qB	已修	raw PDF p252=印刷·249·；本章提要；B21	
物理3-191	物理（第三册）	第3章	235	17167-17235	图拓扑/标注	中	图3.45 欧姆表；raw 对照 R2/表头/R1、短接调零与 Rx 测阻复核通过	复核通过	raw PDF p238=印刷·235·；图3.45；B21	
物理3-192	物理（第三册）	第4章	302	22924-22935	内容疑误	高	第4章提要切割公式：s=BLv sinα → ε=BLv sinα（含 α=0/90° 特例）	已修	raw PDF p305=印刷·302·；本章提要；B21	
物理3-193	物理（第三册）	第5章	315-316	24337-24401	内容疑误	高	§5.1：e 2Blv/e−2Blv→e=；εn→εm；2B/v→2Blv；i 公式 −→=；Rr→R	已修	raw PDF p318–p319=印刷·315·–·316·；§5.1；B21	
物理3-194	物理（第三册）	第5章	317	24436-24449	内容疑误	高	例1：ωR 31.1→31.4；εm/e 式中减号→等号；sm→εm	已修	raw PDF p320=印刷·317·；例1；B21	
物理3-195	物理（第三册）	第5章	312	24079-24115	图拓扑/标注	中	图5.1 交流电获得装置；raw 对照 N/S、abcd、滑环A/B、电刷K/L、电流表复核通过	复核通过	raw PDF p315=印刷·312·；图5.1；B21	
物理3-196	物理（第三册）	第5章	351	26364	正文OCR	中	习题5.4：交变电流缺变量「i=」	已修	raw PDF≈印刷·351·；习题5.4；B21	
物理3-197	物理（第三册）	第5章	362-364	27838-27916	内容疑误	高	第5章提要：e=sm→εm；εm=2Blω→2Blv；i=8m/R→εm/R；I=U1R→U/R；I=−U/XC→U/XC	已修	raw PDF p365–p367=印刷·362·–·364·；本章提要；B21	
物理3-198	物理（第三册）	第2章	157	10503-10538	正文OCR	高	并联提示「1/m」→「1/n」；例11 \(ne\)→\(n\varepsilon\)	已修	raw PDF p160–p161=印刷·157·–·158·；提示/例11；B22	
物理3-199	物理（第三册）	第2章	158-159	10550-10586	内容疑误	高	例12：ddots阵→∵；(3) d→4；(4) 减号→等号；效率 e总/70→ε组/10	已修	raw PDF p161–p162=印刷·158·–·159·；例12；B22	
物理3-200	物理（第三册）	第3章	227-228	16704-16722	内容疑误	高	图3.37邻接力偶矩：M=F·AB=BI AC·AB=BIS；θ式 BI·AC·AB cosθ	已修	raw PDF p230–p231=印刷·227·–·228·；图3.37邻接；B22	
物理3-201	物理（第三册）	第1章	95	5651-5732	正文OCR	高	第1章提要：oV→eV；微法/皮法断句；ε0 库→库²；串联 1/C·→1/C=	已修	raw PDF p98=印刷·95·；本章提要；B22	
物理3-202	物理（第三册）	第2章	185	12557-12566	正文OCR	中	第2章提要：W=a·Q→ε·Q；「焦耳电功率」粘连断句	已修	raw≈印刷·185·；本章提要；B22	
物理3-203	物理（第三册）	第5章	360	27739	内容疑误	高	例9：P=IU cosφ 减号→等号（2×220×0.8=352）	已修	raw PDF p363≈印刷·360·；例9；B22	
物理3-204	物理（第三册）	第1章	52	3174	内容疑误	中	电子伏例：Ek 式中减号→等号（=2.0×10³ 电子伏）	已修	raw≈印刷·52·；电子伏例；B22	
物理3-205	物理（第三册）	第6章	402	31177	正文OCR	中	复习题六：「要素图6.33」→「要像图6.33」	已修	raw≈印刷·402·；复习题六；B22	
物理3-206	物理（第三册）	第6–7章	460-461	32689-32710	正文OCR	高	单元检查填充题 blank 粘连拆回；复习题七「相仿」→「相似」	已修	raw PDF p463–p464=印刷·460·–·461·；单元检查/复习题七；B22	
物理3-207	物理（第三册）	第2章	155	10464-10487	图拓扑/标注	中	图2.42 并联电池组；raw 对照三节并联、ε/r、+/− 复核通过	复核通过	raw PDF p158=印刷·155·；图2.42；B22	
物理3-208	物理（第三册）	第2章	157	10620-10672	图拓扑/标注	中	图2.43 闭合电路并联电池组；raw 对照 R、I、三节并联、ε/r 复核通过	复核通过	raw PDF p160=印刷·157·；图2.43；B22	
物理3-209	物理（第三册）	第4章	261	19820-19855	图拓扑/标注	中	图4.3 切割磁力线实验；raw 对照蹄形磁铁N/S、AB、电流表G 复核通过	复核通过	raw PDF p264=印刷·261·；图4.3；B22	
物理3-210	物理（第三册）	第2章	155	10420-10458	图拓扑/标注	中	图2.41 闭合电路串联电池组；raw 对照 R、I、ε/r、+/−、断划省略复核通过	复核通过	raw PDF p158=印刷·155·；图2.41；B22	
物理3-211	物理（第三册）	第1章	31-32	1632-1661	内容疑误	高	例7：Qn→Qa；Eb 减号→等号；1.80°→180°；正弦定律 R0→Ea	已修	raw PDF p34–p35=印刷·31·–·32·；例7/图1.19邻接；B23	
物理3-212	物理（第三册）	答案	475	33846-33847	正文OCR	中	习题1.3答案：可利→可利用；感生→感应	已修	raw PDF p478=印刷·475·；习题答案1.3；B23	
物理3-213	物理（第三册）	答案	480	34219-34232	正文OCR	高	复习题四答案：隐恒→稳恒；Bw→Bω；L4→L2；216×10⁴→2.16×10⁴；200/6600瓦→匝	已修	raw PDF p483=印刷·480·；复习题四答案；B23	
物理3-214	物理（第三册）	答案	480	34248-34259	内容疑误	高	第4章单元检查答案：a=B(v1+v2)→ε=Bl(v1+v2)；vmax 分母 B²d²→B²l²	已修	raw PDF p483=印刷·480·；单元检查题（第4章）；B23	
物理3-215	物理（第三册）	答案	480-481	34270-34300	内容疑误	高	习题5.1–5.4答案：2B/ω→2Blω与2Blv；XZ→XL；U1*→U1m；u缺sin	已修	raw PDF p483–p484=印刷·480·–·481·；习题5.1–5.4答案；B23	
物理3-216	物理（第三册）	答案	476	33953	内容疑误	中	复习题一答案：UL 式 kg/a→kq/a	已修	raw≈印刷·476·；复习题一答案；B23	
物理3-217	物理（第三册）	第6章	410	31105-31157	正文OCR	中	第6章提要标题粘连：热敏/PN结/整流/滤波/放大等补冒号	已修	raw PDF≈印刷·410·；本章提要；B23	
物理3-218	物理（第三册）	第7章	456	32608-32661	正文OCR	中	第7章提要标题粘连：振荡电流/阻尼/电磁场/调制/检波补冒号	已修	raw PDF≈印刷·456·；本章提要；B23	
物理3-219	物理（第三册）	第1章	95	5729	正文OCR	低	第1章提要：「电容器的联接并联」→「联接：并联」	已修	raw PDF p98=印刷·95·；本章提要；B23	
物理3-220	物理（第三册）	第1章	31	1586-1623	图拓扑/标注	中	图1.19 直角三角形场强；raw 对照 Qa/Qb、Ea/Eb/E、N点复核通过	复核通过	raw PDF p34=印刷·31·；图1.19；B23	
物理3-221	物理（第三册）	第3章	226	16524-16582	图拓扑/标注	中	图3.36 磁场对通电矩形线圈；raw 对照电池K、悬线、B、ABCD、F力偶复核通过	复核通过	raw PDF p229=印刷·226·；图3.36；B23	
物理3-222	物理（第三册）	第5章	314	24130-24314	图拓扑/标注	中	图5.2 交流电变化规律多联图；raw 对照 abcd、ω、各瞬时与e–ωt 图线复核通过	复核通过	raw PDF p317=印刷·314·；图5.2；B23	
物理3-223	物理（第三册）	第6章	390	29450-29487	图拓扑/标注	中	图6.21 全波整流波形；raw 对照正负半周与合成脉动波形复核通过	复核通过	raw PDF p393=印刷·390·；图6.21；B23	
物理3-224	物理（第三册）	第1章	56	3353	内容疑误	高	例16：vx 式中减号→等号（vx=v0=2.0×10⁷）	已修	raw PDF p61≈印刷·58·；例16/图1.38邻接；B24	7f03370
物理3-225	物理（第三册）	第1章	81	4891-4897	内容疑误	高	例19：E=U/d 减号→等号；例20题干（I）→（1）	已修	raw≈印刷·81·；例19–20；B24	7f03370
物理3-226	物理（第三册）	第5章	323	24724-24770	内容疑误	高	例3：i2 −π/4→+π/4；φ2=15°→45°；φ=φ2−φ1；i3→i2	已修	raw PDF p326=印刷·323·；例3/图5.5邻接；B24	7f03370
物理3-227	物理（第三册）	第5章	361	27793	内容疑误	高	RLC例：Uc=I Xt − → Uc=I XC =	已修	raw≈印刷·361·；RLC串联例；B24	7f03370
物理3-228	物理（第三册）	第1章	100	6128,6146	正文OCR	中	单元检查填充：方才能→方能；电容都是O→C	已修	raw PDF p103=印刷·100·；单元检查题（第1章）；B24	7f03370
物理3-229	物理（第三册）	第2/5章/答案	—	8888,26909,34109	正文OCR	低	步骤编号（I）→（1）（并联灯泡/矢量法/答案3.4）；保留针（I）（II）	已修	对照邻接（2）编号；B24	7f03370
物理3-230	物理（第三册）	第1章	92-95	5557-5719	正文OCR	中	第1章提要标题粘连补冒号；皮法断句与平行板电容标题	已修	raw PDF p95–p98=印刷·92·–·95·；本章提要；B24	7f03370
物理3-231	物理（第三册）	第4章	300-302	22883-22937	正文OCR	中	第4章提要：感生条件/右手定则/楞次定律/自感现象补冒号	已修	raw PDF≈印刷·300·–·302·；本章提要；B24	7f03370
物理3-232	物理（第三册）	第5章	362-364	27834-27933	正文OCR	中	第5章提要：产生/表示式/有效值位相/发电机/星形/感容抗/矢量图/功率补冒号	已修	raw PDF≈印刷·362·–·364·；本章提要；B24	7f03370
物理3-233	物理（第三册）	第6章	410	31111-31127	正文OCR	低	第6章提要残留：N/P型半导体、晶体二极管补冒号	已修	raw≈印刷·410·；本章提要；B24	7f03370
物理3-234	物理（第三册）	第2章	168-169	11167-11342	正文OCR	高	欧姆表邻接：R0/Ic/I0→Rg/Ig；一串→一个；I分母Rx→Rg；Ry→Rg；两使→要使；τ→r	已修	raw PDF p171–p172=印刷·168·–·169·；图2.48/2.49邻接；B24	7f03370
物理3-235	物理（第三册）	第2章	168	11175-11203	图拓扑/标注	中	图2.48 欧姆表构造；raw 对照 ε/r、G、Rg/Ig、R 串联拓扑复核通过	复核通过	raw PDF p171=印刷·168·；图2.48；B24	
物理3-236	物理（第三册）	第2章	169	11352-11405	图拓扑/标注	中	图2.50 惠斯通电桥；raw 对照 R1–R4、G、K、ε 复核通过	复核通过	raw PDF p172=印刷·169·；图2.50；B24	
物理3-237	物理（第三册）	第3章	223	16110-16179	图拓扑/标注	中	图3.33 平行电流相互作用；raw 对照(a)相斥(b)相吸、水银杯复核通过	复核通过	raw PDF p226=印刷·223·；图3.33；B24	
物理3-238	物理（第三册）	第4章	279	21335-21362	图拓扑/标注	中	图4.16 U形导轨ab以v向左切割×场；raw 对照 a/b/v/B 复核通过	复核通过	raw PDF p282=印刷·279·；图4.16；B24	
物理3-239	物理（第三册）	答案	476	33993	正文OCR	中	习题2.1答案：18市→18库（0.06安×300秒）	已修	raw PDF p480=印刷·477·；习题2.1答案；B25	0749b3c
物理3-240	物理（第三册）	第2章	165	10821-10902	内容疑误	高	例13充电电路：U_AB/U_BC/U_AO 减号→等号；I前导减号；U_B1→U_BC；ε_A→ε2；P2中I→R与减号→加号；Iε1功率	已修	raw PDF p166≈印刷·163·；例13/图2.45邻接；B25	0749b3c
物理3-241	物理（第三册）	第2章	179	12209-12236	内容疑误	高	例15：m=KIt减号→等号、10^{-8}→10^{-3}；A/Kn…F→=F；O的倒数→C的倒数	已修	raw≈印刷·179·；例15/法拉第定律；B25	0749b3c
物理3-242	物理（第三册）	第1章	73	4326	正文OCR	中	表1.1表头：绝缘强度 I0→Ec	已修	raw≈印刷·73·；表1.1；B25	0749b3c
物理3-243	物理（第三册）	第3章	233	16994-17105	内容疑误	高	伏特表改装：Ry/Uy/Uk→Rg/Ug/UR；破损比例式重写；分母B→R	已修	raw PDF p236=印刷·233·；图3.43邻接；B25	0749b3c
物理3-244	物理（第三册）	答案	486	34452-34454	正文OCR	中	单元6–7答案：.482杂讯删除；f式LQ→LC	已修	raw PDF≈印刷·486·；单元复习检查题答案；B25	0749b3c
物理3-245	物理（第三册）	答案	488	34474,34502	正文OCR	中	总复习题答案：0.20粘连拆回；452→450；u=3sin6280缺t	已修	raw PDF p489≈印刷·486·；总复习题答案；B25	0749b3c
物理3-246	物理（第三册）	第2章	200	13584	正文OCR	低	单元检查填充：R1:R2 − → =	已修	raw≈印刷·200·；单元检查题（第2章）；B25	0749b3c
物理3-247	物理（第三册）	第2章	172	11560-11567	正文OCR	中	电势差计：图5.52→图2.52；ex=e0→εx=ε0	已修	raw PDF p175=印刷·172·；图2.52邻接；B25	0749b3c
物理3-248	物理（第三册）	第2章	172	11578-11634	图拓扑/标注	中	图2.53 电势差计校准测量；raw 对照 K2/M/N、B0/Bx、G、D、B1、K1复核通过	复核通过	raw PDF p175=印刷·172·；图2.53；B25	
物理3-249	物理（第三册）	第4章	267	20378-20442	图拓扑/标注	中	图4.8 感生磁场阻碍磁通变化；raw 对照N下插/上提与感生B方向、检流计复核通过	复核通过	raw PDF p270=印刷·267·；图4.8；B25	
物理3-250	物理（第三册）	第5章	335	25976-26037	图拓扑/标注	中	图5.20 直流/交流与铁心线圈阻碍对比；raw 对照(a)(b)电源与灯泡亮度示意复核通过	复核通过	raw PDF p338=印刷·335·；图5.20；B25	
物理3-251	物理（第三册）	第6章	392	29680-29694	图拓扑/标注	中	图6.25 桥式整流波形(a)–(d)；raw 对照四联波形复核通过	复核通过	raw PDF p395=印刷·392·；图6.25；B25	
物理3-252	物理（第三册）	第3章	232-233	16922-17012	内容疑误	高	安培表分流：I0/I0→Ir/Ig；In→Ig；Io→Ig；破损比例式重写为 r/Rg=Ig/Ir=1/(n-1)	已修	raw PDF p235–p236=印刷·232·–·233·；图3.41邻接；B26	b661f62
物理3-253	物理（第三册）	第3章	233	17019	正文OCR	低	伏特表节标题粘连：伏特表伏特表→伏特表	已修	raw PDF p236=印刷·233·；伏特表节起；B26	b661f62
物理3-254	物理（第三册）	第2章	171	11459-11523	内容疑误	高	图2.51邻接：电阻线AO→AC；DO→DC；Rx公式 R1/I1→R/L2/L1	已修	raw PDF p174=印刷·171·；图2.51邻接；B26	b661f62
物理3-255	物理（第三册）	第2章	171-172	11531	内容疑误	高	电势差计引言：U−s−Ir→U=ε−Ir	已修	raw PDF p174–p175=印刷·171·–·172·；图2.52邻接；B26	b661f62
物理3-256	物理（第三册）	第1章	约47	1231	正文OCR	中	例题力三角形：UB/OC→CB/OC（与后式CB一致）	已修	raw≈印刷·47·；图1.15邻接；B26	b661f62
物理3-257	物理（第三册）	附录	485	34546,34562	正文OCR	中	附录一单位表：10\^{}9→10^{9}；磁通国际代号 Wb	已修	raw PDF p488=印刷·485·；附录一；B26	b661f62
物理3-258	物理（第三册）	答案	479	34199-34202	正文OCR	中	习题4.5答案：题号粘连拆回；变压比95.9→95:9	已修	raw PDF p482=印刷·479·；习题4.5答案；B26	b661f62
物理3-259	物理（第三册）	答案	481	34159	内容疑误	高	单元检查第3章答案：周期1.57×10^{-3}→10^{-8}秒（与半圆周t=πr/v及习题3.5一致）	已修	raw PDF p484=印刷·481·；单元检查题（第3章）；B26	b661f62
物理3-260	物理（第三册）	答案	481	34352	正文OCR	高	单元检查第5章答案：i=0.27sin(314 π/2)→sin(314t−π/2)	已修	raw PDF p484=印刷·481·；单元检查题（第5章）；B26	b661f62
物理3-261	物理（第三册）	第5章	349	26913,26941	正文OCR	低	矢量图示法：从原点两个矢量→画出两个矢量；caption中点→空格	已修	raw PDF p352=印刷·349·；图5.30邻接；B26	b661f62
物理3-262	物理（第三册）	第3章	229	16855-16865	图拓扑/标注	中	图3.39 灵敏电流表：补接线柱b标（对照raw a/b）	已修	raw PDF p232=印刷·229·；图3.39；B26	b661f62
物理3-263	物理（第三册）	第2章	171	11467-11517	图拓扑/标注	中	图2.51 滑线式电桥；raw 对照 A/B/C、R/Rx、G、L1/L2、D、ε、K、尺0–10 复核通过	复核通过	raw PDF p174=印刷·171·；图2.51；B26	
物理3-264	物理（第三册）	第3章	229	16809-16865	图拓扑/标注	中	图3.39 灵敏电流表构造；raw 对照 N/K/C/n/Q/G/a–b 拓扑复核通过	复核通过	raw PDF p232=印刷·229·；图3.39；B26	
物理3-265	物理（第三册）	第5章	349	26918-26941	图拓扑/标注	中	图5.30 矢量图示法；raw 对照 x、U1/U2/U、φ1/φ/φ2、平行四边形复核通过	复核通过	raw PDF p352=印刷·349·；图5.30；B26	
物理3-266	物理（第三册）	第3章	233	17025-17056	图拓扑/标注	中	图3.42 万用表直流电流档；raw 对照 G、r1–r3、K、± 复核通过	复核通过	raw PDF p236=印刷·233·；图3.42；B26	
物理3-267	物理（第三册）	第2章	130	8548-8558	正文OCR	高	串联电压：U2=UR−Ue→UB−UC；U=UA−U0→UA−UC；U=U1:U2→U1+U2	已修	raw PDF p133=印刷·130·；图2.21邻接；B27	d2c0def
物理3-268	物理（第三册）	第2章	142	9465-9498	内容疑误	高	混联Rx例：I′/−U′AC减号→等号；UAO→UAC；Rc→Rx；−0.36→0.36；J2→Ix；U′A′→U′AC	已修	raw PDF p145=印刷·142·；图2.32邻接；B27	d2c0def
物理3-269	物理（第三册）	第2章	163	10917-11003	内容疑误	高	例14：iA→UA；UA−UB·IR3→=；Un→UB；ṙ1→r1；10I3→10I2	已修	raw PDF p166=印刷·163·；图2.46邻接；B27	d2c0def
物理3-270	物理（第三册）	第2章	164	11020-11032	内容疑误	高	最大输出功率：J→I；Iγ→Ir；P式末减号→等号；P²破损式重写为P=Rε²/((R−r)²+4Rr)	已修	raw PDF p167–p168=印刷·164·–·165·；§电源最大输出功率；B27	d2c0def
物理3-271	物理（第三册）	第2章	165	11051	正文OCR	中	电源效率：分母R·r→R+r	已修	raw PDF p168=印刷·165·；效率η；B27	d2c0def
物理3-272	物理（第三册）	第2章	165	11067	正文OCR	中	伏安法引言粘连：补「的数值。」并拆句	已修	raw PDF≈印刷·165·；伏安法测电阻；B27	d2c0def
物理3-273	物理（第三册）	答案	480	34281	正文OCR	中	习题5.2答案：题号粘连/句号；删除渗入页码·480·	已修	raw PDF p483=印刷·480·；习题5.2答案；B27	d2c0def
物理3-274	物理（第三册）	答案	479	34264	正文OCR	低	单元检查第4章答案：4：→4.	已修	raw PDF p482=印刷·479·；单元检查题（第4章）；B27	d2c0def
物理3-275	物理（第三册）	第3章	231	16955	图拓扑/标注	中	图3.40 分流支路电流标Is→Ir（对照raw）	已修	raw PDF p234=印刷·231·；图3.40；B27	d2c0def
物理3-276	物理（第三册）	第5章	348	26788,26819	正文OCR	中	(5.17) uB→uR；图5.29 caption中点→空格	已修	raw PDF p351=印刷·348·；图5.29邻接；B27	d2c0def
物理3-277	物理（第三册）	第2章	163	10930-10964	图拓扑/标注	中	图2.46 三支路混联；raw 对照 A/B、ε1r1R1、ε2r2R2、R3、I1/I2 复核通过	复核通过	raw PDF p166=印刷·163·；图2.46；B27	
物理3-278	物理（第三册）	第3章	231	16920-16958	图拓扑/标注	中	图3.40 安培表构造；raw 对照虚线框、G∥r、Ig/Ir、± 复核通过	复核通过	raw PDF p234=印刷·231·；图3.40；B27	
物理3-279	物理（第三册）	第3章	231	16962-16989	图拓扑/标注	中	图3.41 安培表分路实物剖面；raw 对照接线柱与粗分流条复核通过	复核通过	raw PDF p234=印刷·231·；图3.41；B27	
物理3-280	物理（第三册）	第4章	265	20186-20250	图拓扑/标注	中	图4.6 右手定则；raw 对照 N/S、ab、I、掌心/拇指示意复核通过	复核通过	raw PDF p268=印刷·265·；图4.6；B27	
物理3-281	物理（第三册）	第5章	348	26805-26819	图拓扑/标注	中	图5.29 UR/UL合U矢量图；raw 对照矩形虚线与φ复核通过	复核通过	raw PDF p351=印刷·348·；图5.29；B27	
物理3-282	物理（第三册）	第2章	141	9400	内容疑误	高	图2.31邻接：R1=R2−R/2→R1=R2=R/2=30（减号当等号）	已修	raw PDF p144=印刷·141·；图2.31邻接；B28	e56acfc
物理3-283	物理（第三册）	第2章	181	12258	正文OCR	中	法拉第注：一定素原子量→该元素原子量	已修	raw PDF≈印刷·181·；法拉第定律注；B28	e56acfc
物理3-284	物理（第三册）	第2章	181	12240,12263-12266	正文OCR	低	电解算例粘连：库银/库应用拆句；F′→F	已修	raw≈印刷·181·；法拉第常数算例；B28	e56acfc
物理3-285	物理（第三册）	第2章	181	12292-12307	内容疑误	高	基本电荷演算：N/n 10^{13}→10^{23}；E→F；e 10^{-10}→10^{-19}	已修	raw PDF p184=印刷·181·；例16邻接/基本电荷；B28	e56acfc
物理3-286	物理（第三册）	答案	481	34303-34308	正文OCR	中	习题5.4答案：题号粘连/句号拆回	已修	raw PDF p484=印刷·481·；习题5.4答案；B28	e56acfc
物理3-287	物理（第三册）	答案	481	34320-34330	正文OCR	低	习题5.5–5.6答案：题号粘连与分号整理	已修	raw PDF p484=印刷·481·；习题5.5/5.6答案；B28	e56acfc
物理3-288	物理（第三册）	答案	486	34502-34504	正文OCR	中	总复习题47：500赫兹补逗号；（4）450→450瓦	已修	raw PDF≈印刷·486·；总复习题答案；B28	e56acfc
物理3-289	物理（第三册）	第5章	347-349	26782,27008	正文OCR	低	图5.28/5.31 caption中点→空格	已修	raw PDF p350/p353=印刷·347·/·350·；B28	e56acfc
物理3-290	物理（第三册）	第2章	166	11081-11132	图拓扑/标注	中	图2.47 伏安法(a)(b)；raw 对照 R/V/A、U、外接/内接复核通过	复核通过	raw PDF≈印刷·166·；图2.47；B28	
物理3-291	物理（第三册）	第3章	233	17060-17087	图拓扑/标注	中	图3.43 伏特表；raw 对照虚线框、R与G串联、±、I复核通过	复核通过	raw PDF p236=印刷·233·；图3.43；B28	
物理3-292	物理（第三册）	第5章	347	26740-26782	图拓扑/标注	中	图5.28 RL串联；raw 对照～源、R、L、uR/uL/u复核通过	复核通过	raw PDF p350=印刷·347·；图5.28；B28	
物理3-293	物理（第三册）	第5章	350	26990-27008	图拓扑/标注	中	图5.31 RLC串联电路；raw 对照拓扑复核通过	复核通过	raw PDF p353=印刷·350·；图5.31；B28	
物理3-294	物理（第三册）	第2章	172	11538-11557	图拓扑/标注	中	图2.52 电势差计原则；raw 对照 ε0/εx、G 反接复核通过	复核通过	raw PDF p175=印刷·172·；图2.52；B28	
物理3-295	物理（第三册）	第2章	162	10780-10814	图拓扑/标注	中	图2.45 充电电路；raw 对照双电源与电阻支路复核通过	复核通过	raw PDF p165=印刷·162·；图2.45；B28	
物理3-296	物理（第三册）	第2章	141	9370-9405	图拓扑/标注	中	图2.31 切断K时分压；raw 对照 A/B/C、R1/R2、UAC/UCB复核通过	复核通过	raw PDF p144=印刷·141·；图2.31；B28	
物理3-297	物理（第三册）	第2章	132	8601	正文OCR	高	串联电压比：U2：U2→U1：U2	已修	raw≈印刷·132·；串联导体组；B29	34b39c8
物理3-298	物理（第三册）	第2章	134	8701	内容疑误	高	并联总电阻：1/R=1/R1−1/R2→加号	已修	raw≈印刷·134·；并联导体组；B29	34b39c8
物理3-299	物理（第三册）	第2章	134	8727	内容疑误	高	并联功率：P=UI−U²/R→P=UI=U²/R	已修	raw≈印刷·134·；并联功率；B29	34b39c8
物理3-300	物理（第三册）	第2章	约195	12606-12634	内容疑误	高	第2章提要串并联比例：U−R/P…R/1/R…/I…→等号链	已修	raw≈印刷·195·；本章提要；B29	34b39c8
物理3-301	物理（第三册）	第2章	约196	12645,12653,12664	正文OCR	中	提要：全电路欧姆定律补冒号；限值→极限值；电动势s→ε	已修	raw≈印刷·196·；本章提要；B29	34b39c8
物理3-302	物理（第三册）	第5章	334	25948,25958	正文OCR	中	纯电阻：Un→Um（Im=Um/R）	已修	raw PDF≈印刷·334·；图5.19邻接；B29	34b39c8
物理3-303	物理（第三册）	第5–6章	350,387	27045,29300,29367	正文OCR	低	图5.32/6.18/6.19 caption中点→空格	已修	raw PDF p353/p390；B29	34b39c8
物理3-304	物理（第三册）	第2章	130	8532-8560	图拓扑/标注	中	图2.21 串联导体组；raw 对照 A/B/C、R1/R2、U1/U2/U复核通过	复核通过	raw PDF p133=印刷·130·；图2.21；B29	
物理3-305	物理（第三册）	第2章	141	9439	图拓扑/标注	中	图2.32 K闭合混联；raw 对照 R1∥Rx与R2复核通过	复核通过	raw PDF p144=印刷·141·；图2.32；B29	
物理3-306	物理（第三册）	第5章	350	27020-27045	图拓扑/标注	中	图5.32 RLC矢量图；raw 对照复核通过	复核通过	raw PDF p353=印刷·350·；图5.32；B29	
物理3-307	物理（第三册）	第6章	387	29250-29300	图拓扑/标注	中	图6.18 半波整流电路；raw 对照复核通过	复核通过	raw PDF p390=印刷·387·；图6.18；B29	
物理3-308	物理（第三册）	第6章	388	29320-29367	图拓扑/标注	中	图6.19 半波整流波形；raw 对照复核通过	复核通过	raw PDF p391=印刷·388·；图6.19；B29	
物理3-309	物理（第三册）	第5章	334	25880-25940	图拓扑/标注	中	图5.19 纯电阻电路与波形；raw 对照(a)(b)复核通过	复核通过	raw PDF≈印刷·334·；图5.19；B29	
物理3-310	物理（第三册）	第2章	约140	9360-9375	图拓扑/标注	中	图2.30 分压相关电路；raw 对照复核通过	复核通过	raw PDF p143=印刷·140·；图2.30；B29	
物理3-311	物理（第三册）	第3章	228	16750-16800	图拓扑/标注	中	图3.38 均匀辐向磁场；raw 对照 N/S/K/C 复核通过	复核通过	raw PDF p231=印刷·228·；图3.38；B29	
物理3-312	物理（第三册）	第1章提要	约78	5564	正文OCR	中	提要导体/绝缘体缺「，」「的」：电荷所以→电荷，所以；自由移动电荷→自由移动的电荷；库仑定律句末补句号	已修	对照 raw 本章提要；B30	324e2b8
物理3-313	物理（第三册）	第2章提要	约189	12534-12673	正文OCR	中	提要粘连：电阻定律：/电功和电功率：；电功单位标点；串联/并联电流记号 I_总→I_串、I_并（对照 raw ·189·）	已修	raw PDF p192=印刷·189·；B30	324e2b8
物理3-314	物理（第三册）	第3章提要	约243	17987-18120	正文OCR	中	提要标题粘连补冒号：电流的磁场/直线电流作用/左手定则/平行电流/通电线圈/电流表/欧姆表/洛仑兹力/圆周运动	已修	对照 raw 第3章提要；B30	324e2b8
物理3-315	物理（第三册）	第4–5章提要·答案	266;333;答	22890;27833;34415	正文OCR	低	第4章提要右手定则断句；第5章提要「交流电——随着…」；习题7.1答案「约300兆赫；6.」	已修	对照 raw；B30	324e2b8
物理3-316	物理（第三册）	第5–6章	333–387	26106-29456	图注OCR	低	图5.20/5.21/5.23/5.25/5.27、图6.1/6.7/6.12/6.20 caption 中点→空格（本批核对图旁，非全书）	已修	caption 对照；B30	324e2b8
物理3-317	物理（第三册）	第2章	189	12679-12702	图拓扑/标注	中	图2.60 反接电池极性与顺时针 I 不一致：ε1 改为短左长右(+右)、ε2 长左短右(+左)	已修	raw PDF p192=印刷·189·；图2.60；B30	324e2b8
物理3-318	物理（第三册）	第2章	134	8775	图拓扑/标注	中	图2.23 室内串灯电路；raw 对照 A/B/C/D、0.5Ω×2、灯复核通过	复核通过	raw PDF p137=印刷·134·；图2.23；B30	
物理3-319	物理（第三册）	第2章	158	11321	图拓扑/标注	中	图2.49 欧姆表测电阻 (a)(b)(c)；raw 对照红黑表笔/G/ε/R/Rx 复核通过	复核通过	raw PDF p171=印刷·168·；图2.49；B30	
物理3-320	物理（第三册）	第4章	260	19723	图拓扑/标注	中	图4.1 获得感生电流实验（一）(a)(b)；raw 对照磁铁/螺线管/电流表偏转与回零复核通过	复核通过	raw PDF p263=印刷·260·；图4.1；B30	
物理3-321	物理（第三册）	第5章	336	26106	图拓扑/标注	中	图5.21 (a)低频阻碍小 (b)高频阻碍大；raw 对照灯泡明暗/频率示意复核通过	复核通过	raw PDF p339=印刷·336·；图5.21；B30	
物理3-322	物理（第三册）	第5章	339	26289	图拓扑/标注	中	图5.23 电感 i–t / u–t；raw 对照 A–F、Δt、电压超前90°复核通过	复核通过	raw PDF p342=印刷·339·；图5.23；B30	
物理3-323	物理（第三册）	第6章	387	29456	图拓扑/标注	中	图6.20 全波整流；raw 对照 a/O/b、D1/D2、R、u2a/u2b、i1/i2 复核通过	复核通过	raw PDF p390=印刷·387·；图6.20；B30	
物理3-324	物理（第三册）	第2章	189	12667-12673	公式OCR	低	提要电池组 I_串/I_并 与 raw 下标一致（并入313证据）	已修	raw PDF p192=印刷·189·；B30	324e2b8
物理3-325	物理（第三册）	第3章提要	约243	18097	正文OCR	低	提要「欧姆表：万用表中…电路见图3.45」粘连补冒号（正文段已先行）	已修	对照 raw 第3章提要；B30	324e2b8
物理3-326	物理（第三册）	第1章	约8	277	正文OCR	高	电荷守恒句 OCR 乱码「电电荷是守恒的荷是…」→「电荷是守恒的。电荷是既不能消灭…」	已修	对照 raw 电荷守恒定律表述；B31	a097d6f
物理3-327	物理（第三册）	第2章	179	12148-12155	公式OCR	高	法拉第电解第一定律粘连；公式(2.8) m=KI→m=KIt（对照 raw ·179·）	已修	raw PDF p182=印刷·179·；B31	a097d6f
物理3-328	物理（第三册）	第2章	180	12214	正文OCR	中	法拉第电解第二定律正文标题粘连补冒号	已修	raw PDF p183=印刷·180·；B31	a097d6f
物理3-329	物理（第三册）	第2章提要	190–191	12790-12820	正文OCR	中	提要液体导电/电解/法拉第定律/被激·自激导电标题粘连；极极→极板；Q=I→Q=It	已修	raw PDF p193–194=印刷·190·–·191·；B31	a097d6f
物理3-330	物理（第三册）	第7章提要	约455	32610-32630	正文OCR	中	提要振荡电路/电磁振荡/周期和频率标题粘连补冒号	已修	对照 raw 第7章提要；B31	a097d6f
物理3-331	物理（第三册）	第5章	338	26200	图注OCR	低	图5.22 caption 补（a）低频扼流圈；（b）高频扼流圈	已修	raw PDF p341=印刷·338·；B31	a097d6f
物理3-332	物理（第三册）	第5–6章	约320–380	24118-28840	图注OCR	低	图5.1/5.3、图6.2/6.3/6.13 caption 中点→空格（本批核对图旁）	已修	caption；B31	a097d6f
物理3-333	物理（第三册）	第2章	190	12749	图拓扑/标注	中	图2.61 伏安法外接；raw 对照 A 串、V 并 R 复核通过	复核通过	raw PDF p193=印刷·190·；图2.61；B31	
物理3-334	物理（第三册）	第3章	234	17155	图拓扑/标注	中	图3.44 万用表直流电压；raw 对照 G/Rg、r1–r3、K、± 复核通过	复核通过	raw PDF p237=印刷·234·；图3.44；B31	
物理3-335	物理（第三册）	第4章	260	19809	图拓扑/标注	中	图4.2 磁场和导线圈相对运动；raw 对照铁架台/磁铁/螺线管/电流表复核通过	复核通过	raw PDF p263=印刷·260·；图4.2；B31	
物理3-336	物理（第三册）	第5章	338	26200	图拓扑/标注	中	图5.22 扼流圈外形 (a)(b)；raw 对照低频/高频扼流圈复核通过	复核通过	raw PDF p341=印刷·338·；图5.22；B31	
物理3-337	物理（第三册）	第1章	61	3562	图拓扑/标注	中	图1.42 密立根油滴；raw 对照喷雾/A·B板/qE·mg/显微镜复核通过	复核通过	raw PDF p64=印刷·61·；图1.42；B31	
物理3-338	物理（第三册）	第6章	390	29566	图拓扑/标注	中	图6.22 D1导通简化电路；raw 对照 a/O/b、D1导通/D2截止复核通过	复核通过	raw PDF p393=印刷·390·；图6.22；B31	
物理3-339	物理（第三册）	第5章	342	26485	图拓扑/标注	中	图5.25 电容 u 与 q 同相；raw 对照波形同相复核通过	复核通过	raw PDF p345=印刷·342·；图5.25；B31	
物理3-340	物理（第三册）	第5章·复习题	365	27958	公式OCR	高	复习题五第3题瞬时式 120πi→120πt（时间变量）	已修	raw PDF p368=印刷·365·；B32	a961d1a
物理3-341	物理（第三册）	第5章·复习题	365	27996	正文OCR	低	复习题五第10题「串联找到」→「串联接到」	已修	raw PDF p368=印刷·365·；B32	a961d1a
物理3-342	物理（第三册）	第5章提要	约360	27859-27920	正文OCR	中	提要「交流电的周期和频率：」「含纯电阻电路：」「电流和总电压关系：」补冒号	已修	对照 raw 第5章提要；B32	a961d1a
物理3-343	物理（第三册）	第5章·单元检查	366	28005-28020	正文OCR	高	填充题空白被 \textbf{\emph{…}} 吞并：恢复按____规律/三个参数、感生电流____、容抗与____和____、视在功率等空格	已修	raw PDF p369=印刷·366·；B32	a961d1a
物理3-344	物理（第三册）	第5–6章	325–383	24817-29123	图注OCR	低	图5.5/5.6/5.7/5.8/5.12/5.15/5.16、图6.16 caption 中点→空格；图5.6 补（a）外形（b）截面图	已修	caption；B32	a961d1a
物理3-345	物理（第三册）	第2章	190	12776	图拓扑/标注	中	图2.62 伏安法内接；raw 对照 V 并 (A+R) 复核通过	复核通过	raw PDF p193=印刷·190·；图2.62；B32	
物理3-346	物理（第三册）	第4章	266	20359	图拓扑/标注	中	图4.7 磁体相对线圈四态；raw 对照 M/I、(a)–(d) 复核通过	复核通过	raw PDF p269=印刷·266·；图4.7；B32	
物理3-347	物理（第三册）	第5章	325	24953	图拓扑/标注	中	图5.6 旋转磁极式发电机（a）（b）；raw 对照外形/截面复核通过	复核通过	raw PDF p328=印刷·325·；图5.6；B32	
物理3-348	物理（第三册）	第5章	331	25687	图拓扑/标注	中	图5.15 旋转磁场实验；raw 对照蹄形磁铁/铝框/OO′复核通过	复核通过	raw PDF p334=印刷·331·；图5.15；B32	
物理3-349	物理（第三册）	第5章	331	25726	图拓扑/标注	中	图5.16 铝框两边力矩；raw 对照 N/S、F、电流出入复核通过	复核通过	raw PDF p334=印刷·331·；图5.16；B32	
物理3-350	物理（第三册）	第6章	383	29123	图拓扑/标注	中	图6.16 结电容等效；raw 对照二极管并联小电容示意复核通过	复核通过	raw PDF p386=印刷·383·；图6.16；B32	
物理3-351	物理（第三册）	第5章	325	24817	图拓扑/标注	中	图5.5 两交变电流波形；caption 中点已修并对照 raw 波形标注复核通过	复核通过	raw PDF p323=印刷·320·；图5.5；B32	
物理3-352	物理（第三册）	第5章提要	约360	27909	正文OCR	低	提要含纯电阻电路标题粘连（并入342）	已修	对照 raw 第5章提要；B32	a961d1a
物理3-353	物理（第三册）	第5章·单元检查	366	28005	正文OCR	低	填充题空格恢复（并入343证据）	已修	raw PDF p369=印刷·366·；B32	a961d1a
物理3-354	物理（第三册）	第1章·复习题	约96	5775	正文OCR	高	复习题一第4题(6) 空白被 \textbf{\emph{…}} 吞并：恢复做了____的功 / 电势能____ / ____焦耳	已修	对照 raw 填充格式；B33	5cbc0b6
物理3-355	物理（第三册）	第1章·单元检查	约98	6118-6144	正文OCR	高	单元检查一填充：2q电场力/场强、静电平衡、加速度与速度、电势能、电容等空白吞并恢复	已修	对照 raw 单元检查填充；B33	5cbc0b6
物理3-356	物理（第三册）	第1章·单元检查	约98	6121	正文OCR	中	「电场力作_功」→作____功并补作功大小空白；库仑处 E=____	已修	对照 raw；B33	5cbc0b6
物理3-357	物理（第三册）	第2章·单元检查	约200	13591,13621	正文OCR	高	单元检查二：Rx 最大功率空白、并联电功率____瓦及____瓦 吞并恢复	已修	对照 raw；B33	5cbc0b6
物理3-358	物理（第三册）	第5–6章	327–374	25186-28592	图注OCR	低	图5.9/5.10/5.18、图6.4/6.5/6.6/6.8/6.9/6.10 caption 中点→空格	已修	caption；B33	5cbc0b6
物理3-359	物理（第三册）	第2章	108	6669	图拓扑/标注	高	图2.8 接线柱误作 3/0.6/+ → 对照 raw 改为 −/0.6/3	已修	raw PDF p111=印刷·108·；图2.8；B33	5cbc0b6
物理3-360	物理（第三册）	第2章	119	7666	图拓扑/标注	高	图2.14 滑动变阻器过简：补瓷筒/滑杆/滑片D与接线柱 A、B、C	已修	raw PDF p122=印刷·119·；图2.14；B33	5cbc0b6
物理3-361	物理（第三册）	第2章	108	6669	图拓扑/标注	中	图2.8 双量程安培表；raw 对照刻度/接线柱复核通过	复核通过	raw PDF p111=印刷·108·；图2.8；B33	
物理3-362	物理（第三册）	第2章	119	7666	图拓扑/标注	中	图2.14 滑动变阻器；raw 对照 A/B/C/D 复核通过	复核通过	raw PDF p122=印刷·119·；图2.14；B33	
物理3-363	物理（第三册）	第1章	13	693	图拓扑/标注	中	图1.9 法拉第圆筒实验；raw 对照 (a)(b) 外/内表面复核通过	复核通过	raw PDF p16=印刷·13·；图1.9；B33	
物理3-364	物理（第三册）	第5章	327	25186	图拓扑/标注	中	图5.9 三相四线星形接法；raw 对照相线/中性线/灯负载复核通过	复核通过	raw PDF p330=印刷·327·；图5.9；B33	
物理3-365	物理（第三册）	第5章	332	25856	图拓扑/标注	中	图5.18 三相异步电动机定子转子鼠笼；raw 对照 (a)(b)(c) 复核通过	复核通过	raw PDF p335=印刷·332·；图5.18；B33	
物理3-366	物理（第三册）	第6章	374	28475	图拓扑/标注	中	图6.8 N型半导体简化示意图；raw 对照 ⊕/自由电子复核通过	复核通过	raw PDF p377=印刷·374·；图6.8；B33	
物理3-367	物理（第三册）	第5章	327	25126	图拓扑/标注	中	图5.8 三相交流发电机示意；raw 对照同页 A/X/B/Y/C/Z、N/S 复核通过	复核通过	raw PDF p330=印刷·327·；图5.8；B33	
物理3-368	物理（第三册）	第3章·复习题	254	18935-18940	公式OCR	高	复习题三第17题已知量：E 10^3→10^5；e 1.5→1.6×10^{-19}；m1 原子质量单位 1.63→1.66×10^{-27}	已修	raw PDF p257=印刷·254·；B34	ac089f8
物理3-369	物理（第三册）	第3章·复习题	254	18944	公式OCR	高	复习题三第18题回旋加速器频率 13×10^6→12×10^6（与答案 B=1.57T 一致）	已修	raw PDF p257=印刷·254·；答案复核；B34	ac089f8
物理3-370	物理（第三册）	第1章	约40–70	3810-4700	图注OCR	低	图1.45/1.46/1.47/1.49/1.54 caption「a---」→「（a）…；（b）…」；单元检查（2）–（4）caption	已修	caption；B34	ac089f8
物理3-371	物理（第三册）	第5–6章	—	—	图注OCR	低	全书剩余 fig-alt 图号中点→空格（约19处，注释层）	已修	fig-alt；B34	ac089f8
物理3-372	物理（第三册）	第2章	109	6802-6860	图拓扑/标注	高	图2.10 接线柱误作 15/3/+ → 对照 raw 改为 −/3/15	已修	raw PDF p112=印刷·109·；图2.10；B34	ac089f8
物理3-373	物理（第三册）	第2章	109	6860	图拓扑/标注	中	图2.10 双量程伏特表；raw 对照刻度0–15/0–3与接线柱复核通过	复核通过	raw PDF p112=印刷·109·；图2.10；B34	
物理3-374	物理（第三册）	第5章	328	25262	图拓扑/标注	中	图5.10 电灯接相线与中性线；raw 对照三组灯/四线复核通过	复核通过	raw PDF p331=印刷·328·；图5.10；B34	
物理3-375	物理（第三册）	第6章	371	28255	图拓扑/标注	中	图6.4 空穴相当于带正电粒子；raw 对照复核通过	复核通过	raw PDF p374=印刷·371·；图6.4；B34	
物理3-376	物理（第三册）	第6章	374	28409	图拓扑/标注	中	图6.7 N型半导体晶格；raw 对照 +5/自由电子复核通过	复核通过	raw PDF p377=印刷·374·；图6.7；B34	
物理3-377	物理（第三册）	第6章	375	28556	图拓扑/标注	中	图6.9 P型半导体；raw 对照 +3/空穴复核通过	复核通过	raw PDF p378=印刷·375·；图6.9；B34	
物理3-378	物理（第三册）	第1章	8	406	图拓扑/标注	中	图1.5 金箔验电器；raw 对照 (a)(b)(c) 构造与带电复核通过	复核通过	raw PDF p11=印刷·8·；图1.5；B34	
物理3-379	物理（第三册）	第2章	119	7699	图拓扑/标注	中	图2.15 转柄变阻器；raw 对照 A/B/T 与触钉复核通过	复核通过	raw PDF p122=印刷·119·；图2.15；B34	
物理3-380	物理（第三册）	第3章·答案	254	34150	公式OCR	低	复习题三答案第17–18题与修正后已知量/频率自洽（R≈0.33/0.34；B=1.57T）	复核通过	答案对照演算；B34	
物理3-381	物理（第三册）	全书	—	—	图注OCR	低	确认 \textbf{\emph{ 吞空白与 caption 图号中点已清零（本批续扫）	复核通过	全书 rg；B34	
物理3-382	物理（第三册）	第1章	11	598-635	图拓扑/标注	高	图1.8 感应起电：对照 raw 负棒时导体左+/右−；(b)补手指；(c)补正电荷（原左−右+且(b)(c)过简）	已修	raw PDF p14=印刷·11·；图1.8；B35	ce1cafd
物理3-383	物理（第三册）	第1章	12	644	正文OCR	中	接地「符号寄来表示」→ inline 三横接地符（对照 raw）	已修	raw PDF p15=印刷·12·；B35	ce1cafd
物理3-384	物理（第三册）	第1章	14	718-791	图拓扑/标注	高	图1.10：caption→金属网实验；(b)外侧左+/右−（近棒）与底接地斜线；正文「带电棒」→「带电体」	已修	raw PDF p17=印刷·14·；图1.10；B35	ce1cafd
物理3-385	物理（第三册）	第2章	176	12014	图号交叉引用	高	液体导电装置误作「图2.51」→「图2.54」（2.51 为滑线式电桥）	已修	raw PDF p179=印刷·176·；B35	ce1cafd
物理3-386	物理（第三册）	第2章	176	12019	正文OCR	高	液体导电结论段：「导电，导电」「液离子」「这样子的」→「具有离子的液体…这样一个结论：只有具有离子…」	已修	raw PDF p179=印刷·176·；B35	ce1cafd
物理3-387	物理（第三册）	第2章	约120	7800	图注OCR	低	fig-alt 图2.16「五点五灯」→「五个电灯」	已修	fig-alt；B35	ce1cafd
物理3-388	物理（第三册）	第1章	11	635	图拓扑/标注	中	图1.8 感应起电；raw 对照 (a)(b)(c) 极性与步骤复核通过	复核通过	raw PDF p14=印刷·11·；图1.8；B35	
物理3-389	物理（第三册）	第1章	14	791	图拓扑/标注	中	图1.10 金属网实验；raw 对照 (a)张开/(b)闭合与感应电荷复核通过	复核通过	raw PDF p17=印刷·14·；图1.10；B35	
物理3-390	物理（第三册）	第2章	约120	7816	图拓扑/标注	中	图2.16 电灯变阻器；raw 对照五灯并联 A/B 复核通过	复核通过	raw PDF p123≈印刷·120·；图2.16；B35	
物理3-391	物理（第三册）	第2章	约121	7901	图拓扑/标注	中	图2.17 电阻箱；raw 对照外形/插塞线圈示意复核通过	复核通过	raw PDF p124≈印刷·121·；图2.17；B35	
物理3-392	物理（第三册）	第4章	286	21928	图拓扑/标注	中	图4.20 启动器构造；raw 对照静触片/U形触片/氖气复核通过	复核通过	raw PDF p289=印刷·286·；图4.20；B35	
物理3-393	物理（第三册）	第5章	约331	25476	图拓扑/标注	中	图5.12 单向脉动电流；raw 对照波形实虚线复核通过	复核通过	raw≈印刷·331·；图5.12；B35	
物理3-394	物理（第三册）	第6章	约372	28362	图拓扑/标注	中	图6.5 空穴运动形式；raw 对照晶格/电子空穴图例复核通过	复核通过	raw PDF p375≈印刷·372·；图6.5；B35	
物理3-395	物理（第三册）	第6章	376	28635	图拓扑/标注	中	图6.10 P型半导体简化示意图；raw 对照受主/空穴复核通过	复核通过	raw PDF p379=印刷·376·；图6.10；B35	
物理3-396	物理（第三册）	第1章	10	492-520	图拓扑/标注	高	图1.6 静电感应：带+棒改到顶板左侧，−集中左侧（对照 raw）	已修	raw PDF p13=印刷·10·；图1.6；B36	7c0d43f
物理3-397	物理（第三册）	第1章	10	530-590	图拓扑/标注	高	图1.7：(a) 补 A+/B−；(b) 金箔补 −/+（对照 raw）	已修	raw PDF p13=印刷·10·；图1.7；B36	7c0d43f
物理3-398	物理（第三册）	第2章	148	10000-10050	图拓扑/标注	中	图2.36 按 raw 改为上虚线框R内+→、下虚线框A+/B−与+←	已修	raw PDF p151=印刷·148·；图2.36；B36	7c0d43f
物理3-399	物理（第三册）	第4章	约274	20705	公式OCR	高	楞次定律例1：I_{An}→I_{AB}（与图注一致）	已修	邻接图4.11；B36	7c0d43f
物理3-400	物理（第三册）	第4章	约274	20700	图注OCR	低	图4.11 caption「原磁场·与感生磁场×」→「原磁场（·）与感生磁场（×）」	已修	caption；B36	7c0d43f
物理3-401	物理（第三册）	第4章·答案	—	34237	答案OCR	低	习题4.4「1.1.25亨利；2.2.5亨利」→「1. 1.25；2. 2.5」分项空格	已修	答案；B36	7c0d43f
物理3-402	物理（第三册）	第4–5章·题图	—	23945-24924	图注OCR	低	计算题/习题5.2 caption 题号后中点·→–（6处）	已修	caption；B36	7c0d43f
物理3-403	物理（第三册）	第1章	10	520	图拓扑/标注	中	图1.6 静电感应；raw 对照棒/顶板/金箔复核通过	复核通过	raw PDF p13=印刷·10·；图1.6；B36	
物理3-404	物理（第三册）	第1章	10	583	图拓扑/标注	中	图1.7 静电感应；raw 对照 (a)(b) 电荷与验电器复核通过	复核通过	raw PDF p13=印刷·10·；图1.7；B36	
物理3-405	物理（第三册）	第2章	148	10050	图拓扑/标注	中	图2.36 简单闭合电路；raw 对照 R/A/B 与电荷箭复核通过	复核通过	raw PDF p151=印刷·148·；图2.36；B36	
物理3-406	物理（第三册）	第3章	约207	14836	图拓扑/标注	中	图3.15 奥斯特实验；raw 对照导线/磁针/电池复核通过	复核通过	raw≈印刷·207·；图3.15；B36	
物理3-407	物理（第三册）	第4章	约262	19989	图拓扑/标注	中	图4.4 获得感生电流实验（二）；raw 对照软铁环P/S/K/R/G复核通过	复核通过	raw≈印刷·262·；图4.4；B36	
物理3-408	物理（第三册）	第4章	约263	20223	图拓扑/标注	中	图4.5 切割磁力线感生电流方向；raw 对照四组 B/a/M 复核通过	复核通过	raw≈印刷·263·；图4.5；B36	
物理3-409	物理（第三册）	第6章	369	28180	图拓扑/标注	中	图6.1 硅/锗原子结构；(a)锗+32 (b)硅+14 对照 raw 复核通过	复核通过	raw PDF p372=印刷·369·；图6.1；B36	
物理3-410	物理（第三册）	第1章	86	5130-5150	公式OCR	高	电容器串联：U_2重复→U_3=U_cd；U_as→U_ad；正文 C_3右/C_3左→C_2右/C_3左	已修	raw PDF p89=印刷·86·；图1.58邻接；B37	1d08144
物理3-411	物理（第三册）	第2章·复习题	192-193	13090-13192	正文OCR	高	复习题二第8题：U_AB=2U_OB→U_AC=2U_CB；图后「图、K2开…U_ac=I_Lb」→「闭、K2开…U_AC=U_CB」	已修	raw PDF p195–p196=印刷·192·–·193·；B37	1d08144
物理3-412	物理（第三册）	第2章·复习题	193	13198	正文OCR	高	复习题二第9题：「电动势8=4伏，电阻r=0.2」→「ε=4伏，内电阻 r=0.2」	已修	raw PDF p196=印刷·193·；B37	1d08144
物理3-413	物理（第三册）	第1章	约85	4870-4885	图拓扑/标注	低	图1.56 放电导线补 ->（上→下，合 raw）并更新 fig-alt	已修	raw PDF p88≈印刷·85·；图1.56；B37	1d08144
物理3-414	物理（第三册）	第2章	132	8709-8713	公式OCR	高	并联导体组：于路→干路；I=I1−I2→I=I1+I2（对照 raw）	已修	raw PDF p135=印刷·132·；图2.22邻接；B37	1d08144
物理3-415	物理（第三册）	第2章	152-153	10257-10333	公式OCR	高	例10：测得电流 I3→I2；ε=I2R2·I2r→+；消去式冒号/分母 I3→I2；代入 I3r→I1r	已修	raw PDF p155–p156=印刷·152·–·153·；图2.39；B37	1d08144
物理3-416	物理（第三册）	第2章	152	10241-10250	正文OCR	中	断路「U等于s」→「U等于ε」；短路「e/r」→「ε/r」	已修	raw PDF p155=印刷·152·；B37	1d08144
物理3-417	物理（第三册）	第2章	170	11478-11486	公式OCR	高	惠斯通：U_AB−U_AD1…→U_AB=U_AD；U_BC=U_DC；I1I2/I4I4→I1R1/I4R4	已修	raw PDF p173=印刷·170·；图2.50邻接；B37	1d08144
物理3-418	物理（第三册）	第2章·单元	约200	13638-13639	正文OCR	中	填充题：内电阻/电阻加数学模式；调节 R2→R_x（与题图一致）	已修	单元检查填充；B37	1d08144
物理3-419	物理（第三册）	第2章·答案	—	34100	答案OCR	低	复习题二答案「15.266.7米」→「15. 266.7米」分项空格	已修	答案；B37	1d08144
物理3-420	物理（第三册）	第4章	268	20610	图拓扑/标注	中	图4.9 原/副线圈(a)–(d)；raw 对照接通反向/断开同向与P/S复核通过	复核通过	raw PDF p271=印刷·268·；图4.9；B37	
物理3-421	物理（第三册）	第4章	约269	20668	图拓扑/标注	中	图4.10 AB∥CD 接通K感生方向；raw 对照 G/I/K 复核通过	复核通过	raw PDF p272≈印刷·269·；图4.10；B37	
物理3-422	物理（第三册）	第1章	86	5104	图拓扑/标注	中	图1.58 电容器串联；raw 对照 C1–C3 与 a/b/c/d 复核通过	复核通过	raw PDF p89=印刷·86·；图1.58；B37	
物理3-423	物理（第三册）	第2章	149	10122	图拓扑/标注	中	图2.37 闭合电路图；raw 对照 R/r/U1/U2 与电流箭复核通过	复核通过	raw PDF p152=印刷·149·；图2.37；B37	
物理3-424	物理（第三册）	第5章	318	24540	公式OCR	高	(5.5) T′=1/f→T=1/f（对照 raw）	已修	raw PDF p321=印刷·318·；(5.5)；B38	aa719da
物理3-425	物理（第三册）	第5章	318	24547	公式OCR	高	(5.6) ω=2πf−2π/T→ω=2πf=2π/T（减号当等号）	已修	raw PDF p321=印刷·318·；(5.6)；B38	aa719da
物理3-426	物理（第三册）	第5章	324	24876	公式OCR	高	习题5.2§2：i=l_m→I_m	已修	raw PDF p327=印刷·324·；习题5.2；B38	aa719da
物理3-427	物理（第三册）	第5章	324	24879	公式OCR	高	习题5.2§4：交变电流 t=2sin→i=2sin	已修	raw PDF p327=印刷·324·；习题5.2；B38	aa719da
物理3-428	物理（第三册）	总复习	—	33253-33254	正文OCR	高	第28题：200ω→200Ω（欧姆）	已修	总复习题；B38	aa719da
物理3-429	物理（第三册）	总复习	—	33762	正文OCR	中	「10徽法」→「10微法」	已修	总复习题；B38	aa719da
物理3-430	物理（第三册）	总复习	—	33755	正文OCR	低	「初位相位相差」→「初位相相差」	已修	总复习题；B38	aa719da
物理3-431	物理（第三册）	第2章	约140	9356	正文OCR	低	例9：电阻 R=60→(R=60)	已修	图2.30邻接；B38	aa719da
物理3-432	物理（第三册）	第4章	约288	22386	正文OCR	低	例6：导线电阻 R=0.3→(R=0.3)	已修	输电例；B38	aa719da
物理3-433	物理（第三册）	第7章	约430	31563-31568	公式OCR	中	LC例：T′→T（与(7.1)一致）	已修	固有周期例；B38	aa719da
物理3-434	物理（第三册）	第2章	151	10243-10245	正文OCR	高	图2.38邻接：断开开关E→K；I_r→Ir	已修	raw PDF p154=印刷·151·；图2.38；B38	aa719da
物理3-435	物理（第三册）	第2章	151	10221	图拓扑/标注	中	图2.38 改变R测U；raw 对照 R/K/ε/r/V 复核通过	复核通过	raw PDF p154=印刷·151·；图2.38；B38	
物理3-436	物理（第三册）	第6章	372	28399	图拓扑/标注	中	图6.6 电子/空穴/电流与E；raw 对照方向复核通过	复核通过	raw PDF p375=印刷·372·；图6.6；B38	
物理3-437	物理（第三册）	第5章	341	26475	图拓扑/标注	中	图5.24 电容通交隔直(a)(b)；raw 对照灯泡/K复核通过	复核通过	raw PDF p344=印刷·341·；图5.24；B38	
物理3-438	物理（第三册）	第2章	153	10310/10338/13675	正文OCR	中	「读度」→「读数」（3处；对照 raw）	已修	raw PDF p156=印刷·153·；例10/习题2.5/单元；B39	f1f22e6
物理3-439	物理（第三册）	第2章	153	10359/10363	正文OCR	中	习题2.5：捷路电流/捷路时→短路（正文「短路或叫捷路」保留）	已修	raw PDF p156=印刷·153·；习题2.5；B39	f1f22e6
物理3-440	物理（第三册）	第5章	约355	27251-27253	正文OCR	低	例8：自感系数 L=0.12、U=120→数学模式	已修	例8；B39	f1f22e6
物理3-441	物理（第三册）	第5章	约328	28012	正文OCR	低	习题：磁感应强度B=0.60→(B=0.60)	已修	习题5.x；B39	f1f22e6
物理3-442	物理（第三册）	第1–2章	—	3192/5204/8877/9312	正文OCR	低	裸赋值 Q/d/U/I 加数学模式	已修	例/正文；B39	f1f22e6
物理3-443	物理（第三册）	第3章	—	18518/18663/18971	正文OCR	低	习题 B=0.02/0.11/0.4 与 m=0.01 加数学模式	已修	第3章习题；B39	f1f22e6
物理3-444	物理（第三册）	答案	—	33983-34150	答案OCR	低	答案分项空格：1. 0.004/0.75/…、4. 32.69、7. 14瓦、1. 12000焦耳等	已修	习题1–3答案；B39	f1f22e6
物理3-445	物理（第三册）	第2章	144	9800	图拓扑/标注	中	图2.33 电池电源图；raw 对照 R/I/±/电子箭复核通过	复核通过	raw PDF p147=印刷·144·；图2.33；B39	
物理3-446	物理（第三册）	第2章	144	9828	图拓扑/标注	中	图2.34 发电机电源图；raw 对照 R/I/G/±复核通过	复核通过	raw PDF p147=印刷·144·；图2.34；B39	
物理3-447	物理（第三册）	第3章	208	14891	图拓扑/标注	中	图3.17 直线电流磁力线；raw 对照同心圆逆时针与电流向上复核通过	复核通过	raw PDF p211=印刷·208·；图3.17；B39	
物理3-448	物理（第三册）	第5章	322	24754	图拓扑/标注	中	图5.4 位相差(a)(b)；raw 对照 φ/ω 与 e_A/e_B 超前复核通过	复核通过	raw PDF p325=印刷·322·；图5.4；B39	
物理3-449	物理（第三册）	第5章	344	26647	图拓扑/标注	中	图5.26 耦合/旁路电容；raw 对照 C-R 串并联拓扑复核通过	复核通过	raw PDF p347=印刷·344·；图5.26；B39	
物理3-450	物理（第三册）	第6章	379	28827	图拓扑/标注	中	图6.12 PN结正向电压；raw 对照 P/N/内电场外电场/I 复核通过	复核通过	raw PDF p382=印刷·379·；图6.12；B39	
物理3-451	物理（第三册）	第1章	82	4862	图拓扑/标注	中	图1.55 电容器充电(a)(b)(c)；raw 对照极板接法与接地复核通过	复核通过	raw PDF p85=印刷·82·；图1.55；B39	
物理3-452	物理（第三册）	第2章	—	9315	内容疑误	高	例题干路电流：I=U/It → I=U/R（数值式仍用 12×2/(4−√2)）	已修	raw 邻接欧姆定律；B39	f1f22e6
物理3-453	物理（第三册）	第2章	约140	9357	正文OCR	低	例9：AB间电压 U=18→(U=18)	已修	图2.30邻接；B40	5bac292
物理3-454	物理（第三册）	第4章	—	23210-24104	正文OCR	低	习题：B=0.1/0.3/0.6、R=15、B=1、ε=0.4、r=0.1 进数学模式	已修	第4章习题/计算题；B40	5bac292
物理3-455	物理（第三册）	第5章	—	26379-28031	正文OCR	低	例5 L/U、例7 C/U、习题 U/f/I 进数学模式	已修	第5章例题习题；B40	5bac292
物理3-456	物理（第三册）	第7章	—	31556-32727	正文OCR	低	LC例 L/C、RLC例 L/C、习题 L=2.5 进数学模式	已修	第7章；B40	5bac292
物理3-457	物理（第三册）	第2章	约122	7630-7631	正文OCR	低	电阻率例解：L=8、I=1.4、U=2.5 进数学模式	已修	图2.13邻接；B40	5bac292
物理3-458	物理（第三册）	总复习	—	32956	正文OCR	低	I=1.5→(I=1.5)	已修	总复习题；B40	5bac292
物理3-459	物理（第三册）	答案	—	34068-34171	答案OCR	低	续扫答案分项空格（2. 5.8、3. 0.238、5. 0.05、7. 2.5等）	已修	习题2–3答案；B40	5bac292
物理3-460	物理（第三册）	第1章	84	5023	图拓扑/标注	中	图1.57 电容器并联；raw 对照 C1–C3/A/B/+ 复核通过	复核通过	raw PDF p87=印刷·84·；图1.57；B40	5bac292
物理3-461	物理（第三册）	第4章	277	21313	图拓扑/标注	中	图4.15 导线与磁力线夹角α；raw 对照 B/v/v′/v″ 复核通过	复核通过	raw PDF p280=印刷·277·；图4.15；B40	5bac292
物理3-462	物理（第三册）	第5章	321	24665	图拓扑/标注	中	图5.3 线圈与中性面夹角φ；raw 对照 ω/φ 复核通过	复核通过	raw PDF p324=印刷·321·；图5.3；B40	5bac292
物理3-463	物理（第三册）	第5章	329	25451	图拓扑/标注	中	图5.11 换向器(a)(b)(c)；raw 对照 K1/K2/中性面复核通过	复核通过	raw PDF p332=印刷·329·；图5.11；B40	5bac292
物理3-464	物理（第三册）	第5章	332	25832	图拓扑/标注	中	图5.17 旋转磁场(a)(b)；raw 对照三线圈120°复核通过	复核通过	raw PDF p335=印刷·332·；图5.17；B40	5bac292
物理3-465	物理（第三册）	第5章	345	26704	图拓扑/标注	中	图5.27 u/q 与 i 位相差；raw 对照同相/超前90°复核通过	复核通过	raw PDF p348=印刷·345·；图5.27；B40	5bac292
物理3-466	物理（第三册）	第6章	380	28886	图拓扑/标注	中	图6.13 PN结反向电压；raw 对照空间电荷区变厚与内外电场复核通过	复核通过	raw PDF p383=印刷·380·；图6.13；B40	5bac292
物理3-467	物理（第三册）	第5章	340	26368	公式OCR	高	感抗计算式 λ_L→X_L（对照 raw）	已修	raw PDF p343=印刷·340·；纯电感小结；B41	39027fe
物理3-468	物理（第三册）	第5章	约338	26168	正文OCR	高	实验(3)：电感 I→L（两处）	已修	图5.21邻接；B41	39027fe
物理3-469	物理（第三册）	第5章	约339	26185	正文OCR	高	「对交流电阻得作用」→「对交流电的阻碍作用」	已修	感抗定义段；B41	39027fe
物理3-470	物理（第三册）	第5章	约339	26197	正文OCR	中	「山以上讨论」→「由以上讨论」	已修	扼流圈段；B41	39027fe
物理3-471	物理（第三册）	第5章	340	26367	正文OCR	中	「交流电荷阻碍」→「交流电的阻碍」；电流「落后」→「滞后」（合 raw）	已修	raw PDF p343=印刷·340·；B41	39027fe
物理3-472	物理（第三册）	第5章	约338	26173	正文OCR	低	改变频率 f→(f)	已修	实验(4)；B41	39027fe
物理3-473	物理（第三册）	第1章	—	3370/4486	正文OCR	低	例16 l=2.0、例17 r=20 进数学模式	已修	例16/17；B41	39027fe
物理3-474	物理（第三册）	答案	—	34059-34100	答案OCR	低	续扫答案分项空格（习题2.3–2.7、复习题二）	已修	答案；B41	39027fe
物理3-475	物理（第三册）	第4章	270	20786	图拓扑/标注	中	图4.12 螺线管AB与环C/D；raw 对照复核通过	复核通过	raw PDF p273=印刷·270·；图4.12；B41	39027fe
物理3-476	物理（第三册）	第6章	377	28745	图拓扑/标注	中	图6.11 PN结形成(a)(b)；raw 对照扩散/空间电荷区复核通过	复核通过	raw PDF p380=印刷·377·；图6.11；B41	39027fe
物理3-477	物理（第三册）	第6章	382	29115	图拓扑/标注	中	图6.15 二极管单向导电；raw 对照正/反向复核通过	复核通过	raw PDF p385=印刷·382·；图6.15；B41	39027fe
物理3-478	物理（第三册）	第5章	356	27496	图拓扑/标注	中	图5.34 纯电感位相(a)(b)(c)；raw 对照复核通过	复核通过	raw PDF p359=印刷·356·；图5.34；B41	39027fe
物理3-479	物理（第三册）	第5章	357	27598	图拓扑/标注	中	图5.35 纯电容位相(a)(b)(c)；raw 对照复核通过	复核通过	raw PDF p360=印刷·357·；图5.35；B41	39027fe
物理3-480	物理（第三册）	第6章	384	29285	图拓扑/标注	中	图6.17 二极管测试；raw 对照正/反向/欧姆档复核通过	复核通过	raw PDF p387=印刷·384·；图6.17；B41	39027fe
物理3-481	物理（第三册）	第1章	—	1734	正文OCR	低	∴ x=0.4→(x=0.4)	已修	例题演算；B42	f37540e
物理3-482	物理（第三册）	第5章	约355	27358	正文OCR	高	习题：「超前于，却是落后于」→「还是落后于」	已修	习题5.5邻接；B42	f37540e
物理3-483	物理（第三册）	第5章	约339	26252/26343	正文OCR	中	电感位相提示/正文「落后」→「滞后」（与 raw/B41 一致）	已修	图5.23邻接；B42	f37540e
物理3-484	物理（第三册）	答案	—	33933/33943	答案OCR	低	「1.200伏」「1.1080伏」→分项空格	已修	第1章答案；B42	f37540e
物理3-485	物理（第三册）	答案	—	34076	答案OCR	低	习题2.6：4.1/3、5.1/3、6.5只→分项空格	已修	答案；B42	f37540e
物理3-486	物理（第三册）	答案	—	34145/34341	答案OCR	低	「5.8×10⁻³」「2.50次/秒」→分项空格	已修	习题3/5答案；B42	f37540e
物理3-487	物理（第三册）	答案	—	34431/34481	答案OCR	低	「4.72，80，80」「4.94皮法」→分项空格	已修	第6–7章答案；B42	f37540e
物理3-488	物理（第三册）	第2章·答案	—	34091	答案OCR	低	复习题二「A、B5伏」→「A、B 5伏」	已修	答案；B42	f37540e
物理3-489	物理（第三册）	第1章	80	4757	图拓扑/标注	中	图1.54 电介质对电容；(a)(b) 对照 raw 复核通过	复核通过	raw PDF p83=印刷·80·；图1.54；B42	f37540e
物理3-490	物理（第三册）	第1章	88	5306	图拓扑/标注	中	图1.60 混联电容；raw 对照复核通过	复核通过	raw PDF p91=印刷·88·；图1.60；B42	f37540e
物理3-491	物理（第三册）	第2章	135	8925	图拓扑/标注	中	图2.24 室内三灯；raw 对照复核通过	复核通过	raw PDF p138=印刷·135·；图2.24；B42	f37540e
物理3-492	物理（第三册）	第2章	137	9039	图拓扑/标注	中	图2.25 混联电阻网；raw 对照复核通过	复核通过	raw PDF p140=印刷·137·；图2.25；B42	f37540e
物理3-493	物理（第三册）	第5章	358	27683	图拓扑/标注	中	图5.36 R-X串联及矢量图；raw 对照复核通过	复核通过	raw PDF p361=印刷·358·；图5.36；B42	f37540e
物理3-494	物理（第三册）	第5章	359	27746	图拓扑/标注	中	图5.37 R-X并联及矢量图；raw 对照复核通过	复核通过	raw PDF p362=印刷·359·；图5.37；B42	f37540e
物理3-495	物理（第三册）	第4章等	约304/315/355/365	23316/24096-97/27141/28023	正文OCR	高	B40赋值残留字面\\n→真换行（B=0.6特/重量为/r=0.1/U=50/I=3）	已修	赋值邻接；B43	7c8899c
物理3-496	物理（第三册）	第5章	约365	28018	正文OCR	高	「超前一位相」→「超前一位相角」	已修	习题邻接；B43	7c8899c
物理3-497	物理（第三册）	第5章	约355	27323/27329	正文OCR	中	「位相落后于电压71.3°/90°」→「滞后」+数学角度	已修	例题；B43	7c8899c
物理3-498	物理（第三册）	答案	—	34087	答案OCR	低	复习题二「C、D``0''伏」→「C、D (0) 伏」	已修	答案；B43	7c8899c
物理3-499	物理（第三册）	第2章	137	9093/9096	公式OCR	高	开路：R1/R23/R45支路名；公式「+4/90」→「=4/90」	已修	raw PDF p140=印刷·137·；图2.26邻接；B43	7c8899c
物理3-500	物理（第三册）	第2章	138	9148-9172	公式OCR	高	闭合K：H24/R34/减号当等号等整段→R24/R35/RAB正确式	已修	raw PDF p141=印刷·138·；图2.27邻接；B43	7c8899c
物理3-501	物理（第三册）	第1章	39	2198	图拓扑/标注	中	图1.25 匀强电场路径功；raw 对照 E/A/B/C/θ/0.03米复核通过	复核通过	raw PDF p42=印刷·39·；图1.25；B43	7c8899c
物理3-502	物理（第三册）	第2章	137	9085	图拓扑/标注	中	图2.26 三支并联等效；raw 对照 R1–R5/C/D复核通过	复核通过	raw PDF p140=印刷·137·；图2.26；B43	7c8899c
物理3-503	物理（第三册）	第2章	137	9145	图拓扑/标注	中	图2.27 K闭合等效；raw 对照 R2∥R4、R3∥R5复核通过	复核通过	raw PDF p140=印刷·137·；图2.27；B43	7c8899c
物理3-504	物理（第三册）	第2章	138	9195	图拓扑/标注	中	图2.28 正四边形框架；raw 对照 A/D/B/C对角复核通过	复核通过	raw PDF p141=印刷·138·；图2.28；B43	7c8899c
物理3-505	物理（第三册）	第2章	138	9257	图拓扑/标注	中	图2.29 框架等效电路；raw 对照 2Ω/2√2Ω/I分流复核通过	复核通过	raw PDF p141=印刷·138·；图2.29；B43	7c8899c
物理3-506	物理（第三册）	第2章	161	10779	图拓扑/标注	中	图2.44 两点电势差(a)(b)(c)；raw 对照 R/ε/r 极性复核通过	复核通过	raw PDF p164=印刷·161·；图2.44；B43	7c8899c
物理3-507	物理（第三册）	第3章	206	14553	图拓扑/标注	中	图3.14 地磁场；raw 对照地理/地磁极与磁力线复核通过	复核通过	raw PDF p209=印刷·206·；图3.14；B43	7c8899c
物理3-508	物理（第三册）	第3章	209	15030	图拓扑/标注	中	图3.20 环形电流磁力线方向；raw 对照半环/N·S/±复核通过	复核通过	raw PDF p212=印刷·209·；图3.20；B43	7c8899c
物理3-509	物理（第三册）	第5章	354	27367/27373	公式OCR	高	§5.6：W=I²RI′→I²RT；P→P_平（两处）	已修	raw PDF p357=印刷·354·；B44	4294635
物理3-510	物理（第三册）	第5章	354	27347-27355	结构OCR	高	习题5.5：孤儿「5」并入enumerate；R=6.5→6.3；落后→滞后	已修	raw PDF p357=印刷·354·；B44	4294635
物理3-511	物理（第三册）	第2章	约199	13784/13787	正文OCR	中	外电阻R进数学模式；「串联而成电池」→「串联而成，电池」	已修	计算题；B44	4294635
物理3-512	物理（第三册）	第5章·复习题	—	33744	正文OCR	低	「初位相相差」→「初位相差」	已修	复习题五；B44	4294635
物理3-513	物理（第三册）	答案	481	34359	答案OCR	高	习题5.5：「36安」→「2.36安」+分项空格	已修	raw PDF p484=印刷·481·；B44	4294635
物理3-514	物理（第三册）	答案	481	34347	答案OCR	中	习题5.4(2)：「318欧」→「313欧」	已修	raw PDF p484=印刷·481·；B44	4294635
物理3-515	物理（第三册）	答案	481	34379/34394	答案OCR	中	复习题五题号5→8；单元检查「280欧」→「230欧」	已修	raw PDF p484=印刷·481·；B44	4294635
物理3-516	物理（第三册）	第3章	210	15073	图拓扑/标注	中	图3.21 安培定则判环形电流；raw 对照右手/B复核通过	复核通过	raw PDF p213=印刷·210·；图3.21；B44	4294635
物理3-517	物理（第三册）	第3章	211	15266	图拓扑/标注	中	图3.24 安培定则(二)螺线管；raw 对照 N/S/手势复核通过	复核通过	raw PDF p214=印刷·211·；图3.24；B44	4294635
物理3-518	物理（第三册）	第4章	282	21768	图拓扑/标注	中	图4.18 自感现象实验(二)；raw 对照灯泡∥L与K复核通过	复核通过	raw PDF p285=印刷·282·；图4.18；B44	4294635
物理3-519	物理（第三册）	第4章	290	22204	图拓扑/标注	中	图4.23 自耦变压器(a)(b)；raw 对照 n1/n2 升/降压复核通过	复核通过	raw PDF p293=印刷·290·；图4.23；B44	4294635
物理3-520	物理（第三册）	第6章	370	28243	图拓扑/标注	中	图6.3 硅(锗)共价键；raw 对照原子/电子对复核通过	复核通过	raw PDF p373=印刷·370·；图6.3；B44	4294635
物理3-521	物理（第三册）	第6章	393	29760	图拓扑/标注	中	图6.26 桥式整流简便画法；raw 对照菱形二极管复核通过	复核通过	raw PDF p396=印刷·393·；图6.26；B44	4294635
物理3-522	物理（第三册）	第5章	348	26923	正文OCR	高	（5.18）（5.20）「并欧姆」→「是欧姆」；「位相为」→「位相差为」	已修	raw PDF p351=印刷·348·；B45	d90db7f
物理3-523	物理（第三册）	第5章	348	26933-26935	正文OCR	中	RL串联：「落后一个/的位相」→「滞后」	已修	图5.29邻接；B45	d90db7f
物理3-524	物理（第三册）	第5章·复习题	365-366	28008-28020	结构OCR	高	复习题五§7–10：断enumerate并回；「总信号源」→「从信号源」；「电压中电流」→「电路中电流」	已修	raw PDF p368–369；B45	d90db7f
物理3-525	物理（第三册）	第7章	约436	31788	结构OCR	高	习题7.2：孤儿「6 上海…」→第5题并入enumerate	已修	对照答案λ=3.52米；B45	d90db7f
物理3-526	物理（第三册）	答案	482	34438	答案OCR	高	习题7.1：「I=10毫安」→「I=1.0毫安」	已修	raw PDF p485=印刷·482·；B45	d90db7f
物理3-527	物理（第三册）	答案	481	34364	答案OCR	低	复习题五「0.45.」→「0.45（功率因数）」	已修	raw PDF p484=印刷·481·；B45	d90db7f
物理3-528	物理（第三册）	第6章	约371	28401	正文OCR	中	习题6.1：「修正电」→「带正电」	已修	习题；B45	d90db7f
物理3-529	物理（第三册）	答案	482	34464	答案OCR	低	复习题七答案题号分项空格	已修	答案；B45	d90db7f
物理3-530	物理（第三册）	第3章	216	15727	图拓扑/标注	中	图3.28 测磁感应强度；raw 对照弹簧秤/蹄形磁铁/L复核通过	复核通过	raw PDF p219=印刷·216·；图3.28；B45	d90db7f
物理3-531	物理（第三册）	第3章	218	15834	图拓扑/标注	中	图3.29 匀强磁场；raw 对照 N/S 与平行磁力线复核通过	复核通过	raw PDF p221=印刷·218·；图3.29；B45	d90db7f
物理3-532	物理（第三册）	第3章	238	17555	图拓扑/标注	中	图3.48 磁场对运动电荷；raw 对照 B/v/α 分解复核通过	复核通过	raw PDF p241=印刷·238·；图3.48；B45	d90db7f
物理3-533	物理（第三册）	第4章	300	22915	图拓扑/标注	中	图4.28 感应炉；raw 对照铁心/线圈I/坩埚II复核通过	复核通过	raw PDF p303=印刷·300·；图4.28；B45	d90db7f
物理3-534	物理（第三册）	第6章	411	30641	图拓扑/标注	中	图6.37 基极电流交直流分解；raw 对照复核通过	复核通过	raw PDF p414=印刷·411·；图6.37；B45	d90db7f
物理3-535	物理（第三册）	第7章	457	32621	图拓扑/标注	中	图7.27 示波管；raw 对照电子枪/偏转/屏复核通过	复核通过	raw PDF p460=印刷·457·；图7.27；B45	d90db7f
物理3-536	物理（第三册）	第5章	360	27776-27810	公式OCR	高	例10：落后→滞后；X_O→X_C（感抗容抗）	已修	raw PDF p363≈印刷·360·；B46	116b38b
物理3-537	物理（第三册）	第5章·提要	约364	27929/27951	结构OCR	高	提要：纯电感落后→滞后；功率P=IUcosφ并入enumerate	已修	本章提要；B46	116b38b
物理3-538	物理（第三册）	第5章·单元	约366	28027-28040	结构OCR	高	单元检查计算题2：断enumerate，e=…并回题干	已修	单元检查；B46	116b38b
物理3-539	物理（第三册）	第1章·提要	约72	5670	结构OCR	中	提要：a=qE/m与动能/eV并入enumerate	已修	本章提要；B46	116b38b
物理3-540	物理（第三册）	第2章·提要	约183	12675	结构OCR	中	提要：全电路I=ε/(R+r)并入enumerate	已修	本章提要；B46	116b38b
物理3-541	物理（第三册）	第3章·提要	约237	18048	结构OCR	中	提要：Φ=BS与韦伯定义并入enumerate	已修	本章提要；B46	116b38b
物理3-542	物理（第三册）	第3章	225	16406-16415	结构OCR	高	习题3.4：孤儿6并入；题7「定向」→「固定」+补全残句	已修	raw PDF p228=印刷·225·；B46	116b38b
物理3-543	物理（第三册）	总复习	—	33297	结构OCR	中	第33题「33、」→enumerate；i→i1/i2	已修	总复习题；B46	116b38b
物理3-544	物理（第三册）	第3章	220	15925	图拓扑/标注	中	图3.30 通电导线与B成θ；raw 对照分解复核通过	复核通过	raw PDF p223=印刷·220·；图3.30；B46	116b38b
物理3-545	物理（第三册）	第3章	221	16061	图拓扑/标注	中	图3.31 电流/磁场/力方向(a)–(d)；raw 对照复核通过	复核通过	raw PDF p224=印刷·221·；图3.31；B46	116b38b
物理3-546	物理（第三册）	第3章	222	16111	图拓扑/标注	中	图3.32 左手定则；raw 对照掌心/四指/拇指复核通过	复核通过	raw PDF p225=印刷·222·；图3.32；B46	116b38b
物理3-547	物理（第三册）	第3章	239	17612	图拓扑/标注	中	图3.49 圆周运动(a)(b)；raw 对照±q与f复核通过	复核通过	raw PDF p242=印刷·239·；图3.49；B46	116b38b
物理3-548	物理（第三册）	第6章	412	30646	图拓扑/标注	中	图6.38 集电极电流交直流分解；raw 对照复核通过	复核通过	raw PDF p415=印刷·412·；图6.38；B46	116b38b
物理3-549	物理（第三册）	第6章	413	30677	图拓扑/标注	中	图6.39 集电极电压交直流分解；raw 对照复核通过	复核通过	raw PDF p416=印刷·413·；图6.39；B46	116b38b
物理3-550	物理（第三册）	习题答案	475	33878-33882	答案OCR	高	习题1.6(1)：2./5./9.缺空；7.45焦→7. 45焦；8.30伏→8. 30伏	已修	raw PDF p478=印刷·475·；B47	fdf8fd8
物理3-551	物理（第三册）	习题答案	475	33888-33891	答案OCR	高	习题1.6(2)：2.电势缺空；8.8伏→8. 8伏	已修	raw PDF p478=印刷·475·；B47	fdf8fd8
物理3-552	物理（第三册）	习题答案	475	33901	公式OCR	高	习题1.7答：y=qEl^3/(2mv0^3)→l^2/v0^2（对照正文(1.18)/raw）	已修	raw PDF p478=印刷·475·；B47	fdf8fd8
物理3-553	物理（第三册）	习题答案	476	33925	答案OCR	中	习题1.10(1)：原书跳号，5. 1.8微库→6. 1.8微库	已修	raw PDF p479=印刷·476·；B47	fdf8fd8
物理3-554	物理（第三册）	习题答案	476	33930-33933	答案OCR	高	习题1.10(2)：2.因缺空；K闭合C1,C2→C1,C3；5.2微库→5. 2微库	已修	raw PDF p479=印刷·476·；B47	fdf8fd8
物理3-555	物理（第三册）	习题答案	476	33938	答案OCR	低	复习题一：q0.03→q\,0.03	已修	raw PDF p479=印刷·476·；B47	fdf8fd8
物理3-556	物理（第三册）	习题答案	477-481	34029/34094	答案OCR	低	习题2.8「5.银」；习题3.4(1)「7.逆/8.弹」补空格	已修	答案章；B47	fdf8fd8
物理3-557	物理（第三册）	第5章	约350-355	27068-27656	正文OCR	中	RLC/纯电感/并联：电路语境落后→滞后（对照提要已修口径）	已修	§5.5–5.6；B47	fdf8fd8
物理3-558	物理（第三册）	第1章	18	982	图拓扑/标注	中	图1.12 异种点电荷；raw 对照 Q1+/Q2−、F相向、r复核通过	复核通过	raw PDF p21=印刷·18·；图1.12；B47	fdf8fd8
物理3-559	物理（第三册）	第2章	103	6302	图拓扑/标注	中	图2.3 持续电流；raw 对照两导体/电源E/U1>U2复核通过	复核通过	raw PDF p106=印刷·103·；图2.3；B47	fdf8fd8
物理3-560	物理（第三册）	第3章	201	14070	图拓扑/标注	中	图3.4 简易罗盘；raw 对照北南东西与磁针复核通过	复核通过	raw PDF p204=印刷·201·；图3.4；B47	fdf8fd8
物理3-561	物理（第三册）	第3章	201	14118	图拓扑/标注	中	图3.5 磁极相互作用；raw 对照悬磁/手持N-N相斥复核通过	复核通过	raw PDF p204=印刷·201·；图3.5；B47	fdf8fd8
物理3-562	物理（第三册）	第6章	415	30756	图拓扑/标注	中	图6.40 Ib较大负峰削去；raw 对照(a)(b)波形复核通过	复核通过	raw PDF p418≈印刷·415·；图6.40；B47	fdf8fd8
物理3-563	物理（第三册）	第6章	415	30790	图拓扑/标注	中	图6.41 Ib较小正峰削去；raw 对照(a)(b)波形复核通过	复核通过	raw PDF p418=印刷·415·；图6.41；B47	fdf8fd8
物理3-564	物理（第三册）	第2章	123-124	8140-8146	正文OCR	高	电功率定义：功配→功跟；跨页「比叫/做电功率」→「比叫做电功率」	已修	raw PDF p126–127=印刷·123·–·124·；B48	85710d1
物理3-565	物理（第三册）	第5章	346	26706	正文OCR	高	例6：能容抗→的容抗；电压表的表示式→由电压的表示式	已修	raw PDF p349=印刷·346·；B48	85710d1
物理3-566	物理（第三册）	第5章	345-346	26523-26719	公式OCR	中	容抗下标 X_c→X_C（8处；对照 raw 与附录）	已修	§5.4；B48	85710d1
物理3-567	物理（第三册）	第5章·提要	348-364	26907/27212/27982	正文OCR	中	一位相角→一个位相角（3处；对照 raw·349·）	已修	§5.5/提要；B48	85710d1
物理3-568	物理（第三册）	第5章	341	26447-26448	正文OCR	高	可以发现。→，；「交流电是电电容器的呢」→「怎样通过电容器的呢」	已修	raw PDF p344=印刷·341·；B48	85710d1
物理3-569	物理（第三册）	第5章	342	26459	公式OCR	高	u=q/Q→q/C（对照 raw·342·）	已修	raw PDF p345=印刷·342·；B48	85710d1
物理3-570	物理（第三册）	第5章	347	26765	公式OCR	高	RL串联：v_L→u_L（与 u_R 并列）	已修	§5.5；B48	85710d1
物理3-571	物理（第三册）	第5章·答案	481	26732/34298	公式OCR	高	习题5.4(2)：题干400μ→400赫；答案313→318欧（对照计算与raw；回退B44误改）	已修	raw PDF p484=印刷·481·；B48	85710d1
物理3-572	物理（第三册）	习题答案	479	34192	答案OCR	低	习题4.5：8.不超过→8. 不超过	已修	raw PDF p482=印刷·479·；B48	85710d1
物理3-573	物理（第三册）	习题答案	479-480	34197-34226	结构OCR	高	复习题四：空item并入longtable；表头4→A；题7答 L_2→L_4；显著逗号	已修	raw PDF p482–483=印刷·479·–·480·；B48	85710d1
物理3-574	物理（第三册）	第4章	269	20672	图拓扑/标注	中	图4.11 K闭合·/×与I_AB；raw 对照复核通过	复核通过	raw PDF p272=印刷·269·；图4.11；B48	85710d1
物理3-575	物理（第三册）	第4章	273	21071	图拓扑/标注	中	图4.13 感生电动势(a)(b)；raw 对照N/S、M、+/-与f复核通过	复核通过	raw PDF p276=印刷·273·；图4.13；B48	85710d1
物理3-576	物理（第三册）	第6章	390	29603	图拓扑/标注	中	图6.23 桥式整流；raw 对照D1–D4/a–d/R复核通过	复核通过	raw PDF p393=印刷·390·；图6.23；B48	85710d1
物理3-577	物理（第三册）	第6章	395	29798	图拓扑/标注	中	图6.28 电容滤波(a)(b)；raw 对照桥式+C/R与波形复核通过	复核通过	raw PDF p398=印刷·395·；图6.28；B48	85710d1
物理3-578	物理（第三册）	第6章	398	30052	图拓扑/标注	中	图6.31 PNP结构/符号；raw 对照(a)(b)(c)发射极箭向基极复核通过	复核通过	raw PDF p402≈印刷·398·；图6.31；B48	85710d1
物理3-579	物理（第三册）	第7章	426	31275	图拓扑/标注	中	图7.1 振荡电路；raw 对照L/G/C/B/K与触点1/2复核通过	复核通过	raw PDF p429=印刷·426·；图7.1；B48	85710d1
物理3-580	物理（第三册）	总复习题	468	33249	正文OCR	高	总复习题31：查在很长→套在很长（对照 raw·468·）	已修	raw PDF p471=印刷·468·；B49	e4e80be
物理3-581	物理（第三册）	总复习题	468	33289	正文OCR	高	总复习题32：N等与10→N=10（对照 raw·468·）	已修	raw PDF p471=印刷·468·；B49	e4e80be
物理3-582	物理（第三册）	总复习题	469	33393-33396	正文OCR	高	总复习题37：R1−R2−R3=R4→R1=R2=R3=R4；t=4→ε=4；0.5次→0.5米	已修	raw PDF p472=印刷·469·；B49	e4e80be
物理3-583	物理（第三册）	总复习题	470	33406	正文OCR	高	总复习题38：非伯→韦伯（对照 raw·470·）	已修	raw PDF p473=印刷·470·；B49	e4e80be
物理3-584	物理（第三册）	总复习题	470	33455	正文OCR	高	总复习题39：B=1欧→R=1欧；两板→两极板（对照 raw·470·）	已修	raw PDF p473=印刷·470·；B49	e4e80be
物理3-585	物理（第三册）	习题答案	482-483	34441-34443	答案OCR	高	单元检查6–7答：U_eb→U_ec；C≠100→C=100（对照 raw·483·）	已修	raw PDF p486=印刷·483·；B49	e4e80be
物理3-586	物理（第三册）	习题答案	483	34473	答案OCR	高	总复习答33：b₁a→bi₂a（对照 raw·483·与题图i₂）	已修	raw PDF p486=印刷·483·；B49	e4e80be
物理3-587	物理（第三册）	习题答案	483	34474	答案OCR	高	总复习答37(2)：U₁/I₁→U↑/I↓（对照 raw·483·）	已修	raw PDF p486=印刷·483·；B49	e4e80be
物理3-588	物理（第三册）	习题答案	483	34478	公式OCR	高	总复习答41：i²→l²（对照 raw·483·与题干导线长l）	已修	raw PDF p486=印刷·483·；B49	e4e80be
物理3-589	物理（第三册）	习题答案	483-484	34463/34488	答案OCR	中	总复习答：0。20.→0。 20.；补题号46.（对照 raw·483·–·484·）	已修	raw PDF p486–487；B49	e4e80be
物理3-590	物理（第三册）	第2章	约104	6333	正文OCR	中	电流定义：越少。电流→越少，电流	已修	§2.1；B49	e4e80be
物理3-591	物理（第三册）	第4章	287	22029	图拓扑/标注	中	图4.22 变压器结构；raw 对照原/副线圈、U1/U2、ε、N、铁心复核通过	复核通过	raw PDF p290=印刷·287·；图4.22；B49	e4e80be
物理3-592	物理（第三册）	第5章	347	26798	图拓扑/标注	中	图5.28 RL串联；raw 对照u/R/L与u_R/u_L复核通过	复核通过	raw PDF p350=印刷·347·；图5.28；B49	e4e80be
物理3-593	物理（第三册）	第7章	439	31822	图拓扑/标注	中	图7.10 开放电路耦合；raw 对照L/C与天线地线复核通过	复核通过	raw PDF p442=印刷·439·；图7.10；B49	e4e80be
物理3-594	物理（第三册）	第2章	174	11871	正文OCR	高	复习题二第4题：月膏电池→蓄电池（对照 raw·174·）	已修	raw PDF p177=印刷·174·；B50	2df46a8
物理3-595	物理（第三册）	第2章	174	11877-11932	正文OCR	高	复习题二第6题：指示→图示；Z→L；R_n→R_x（对照 raw·174·）	已修	raw PDF p177=印刷·174·；B50	2df46a8
物理3-596	物理（第三册）	第2章	约198	13835	公式OCR	高	单元检查题（第2章）第4题：电动势 s→ε（对照 raw 与 fig-alt）	已修	单元检查题（第2章）；B50	2df46a8
物理3-597	物理（第三册）	第4章	282	21693	正文OCR	高	§4.4 自感：线圈 I_4→L（对照 raw·282·与图4.17 标 L）	已修	raw PDF p285=印刷·282·；B50	2df46a8
物理3-598	物理（第三册）	第5章	313	24482	正文OCR	高	习题5.1：C、003秒→0.003秒（对照 raw·313·）	已修	raw PDF p316=印刷·313·；B50	2df46a8
物理3-599	物理（第三册）	第5章	313	24485	公式OCR	高	习题5.1第4题：BA_0→BAω（对照 raw·313·）	已修	raw PDF p316=印刷·313·；B50	2df46a8
物理3-600	物理（第三册）	第5章	313	24489-24490	公式OCR	高	习题5.1第5题：两相环→两滑环；2NBW→2NBlv；c/cb→v/ab（对照 raw·313·）	已修	raw PDF p316=印刷·313·；B50	2df46a8
物理3-601	物理（第三册）	总复习题	约465	32951	公式OCR	高	总复习题：电动势 s=2→ε=2（对照 raw）	已修	总复习题；B50	2df46a8
物理3-602	物理（第三册）	总复习题	约469	33351	公式OCR	高	总复习题：\bar{r}=2/(cπ)ε_m→\bar{ε}=2/π ε_m（对照 raw）	已修	总复习题；B50	2df46a8
物理3-603	物理（第三册）	总复习题	约470	33549	公式OCR	高	总复习题：感生电动势 s=Blv→ε=Blv（对照 raw）	已修	总复习题；B50	2df46a8
物理3-604	物理（第三册）	第5章	313	24136	图拓扑/标注	中	图5.1 矩形线圈转动；raw 对照N/S、abcd、滑环A/B与电刷K/L复核通过	复核通过	raw PDF p316=印刷·313·；图5.1；B50	2df46a8
物理3-605	物理（第三册）	第5章	313	24335	图拓扑/标注	中	图5.2 交流电变化规律；raw 对照(a)–(h)线圈位形与ω复核通过	复核通过	raw PDF p316=印刷·313·；图5.2；B50	2df46a8
物理3-606	物理（第三册）	第2章	176	12045	图拓扑/标注	中	图2.54 液体导电实验；raw 对照烧杯电极与外电路复核通过	复核通过	raw PDF p179=印刷·176·；图2.54；B50	2df46a8
物理3-607	物理（第三册）	第6章	400	30108	图拓扑/标注	中	图6.32 NPN结构/符号；raw 对照(a)(b)(c)发射极箭向外复核通过	复核通过	raw PDF p403=印刷·400·；图6.32；B50	2df46a8
物理3-608	物理（第三册）	第2章	约171	12918	公式OCR	高	复习题二第2题：电源 s1/s2→ε1/ε2（对照 raw 与图注ε）	已修	复习题二；B51	f547526
物理3-609	物理（第三册）	第2章	约171	12922	公式OCR	高	复习题二第3题：s=6→ε=6（对照 raw）	已修	复习题二；B51	f547526
物理3-610	物理（第三册）	第2章	约171	12926	正文OCR	高	复习题二：第3/4题粘连拆分\item（对照 raw·174·附近题序）	已修	复习题二；B51	f547526
物理3-611	物理（第三册）	第2章	约173	13335	公式OCR	高	复习题二第14题：电源电动势 s=12→ε=12（对照 raw）	已修	复习题二；B51	f547526
物理3-612	物理（第三册）	第6～7章	462	32760	正文OCR	高	单元检查6–7第3题：JC回路→LC回路（对照 raw·462·）	已修	raw PDF p465=印刷·462·；B51	f547526
物理3-613	物理（第三册）	第6～7章	462	32771	公式OCR	高	单元检查6–7第7题：B_c→E_c（对照 raw·462·）	已修	raw PDF p465=印刷·462·；B51	f547526
物理3-614	物理（第三册）	总复习题	463	32782	正文OCR	高	总复习题1：全箔验电器→金箔验电器（对照 raw·463·）	已修	raw PDF p466=印刷·463·；B51	f547526
物理3-615	物理（第三册）	总复习题	463	32785	公式OCR	高	总复习题2：正电荷 g→q（对照 raw·463·）	已修	raw PDF p466=印刷·463·；B51	f547526
物理3-616	物理（第三册）	总复习题	463	32797	正文OCR	中	总复习题4提示：4q1q2]→4q1q2）］闭合括号（对照 raw）	已修	总复习题；B51	f547526
物理3-617	物理（第三册）	总复习题	464	32817	正文OCR	高	总复习题10：间至少→问至少（对照 raw·464·）	已修	raw PDF p467=印刷·464·；B51	f547526
物理3-618	物理（第三册）	第1章	96	5783	正文OCR	中	复习题一第4题：裸「4 如附图」纳入 enumerate start=4	已修	raw PDF p99=印刷·96·；B51	f547526
物理3-619	物理（第三册）	第1章	97	5844	正文OCR	高	复习题一第5题：L和B→A和B（对照 raw·97·与题设两球）	已修	raw PDF p100=印刷·97·；B51	f547526
物理3-620	物理（第三册）	第2章	105	6406	图拓扑/标注	中	图2.4 电流方向；raw 对照A/B、U1/U2、I与电子流箭向复核通过	复核通过	raw PDF p108=印刷·105·；图2.4；B51	f547526
物理3-621	物理（第三册）	第2章	约109	6973	图拓扑/标注	中	图2.11 伏特表连接；(a)(b)(c) 并L1/L2/总电压复核通过	复核通过	raw PDF p112–113≈印刷·109·–·110·；图2.11；B51	f547526
物理3-622	物理（第三册）	第3章	202	14226	图拓扑/标注	中	图3.7 磁感应（一）；raw 对照(a)无磁性/(b)磁化吸铁屑复核通过	复核通过	raw PDF p205=印刷·202·；图3.7；B51	f547526
物理3-623	物理（第三册）	第6章	约411	30578	图拓扑/标注	中	图6.36 放大器与Ib/Ic/Uce；raw 对照(a)–(d)标注复核通过	复核通过	raw PDF p414≈印刷·411·；图6.36；B51	f547526
物理3-624	物理（第三册）	第1章	约86	5181	公式OCR	高	例21：相对介电常数 s_r→ε_r（对照 raw·86·与全书 ε_r 口径）	已修	raw PDF p89≈印刷·86·；B52	98655a2
物理3-625	物理（第三册）	第1章	约48	2631	正文OCR	中	习题：1个 q→一个 q（对照 raw）	已修	习题邻接；B52	98655a2
物理3-626	物理（第三册）	第1章	50	2859-2860	标点OCR	中	场强单位换算：库所以/库可见→库，所以／库。可见（对照 raw·50·）	已修	raw PDF p53=印刷·50·；B52	98655a2
物理3-627	物理（第三册）	第2章	约128	8167	标点OCR	中	电功率单位：瓦特根据→瓦特。根据（断句）	已修	§2.3；B52	98655a2
物理3-628	物理（第三册）	第2章	130	8522	正文OCR	高	习题2.3第6题：行移内→每秒内（对照 raw·130·）	已修	raw PDF p133=印刷·130·；B52	98655a2
物理3-629	物理（第三册）	第2章	约190	12749	标点OCR	中	提要：伏安法根据→伏安法。根据（断句）	已修	本章提要；B52	98655a2
物理3-630	物理（第三册）	第3章	约245	17035	标点OCR	中	电流表扩程：欧姆可见→欧姆。可见（断句）	已修	§3.4；B52	98655a2
物理3-631	物理（第三册）	总复习题	464	32844	正文OCR	高	总复习题11：电容器究有→充有（对照 raw·464·）	已修	raw PDF p467=印刷·464·；B52	98655a2
物理3-632	物理（第三册）	总复习题	约473	33731	正文OCR	高	总复习题51：BLC→RLC 串联电路（对照 raw）	已修	raw PDF p476≈印刷·473·；B52	98655a2
物理3-633	物理（第三册）	习题答案	答案	34107	结构OCR	中	习题3.4（2）答：11.30伏→11. 30伏（题号与答粘连）	已修	习题答案；B52	98655a2
物理3-634	物理（第三册）	习题答案	答案	34312	标点OCR	中	习题5.5答：2.36安电流→2.36安，电流滞后（断句）	已修	习题答案；B52	98655a2
物理3-635	物理（第三册）	第1章	50	2898	图拓扑/标注	中	图1.33 匀强电场A/B/C；raw 对照E向右、直角虚线复核通过	复核通过	raw PDF p53=印刷·50·；图1.33；B52	98655a2
物理3-636	物理（第三册）	第2章	107	6546	图拓扑/标注	中	图2.6 两灯串联；raw 对照L1/L2/K与电路图复核通过	复核通过	raw PDF p110=印刷·107·；图2.6；B52	98655a2
物理3-637	物理（第三册）	第2章	107	6626	图拓扑/标注	中	图2.7 两灯并联；raw 对照L1/L2/K与A/B支路复核通过	复核通过	raw PDF p110=印刷·107·；图2.7；B52	98655a2
物理3-638	物理（第三册）	第3章	202	14261	图拓扑/标注	中	图3.8 磁感应（二）；raw 对照N极/铁棒S·N与磁针复核通过	复核通过	raw PDF p205=印刷·202·；图3.8；B52	98655a2
物理3-639	物理（第三册）	第2章	158	10573	标点OCR	中	例11解（2）：0.197安由于→安。由于（对照 raw·158·）	已修	raw PDF p161=印刷·158·；B53	34b69b0
物理3-640	物理（第三册）	第2章	158	10577	标点OCR	中	例11解（3）：0.053安由于→安。由于（对照 raw·158·）	已修	raw PDF p161=印刷·158·；B53	34b69b0
物理3-641	物理（第三册）	第2章	162	10818	公式OCR	高	例13：ε_B→ε_2（对照 raw·162·与题设ε₂）	已修	raw PDF p165=印刷·162·；例13；B53	34b69b0
物理3-642	物理（第三册）	第2章	162-163	10862-10879	正文OCR	高	例13分析：B、O/O点/U_0→B、C/C点/U_C（对照 raw 图2.45 点C）	已修	raw PDF p165–p166=印刷·162·–·163·；图2.45邻接；B53	34b69b0
物理3-643	物理（第三册）	第2章	163	10885-10922	公式OCR	高	例13：U_AO→U_AC（公式与（4）答；对照 raw·163·与题问A,C）	已修	raw PDF p166=印刷·163·；例13；B53	34b69b0
物理3-644	物理（第三册）	第2章	163	10924-10926	标点OCR	中	例13（5）：6\n瓦蓄电池→6 瓦 / 蓄电池（断句；对照 raw·163·）	已修	raw PDF p166=印刷·163·；例13；B53	34b69b0
物理3-645	物理（第三册）	第2章	答案	34044	公式OCR	高	复习题二第13题答：5欧→5.5欧（对照 raw 与ε_G/ε_B计算）	已修	答案；复习题二；B53	34b69b0
物理3-646	物理（第三册）	第2章	答案	34045	公式OCR	高	复习题二第14题答：U_OB→U_OD（对照题问输出端OD）	已修	答案；复习题二；B53	34b69b0
物理3-647	物理（第三册）	第5章	328	25289	正文OCR	高	§5.3：交流电的成月→应用（对照 raw·328·）	已修	raw PDF p331=印刷·328·；B53	34b69b0
物理3-648	物理（第三册）	第3章	205	14422	图拓扑/标注	中	图3.11 磁力线；raw 对照A/B/C切线箭向复核通过	复核通过	raw PDF p208=印刷·205·；图3.11；B53	34b69b0
物理3-649	物理（第三册）	第1章	51	2973	图拓扑/标注	中	图1.34 等势面与电力线；raw 对照+Q、U1–U5、A/B复核通过	复核通过	raw PDF p54=印刷·51·；图1.34；B53	34b69b0
物理3-650	物理（第三册）	第3章	224	16296	图拓扑/标注	中	图3.34 平行电流磁场(a)(b)；raw 对照反向/同向磁力线复核通过	复核通过	raw PDF p227=印刷·224·；图3.34；B53	34b69b0
物理3-651	物理（第三册）	第3章	224	16330	图拓扑/标注	中	图3.35 反向电流相斥；raw 对照a·/b×、B、F复核通过	复核通过	raw PDF p227=印刷·224·；图3.35；B53	34b69b0
物理3-652	物理（第三册）	第1章	12	654	标点OCR	中	法拉第圆筒：圆筒C.实验→圆筒 C。实验（对照 raw·12·）	已修	raw PDF p15=印刷·12·；图1.9邻接；B54	6bf725a
物理3-653	物理（第三册）	第1章	75	4453-4458	正文OCR	高	导体电容：所需要的电电容的定义因为→电量。因为；补提示「电容的定义」（对照 raw·75·侧栏）	已修	raw PDF p78=印刷·75·；B54	6bf725a
物理3-654	物理（第三册）	第1章	75	4454	公式OCR	高	法拉符号 I′→F（对照 raw·75·）	已修	raw PDF p78=印刷·75·；B54	6bf725a
物理3-655	物理（第三册）	第1章	75	4465	公式OCR	高	皮法符号 p^U→pF（对照 raw·75·）	已修	raw PDF p78=印刷·75·；B54	6bf725a
物理3-656	物理（第三册）	第1章	83	4973	正文OCR	高	习题：把它与两板/充电多少→把它的两板/带电多少（对照 raw·83·）	已修	raw PDF p86=印刷·83·；习题1.10；B54	6bf725a
物理3-657	物理（第三册）	第1章	83	4975	正文OCR	高	习题：两块电容器是20厘米→两块半径都是20厘米（对照 raw·83·与答0.056微法）	已修	raw PDF p86=印刷·83·；习题1.10；B54	6bf725a
物理3-658	物理（第三册）	第6章	约391	28068	正文OCR	中	§6.1：半导体所以→半导体之所以（与上文之所以口径一致）	已修	§6.1；B54	6bf725a
物理3-659	物理（第三册）	第6章	约411	30716	正文OCR	中	放大器所以→放大器之所以	已修	放大器邻接；B54	6bf725a
物理3-660	物理（第三册）	总复习题	466	33130-33132	公式OCR	高	总复习第24题：e→ε；U_OD→U_CD（对照 raw·466·–·467·）	已修	raw PDF p469–p470=印刷·466·–·467·；B54	6bf725a
物理3-661	物理（第三册）	总复习题	466-467	33070-33140	结构OCR	中	总复习第23/24题：图（第23题）/（第24题）归位，第24题正文连贯	已修	总复习题；B54	6bf725a
物理3-662	物理（第三册）	第1章	44	2405-2441	图拓扑/标注	高	图1.26(b)：误作−Q/场向内→按 raw 改为+Q、B近A远、位移向内（对照 raw·44·）	已修	raw PDF p47=印刷·44·；图1.26；B54	6bf725a
物理3-663	物理（第三册）	第1章	45	2563	图拓扑/标注	中	图1.28 非匀强电场P→Q；raw 对照电力线与P/Q复核通过	复核通过	raw PDF p48=印刷·45·；图1.28；B54	6bf725a
物理3-664	物理（第三册）	第1章	54	3181	图拓扑/标注	中	图1.36 匀强电场A/B与E；raw 对照四线向右复核通过	复核通过	raw PDF p57=印刷·54·；图1.36；B54	6bf725a
物理3-665	物理（第三册）	第3章	208	14853	图拓扑/标注	中	图3.16 直线电流磁场；raw 对照纸板/铁屑同心圆/电流方向复核通过	复核通过	raw PDF p211=印刷·208·；图3.16；B54	6bf725a
物理3-666	物理（第三册）	第1章	62	3664	正文OCR	高	油滴实验：多个余电子→1个多余电子（对照 raw·62·）	已修	raw PDF p65=印刷·62·；B55	659b975
物理3-667	物理（第三册）	第1章	62	3666	正文OCR	高	油滴结论：无限可分的''→*；原子数→原子核（对照 raw·62·脚注与正文）	已修	raw PDF p65=印刷·62·；B55	659b975
物理3-668	物理（第三册）	第1章	63	3686-3695	结构OCR	中	习题1.7第4题：裸「4」纳入 enumerate[start=4]（与第5题口径一致）	已修	习题1.7；B55	659b975
物理3-669	物理（第三册）	第7章	433	31548	标点OCR	中	麦克斯韦电磁场理论、→理论：（对照 raw·433·邻接）	已修	raw PDF p436=印刷·433·；B55	659b975
物理3-670	物理（第三册）	第7章	433-434	31550-31590	正文OCR	高	（1）（2）变化的磁/电场产生电/磁场：标题与正文粘连补冒号	已修	raw PDF p436–p437；B55	659b975
物理3-671	物理（第三册）	第6章	395-397	29770-29854	正文OCR	高	（1）（2）（3）电容/电感/π型滤波：标题与正文粘连补冒号	已修	滤波节；B55	659b975
物理3-672	物理（第三册）	第2章	189	12745-12758	正文OCR	高	（1）（2）（3）反电动势电路/最大输出功率/电阻测量：标题粘连补冒号	已修	§欧姆定律应用；B55	659b975
物理3-673	物理（第三册）	第2/3章	189/233	12748,17129	标点OCR	中	图2.60所示电流→所示。电流；图3.43所示下面→所示。下面	已修	邻接图2.60/3.43；B55	659b975
物理3-674	物理（第三册）	第3章	243	17814	标点OCR	中	回旋加速器：几百万次）于是→）。于是	已修	raw PDF p246=印刷·243·；图3.52邻接；B55	659b975
物理3-675	物理（第三册）	第2章	180-185	12397-12502	正文OCR	高	自激导电/弧光/辉光/火花放电：标题与正文粘连补冒号	已修	气体导电节；B55	659b975
物理3-676	物理（第三册）	第1章	65	3804-3883	图拓扑/标注	中	图1.43 静电平衡(a)(b)；raw 对照E0/E′/感应电荷与外电力线复核通过	复核通过	raw PDF p68=印刷·65·；图1.43；B55	659b975
物理3-677	物理（第三册）	第2章	184	12456-12483	图拓扑/标注	中	图2.59 稀薄气体放电；raw 对照电极/抽气支管/高压±复核通过	复核通过	raw PDF p187=印刷·184·；图2.59；B55	659b975
物理3-678	物理（第三册）	第6章	397	29862-29899	图拓扑/标注	中	图6.30 π型滤波(a)(b)；raw 对照C1/L/C2与C1/R1/C2拓扑复核通过	复核通过	raw PDF p400=印刷·397·；图6.30；B55	659b975
物理3-679	物理（第三册）	第1章	19	1027	标点OCR	中	基本电荷：+e.在应用→+e。在应用（对照 raw·19·）	已修	raw PDF p22=印刷·19·；B56	0c236c9
物理3-680	物理（第三册）	第2章	155	10454	公式OCR	高	串联电池组：nr.如图2.41→\(nr\)。如图2.41（对照 raw·155·）	已修	raw PDF p158=印刷·155·；图2.41邻接；B56	0c236c9
物理3-681	物理（第三册）	第6章	400	30128	标点OCR	中	三极管：集电极 c.~发射区→c。发射区（对照 raw·400·）	已修	raw PDF p403=印刷·400·；图6.32邻接；B56	0c236c9
物理3-682	物理（第三册）	习题答案	约477	33858	标点OCR	低	习题1.3答：c.~ / d.~ → c. / d.	已修	习题答案；B56	0c236c9
物理3-683	物理（第三册）	第1章	约39	2330	标点OCR	中	电势：U_B).在→U_B)。在	已修	电势定义邻接；B56	0c236c9
物理3-684	物理（第三册）	第2章	170	11495	标点OCR	中	惠斯通：R_4).从→R_4)。从（对照 raw·170·）	已修	raw PDF p173=印刷·170·；图2.50邻接；B56	0c236c9
物理3-685	物理（第三册）	第1章	约88	5338	标点OCR	中	串联电容例：电荷 Q). 所以→Q)。所以	已修	电容串联例；B56	0c236c9
物理3-686	物理（第三册）	第2章	155	10467	标点OCR	中	并联电池组：ε). 也就是说→ε)。也就是说	已修	raw PDF p158=印刷·155·；B56	0c236c9
物理3-687	物理（第三册）	第2章	161	10795	标点OCR	中	图2.44邻接：Ir). 所以→Ir)。所以	已修	raw PDF p164=印刷·161·；图2.44邻接；B56	0c236c9
物理3-688	物理（第三册）	第1章·复习题	97	5927	标点OCR	中	复习题一：如附图所示一个金属空盒→所示，一个金属空盒	已修	raw PDF p100=印刷·97·；B56	0c236c9
物理3-689	物理（第三册）	第1章·复习题	99	6041	标点OCR	中	复习题一：如附图所示联接到→所示，联接到	已修	raw PDF p102=印刷·99·；B56	0c236c9
物理3-690	物理（第三册）	总复习题	约468	32825	标点OCR	中	总复习：如附图所示一个电子→所示，一个电子	已修	总复习题；B56	0c236c9
物理3-691	物理（第三册）	第2章	177	12158	标点OCR	中	电解盐酸：溶液、通电后→溶液，通电后；（A）在放出→（A），在放出（对照 raw·177·）	已修	raw PDF p180=印刷·177·；图2.56邻接；B56	0c236c9
物理3-692	物理（第三册）	第1章	36	1940	图拓扑/标注	中	图1.23 匀强电场；raw 对照平行板±、中部平行电力线与两侧边缘弯曲复核通过	复核通过	raw PDF p39=印刷·36·；图1.23；B56	0c236c9
物理3-693	物理（第三册）	第1章	69	4030	图拓扑/标注	中	图1.46 有极分子极化(a)(b)；raw 对照杂乱/取向排列与E复核通过	复核通过	raw PDF p72=印刷·69·；图1.46；B56	0c236c9
物理3-694	物理（第三册）	第1章	70	4093	图拓扑/标注	中	图1.47 无极分子极化(a)(b)；raw 对照均匀分布/相对位移与E复核通过	复核通过	raw PDF p73=印刷·70·；图1.47；B56	0c236c9
物理3-695	物理（第三册）	第1章	3	200	标点OCR	中	电量：纸屑、把塑料棒→纸屑。把塑料棒（对照 raw·3·）	已修	raw PDF p6=印刷·3·；B57	941c050
物理3-696	物理（第三册）	第2章	120	7826	标点OCR	中	电灯变阻器：R/n). →R/n)。这种（对照 raw·120·；图2.16邻接）	已修	raw PDF p123=印刷·120·；图2.16邻接；B57	941c050
物理3-697	物理（第三册）	第2章	144	9834	标点OCR	中	电源：内能）.在→内能）。在（对照 raw·144·；图2.34邻接）	已修	raw PDF p147=印刷·144·；图2.34邻接；B57	941c050
物理3-698	物理（第三册）	第3章	228	16772	标点OCR	中	力偶矩：θ=90°). →θ=90°)。因此（对照 raw·228·；图3.37邻接）	已修	raw PDF p231=印刷·228·；图3.37邻接；B57	941c050
物理3-699	物理（第三册）	第3章·习题	约255	18836	标点OCR	中	习题轨迹：R1=1/2 R2). →)。从这些	已修	习题3.4邻接；B57	941c050
物理3-700	物理（第三册）	第4章·习题	约297	22563	标点OCR	中	习题4.5：n1>n2>n3). →)。当电键	已修	习题4.5；B57	941c050
物理3-701	物理（第三册）	第5章	322	24741	标点OCR	中	位相：落后240°). →240°)。通常（对照 raw·322·；图5.4邻接）	已修	raw PDF p325=印刷·322·；图5.4邻接；B57	941c050
物理3-702	物理（第三册）	第5章	322	24745	标点OCR	中	位相：落后150°). →150°)。两个（对照 raw·322·）	已修	raw PDF p325=印刷·322·；B57	941c050
物理3-703	物理（第三册）	第5章	329	25310	标点OCR	中	换向器：a·b→c→d). →)。这时半圆环（对照 raw·329·；图5.11邻接）	已修	raw PDF p332=印刷·329·；图5.11邻接；B57	941c050
物理3-704	物理（第三册）	第5章	359	27732	标点OCR	中	功率：I_R). →I_R)。所以（对照 raw·359·；图5.37邻接）	已修	raw PDF p362=印刷·359·；图5.37邻接；B57	941c050
物理3-705	物理（第三册）	第5章·习题	约361	27852	标点OCR	中	习题5.6：sin314t). →sin314t)。（1）	已修	习题5.6；B57	941c050
物理3-706	物理（第三册）	第6章	372	28355	标点OCR	中	半导体：（图6.6）.由于→（图6.6）。由于（对照 raw·372·）	已修	raw PDF p375=印刷·372·；图6.6邻接；B57	941c050
物理3-707	物理（第三册）	总复习题	约462	33561-33562	标点OCR	中	总复习磁场：B).方向→B)，方向；l).线框→l)。线框	已修	总复习题；B57	941c050
物理3-708	物理（第三册）	第1章	22	1142-1170	图拓扑/标注	中	图1.14 直角三角形受力；raw 对照AB=0.4/AC=0.3/BC=0.5与F1/F2/F平行四边形复核通过	复核通过	raw PDF p25=印刷·22·；图1.14；B57	941c050
物理3-709	物理（第三册）	第1章	49	2796-2811	图拓扑/标注	中	图1.32 场强与电势差；raw 对照五条平行电力线、A/B、d与E向量复核通过	复核通过	raw PDF p52=印刷·49·；图1.32；B57	941c050
物理3-710	物理（第三册）	第3章	215	15589-15659	图拓扑/标注	中	图3.27 磁场对直线电流(a)(b)；raw 对照蹄形磁铁N/S、弹簧吊AB、F↑/F↓与±复核通过	复核通过	raw PDF p218=印刷·215·；图3.27；B57	941c050
物理3-711	物理（第三册）	第1章·习题	约8	481	标点OCR	中	提示：移动的.→移动的。（对照 raw 邻接验电器）	已修	习题1.2；B58	4cc5c35
物理3-712	物理（第三册）	第2章·习题	约172	11808	标点OCR	中	表头内阻题：（电池…不计.）→不计。	已修	习题2.7；B58	4cc5c35
物理3-713	物理（第三册）	第2章·习题	约174	11949	标点OCR	中	电桥分析：均可忽略.）→忽略。）	已修	习题2.7邻接；B58	4cc5c35
物理3-714	物理（第三册）	第4章·习题	约308	23387	标点OCR	中	铜环题：（…可忽略不计.）→不计。	已修	习题4.x；B58	4cc5c35
物理3-715	物理（第三册）	第5章	313	24158-24160	标点OCR	中	交流变化规律：英文逗号→中文逗号（对照 raw·313·；图5.2邻接）	已修	raw PDF p316=印刷·313·；图5.2邻接；B58	4cc5c35
物理3-716	物理（第三册）	第1章	约50	2868	标点OCR	中	例18：U_AC).→U_AC)。	已修	图1.33邻接；B58	4cc5c35
物理3-717	物理（第三册）	第2章·习题	约172	11807	标点OCR	中	求表头内阻 r_g).→r_g)。	已修	习题2.7；B58	4cc5c35
物理3-718	物理（第三册）	第2章	约185	12697	标点OCR	中	闭合电路：U=ε-Ir).→)。	已修	小结；B58	4cc5c35
物理3-719	物理（第三册）	第2章	约187	12823	标点OCR	中	惠斯通：R2=…R).→R)。	已修	图2.51邻接；B58	4cc5c35
物理3-720	物理（第三册）	第3章	约219	15875	标点OCR	中	磁通量例：Φ).→Φ)。	已修	例1；B58	4cc5c35
物理3-721	物理（第三册）	第4章	约269	20702	标点OCR	中	感生电流方向：回到 D).→D)。（对照 raw；图4.11邻接）	已修	raw≈印刷·269·；图4.11邻接；B58	4cc5c35
物理3-722	物理（第三册）	第5章·习题	约317	24500	标点OCR	中	习题5.1：ab×bc).→bc)。	已修	习题5.1；B58	4cc5c35
物理3-723	物理（第三册）	第5章	约345	26712	标点OCR	中	容抗小结：T/4).→T/4)。	已修	§5.x；B58	4cc5c35
物理3-724	物理（第三册）	第1章	23	1229-1259	图拓扑/标注	中	图1.15 两球悬挂受力；raw 对照 O/A/B/C、0.5米/0.2米与 T/F/mg/R 复核通过	复核通过	raw PDF p26=印刷·23·；图1.15；B58	4cc5c35
物理3-725	物理（第三册）	第1章	30	1579-1591	图拓扑/标注	中	图1.18 点电荷场强；raw 对照 +/10^{-4}库、0.5米虚线与 E 复核通过	复核通过	raw PDF p33=印刷·30·；图1.18；B58	4cc5c35
物理3-726	物理（第三册）	第2章	113	7436-7480	图拓扑/标注	中	图2.13 欧姆定律电路；raw 对照安培表A/伏特表V、PQ导线圈与电池组复核通过	复核通过	raw PDF p116=印刷·113·；图2.13；B58	4cc5c35
物理3-727	物理（第三册）	第1章·单元检查	约100	6168	标点OCR	中	填充：速度将达到____.→____。	已修	单元检查填充题；B59	b2ccec5
物理3-728	物理（第三册）	第1章·单元检查	约100	6175	标点OCR	中	填充：电势差将____.→____。	已修	单元检查填充题；B59	b2ccec5
物理3-729	物理（第三册）	第1章·单元检查	约100	6178	标点OCR	中	填充：总电容为(_).→(_)。	已修	单元检查填充题；B59	b2ccec5
物理3-730	物理（第三册）	第2章	153	10332	标点OCR	中	短路电流：安(这是短路电流).→安（这是短路电流）。（对照 raw·153·；图2.39邻接）	已修	raw PDF p156=印刷·153·；图2.39邻接；B59	b2ccec5
物理3-731	物理（第三册）	第4章·习题	约280	21462	标点OCR	中	提示：米/秒.］→米/秒。］	已修	习题提示；B59	b2ccec5
物理3-732	物理（第三册）	第5章·习题	约317	27977	标点OCR	中	习题：A=a×b).→A=a×b)。	已修	习题5.x；B59	b2ccec5
物理3-733	物理（第三册）	第5章·习题	约317	27983	标点OCR	中	求(1)(2)(3)→求（1）（2）（3）	已修	习题5.x；B59	b2ccec5
物理3-734	物理（第三册）	第5章·习题	约317	27987	标点OCR	中	韦伯/米².→韦伯/米²。	已修	习题5.x；B59	b2ccec5
物理3-735	物理（第三册）	答案	约答案	33867-33918	标点OCR	中	答案习题1.4/1.7：Q1).与21°24').→)。	已修	习题答案；B59	b2ccec5
物理3-736	物理（第三册）	答案	约答案	33981-33982	标点OCR	中	答案填充：E=U/d与2C句号英文→中文	已修	单元检查答案；B59	b2ccec5
物理3-737	物理（第三册）	答案	约答案	34195	标点OCR	中	答案习题4.3：a=g).→a=g)。	已修	习题答案；B59	b2ccec5
物理3-738	物理（第三册）	答案	约答案	34277-34294	标点OCR	中	答案习题5.1–5.2：BωA/φ/T/i/e 句号英文→中文	已修	习题答案；B59	b2ccec5
物理3-739	物理（第三册）	答案·总复习	约答案	34468-34502	标点OCR	中	答案总复习：65°/U(1−d/l)/C1E/81：25/Uef 句号英文→中文	已修	总复习答案；B59	b2ccec5
物理3-740	物理（第三册）	第1章	20	1055-1082	图拓扑/标注	中	图1.13 同种正电荷斥力；raw 对照 Q1/Q2、+/F相背与 r 复核通过	复核通过	raw PDF p23=印刷·20·；图1.13；B59	b2ccec5
物理3-741	物理（第三册）	第1章	26	1355-1385	图拓扑/标注	中	图1.16 电场中q1受力；raw 对照 +Q、A/B/C、+q1、ra/rb/rc与 Fa1/Fb1/Fc1 复核通过	复核通过	raw PDF p29=印刷·26·；图1.16；B59	b2ccec5
物理3-742	物理（第三册）	第2章	108	6660-6700	图拓扑/标注	中	图2.8 双量程安培表；raw 对照表壳/A刻度/−·0.6·3接线柱复核通过	复核通过	raw PDF p111=印刷·108·；图2.8；B59	b2ccec5
物理3-743	物理（第三册）	第1章	50	2904-2922	标点OCR	中	图1.33邻接例：U_AB/U_BC/U_AC 三处\text{伏}.→。	已修	raw PDF p53=印刷·50·；图1.33邻接；B60	8b7ec5c
物理3-744	物理（第三册）	第1–2章	约72/83/117	4664/5079/7553	标点OCR	中	库仑常数库²/串联C3/电阻定律米² 后英文句号→。	已修	正文公式邻接；B60	8b7ec5c
物理3-745	物理（第三册）	第2章	167	11184	正文OCR	中	伏安法：上图(α)→（a）（对照图2.47(a)）	已修	raw PDF p170=印刷·167·；图2.47邻接；B60	8b7ec5c
物理3-746	物理（第三册）	第2章·复习题	194	13351-13391	图题OCR	中	复习题二第14题 caption/fig-alt「第1+题」→「第14题」	已修	raw PDF p197=印刷·194·；B60	8b7ec5c
物理3-747	物理（第三册）	第2章·复习题	194	13398	公式OCR	中	第15题：调节电阻箱 \((R_1\)→\(R_1\)	已修	raw PDF p197=印刷·194·；B60	8b7ec5c
物理3-748	物理（第三册）	第2章·单元检查	约199	13789-13790	结构OCR	中	计算题：求R2 与「和R3的阻值」断行合并	已修	单元检查题（第2章）；B60	8b7ec5c
物理3-749	物理（第三册）	第3章	228	16756-16757	正文OCR	中	图3.37邻接：(α)/(c)/(d)→（a）/（c）/（d）	已修	raw PDF p231=印刷·228·；图3.37邻接；B60	8b7ec5c
物理3-750	物理（第三册）	第3章·提要	约248	18141-18142	标点OCR	中	洛伦兹力：f=qvB/sinθ 后英文句号→。	已修	本章提要；B60	8b7ec5c
物理3-751	物理（第三册）	第3章·复习题	252	18649	正文OCR	中	复习题三第11：整置→装置；由α向b→由a向b（偏转角α保留）	已修	raw PDF p255=印刷·252·；B60	8b7ec5c
物理3-752	物理（第三册）	第4章·题图	约258	19357	公式OCR	中	左视caption：轴\(OO'→$OO'$（修补数学模式）	已修	题图caption；B60	8b7ec5c
物理3-753	物理（第三册）	第4章	265	20146-20149	正文OCR	中	图4.5邻接：圆圈α/α端→a（导线ab）	已修	raw PDF p268=印刷·265·；图4.5邻接；B60	8b7ec5c
物理3-754	物理（第三册）	第4–5章	约291/317	22079/27977	标点OCR	中	变压器U1/U2近似式后.→。；习题5瞬时值\text{伏}.→。	已修	正文/习题；B60	8b7ec5c
物理3-755	物理（第三册）	答案·总复习	约答案/469	32804/33422	标点OCR	中	来得大.→。；总复习米².→。	已修	习题/总复习；B60	8b7ec5c
物理3-756	物理（第三册）	第1章	29	1528-1539	图拓扑/标注	中	图1.17 负电荷受力；raw 对照 -q/A、F←与E→ 复核通过	复核通过	raw PDF p32=印刷·29·；图1.17；B60	8b7ec5c
物理3-757	物理（第三册）	第1章	33	1774-1786	图拓扑/标注	中	图1.20 正点电荷电力线；raw 对照外辐射线与P 复核通过	复核通过	raw PDF p36=印刷·33·；图1.20；B60	8b7ec5c
物理3-758	物理（第三册）	第1章	34	1804-1814	图拓扑/标注	中	图1.21 负点电荷电力线；raw 对照内指向线复核通过	复核通过	raw PDF p37=印刷·34·；图1.21；B60	8b7ec5c
物理3-759	物理（第三册）	第1章	20	1097	标点OCR	中	万有引力常数：牛·米²/千克².→。	已修	raw PDF p23=印刷·20·；习题邻接；B61	dd09019
物理3-760	物理（第三册）	第1章	38	2122/2143/2147	标点OCR	中	电场力的功：PN/PNL 式末英文句号→。；行首「.根据以上」归到上句句末	已修	raw PDF p41=印刷·38·；图1.24邻接；B61	dd09019
物理3-761	物理（第三册）	第2章	130	8539	正文OCR	中	图2.21邻接：串联导体 AB和BO→AB和BC，R2后句号→。	已修	raw PDF p133=印刷·130·；图2.21；B61	dd09019
物理3-762	物理（第三册）	第2章	132	8668	标点OCR	中	图2.22邻接：行首「.从图上可以看出」归到 R2 后句号	已修	raw PDF p135=印刷·132·；图2.22；B61	dd09019
物理3-763	物理（第三册）	第2章	162	10824	标点OCR	中	例13：电流方向 A→B→C→A 后英文句号→。	已修	raw PDF p165=印刷·162·；图2.45；B61	dd09019
物理3-764	物理（第三册）	第2章	163	10948	标点OCR	中	例14：求 I1、I2 和 I3 后英文句号→。	已修	raw PDF p166=印刷·163·；图2.46；B61	dd09019
物理3-765	物理（第三册）	第3章	222–223	16131-16140	公式OCR	中	直线电流/环/螺线管：三处 B∝ 后句号→。；螺线管 nl/l→nI/l	已修	raw PDF p225–226=印刷·222–223·；图3.32后；B61	dd09019
物理3-766	物理（第三册）	第3章·提要	248	18086/18093	标点OCR	中	提要：M=BIS cosθ 与 I=Kθ 后英文句号→。	已修	raw PDF p251=印刷·248·；本章提要；B61	dd09019
物理3-767	物理（第三册）	第4章	294	22369/22382	公式OCR	中	例6损耗：68.2%/0.3% 句号→。；P3→P2，×0.8→×0.3（与333瓦一致）	已修	raw PDF p297=印刷·294·；例6；B61	dd09019
物理3-768	物理（第三册）	第4章	294	22390/22397	公式OCR	中	例6匝数：n3→n2；140×→440×；6000匝→6600匝	已修	raw PDF p297=印刷·294·；例6；B61	dd09019
物理3-769	物理（第三册）	第2章·习题	143	9685	公式OCR	中	习题第9题：R2=5、R3=4→R3=5、R4=4（图中上右仍作扫描 P3）	已修	raw PDF p146=印刷·143·；第9题；B61	dd09019
物理3-770	物理（第三册）	第1章	44	2463-2486	图拓扑/标注	中	图1.27 平行金属板匀强电场；raw 对照 A+/B−、a/x/b 与5厘米复核通过	复核通过	raw PDF p47=印刷·44·；图1.27；B61	dd09019
物理3-771	物理（第三册）	第1章	47	2662-2680	图拓扑/标注	中	图1.29 正点电荷电势；raw 对照 +Q 外辐射、近A/rA 与远B/rB 复核通过	复核通过	raw PDF p50=印刷·47·；图1.29；B61	dd09019
物理3-772	物理（第三册）	第1章	48	2706-2728	图拓扑/标注	中	图1.30 三点电荷电势；raw 对照 A 与无符号 Q1/Q2/Q3、r1/r2/r3 复核通过	复核通过	raw PDF p51=印刷·48·；图1.30；B61	dd09019
物理3-773	物理（第三册）	第1章	2	107-108	标点OCR	中	摩擦起电后孤儿「.」删除；实验、取→实验，取	已修	raw PDF p5=印刷·2·；图1.1邻接；B62	7302eea
物理3-774	物理（第三册）	第1章	59	3503-3510	正文OCR	高	图1.40邻接：x3/y3→x2/y2；图1.40中4点→A点（对照板标与屏点）	已修	raw PDF p62=印刷·59·；图1.40；B62	7302eea
物理3-775	物理（第三册）	第1章	50	2910	标点OCR	中	图1.33邻接：BD=BC cos60°.→。	已修	raw PDF p53=印刷·50·；图1.33邻接；B62	7302eea
物理3-776	物理（第三册）	第1/4/5章	约73/289/351	4341/22065/22119/27113	标点OCR	中	公式(1.26)(4.6)(4.9)(5.23) 标签前英文句号删除（与同章无句号标签一致）	已修	正文公式标签；B62	7302eea
物理3-777	物理（第三册）	第5章	360	27792	标点OCR	中	例10阻抗：Z=√R²+(XL−XC)².→。	已修	raw PDF p363≈印刷·360·；例10；B62	7302eea
物理3-778	物理（第三册）	第5章	360	27764/27788	标点OCR	中	例9提高到1则→1，则；例10提高到1.0要求→1.0，要求	已修	raw PDF p363≈印刷·360·；例9–10；B62	7302eea
物理3-779	物理（第三册）	第6章	410	30493	标点OCR	中	放大器：始终等于 Ec 后英文句号→。	已修	raw PDF p413≈印刷·410·；图6.35邻接；B62	7302eea
物理3-780	物理（第三册）	第6章	412	30663	标点OCR	中	图6.38邻接：Uce+uce=…Rc.→。	已修	raw PDF p415=印刷·412·；图6.38邻接；B62	7302eea
物理3-781	物理（第三册）	第6章	416	30809-30810	标点OCR	中	图6.42邻接：Rb 后英文句号→。；行首「.在实际应用中」归上句	已修	raw PDF p419=印刷·416·；图6.42邻接；B62	7302eea
物理3-782	物理（第三册）	第1章	48	2752-2775	图拓扑/标注	高	图1.31：实对角线+中点下虚线→O至四顶点虚线对角线；题注电量→电荷单位	已修	raw PDF p51=印刷·48·；图1.31；B62	7302eea
物理3-783	物理（第三册）	第1章·习题	约53	3040	正文OCR	中	习题1.6（2）第4题：U_AO→U_AC（与答案及 U_AB+U_BC 一致）	已修	习题1.6（2）；B62	7302eea
物理3-784	物理（第三册）	答案	475	33901-33902	答案OCR	中	答案习题1.6（2）：场强式后.→。；U_BO→U_BC	已修	raw PDF p478=印刷·475·；B62	7302eea
物理3-785	物理（第三册）	第1章	48	2752-2771	图拓扑/标注	中	图1.31 正方形四点电荷电势；raw 对照四顶点±电量、4厘米、O至顶点虚线与2√2厘米复核通过	复核通过	raw PDF p51=印刷·48·；图1.31；B62	7302eea
物理3-786	物理（第三册）	第1章	59	3425-3455	图拓扑/标注	中	图1.39 阴极射线管结构；raw 对照灯丝/阴极/加速阳极/水平·垂直偏转板/电子束/荧光屏复核通过	复核通过	raw PDF p62=印刷·59·；图1.39；B62	7302eea
立体-1	立体几何	第1章	8	517-586	图拓扑/虚实线	中	图1·9(1) TikZ 两平面交于AB 缺印刷页后平面顶边遮挡虚线（原先 fig-alt 写无虚线）	已修	raw PDF p12=印刷·8·；fig-p0012-01；B01 已按 raw 补 N 顶边虚线	594d249
立体-2	立体几何	第1章	8	538-555	图拓扑/缺标	中	图1·9(2) TikZ 仅曲面轮廓，缺印刷页直立平面Q及Q顶边在曲面后的虚线	已修	raw PDF p12=印刷·8·；fig-p0012-02；B01 已按 raw 补 Q 与虚线	594d249
立体-3	立体几何	第1章	8	586-630	图拓扑/虚实线	低	图1·10 平面M与直立H、交线OP、H在M下虚线及影线；对照 raw 复核通过	复核通过	raw PDF p12=印刷·8·；fig-p0012-04；图1·10；B01	594d249
立体-4	立体几何	第1章	11	769-821	图拓扑/虚实线	中	图1·14(3) 三棱锥底边AC 印刷为虚线，TikZ 原画实线	已修	raw PDF p15=印刷·11·；fig-p0015-01；B01 已改 AC 虚线	594d249
立体-5	立体几何	第1章	11	829-832	OCR	中	图1·14邻接：设A,B,O→A,B,C；平面P_•→P.（对照图1·14(1)顶点）	已修	raw PDF p15=印刷·11·；图1·14邻接；B01	594d249
立体-6	立体几何	第1章	11	848	OCR	中	例1：AB、OD、EF→AB、CD、EF（与后文AB∥CD一致）	已修	raw PDF p15–p16=印刷·11·–·12·；例1；B01	594d249
立体-7	立体几何	第1章	16	1152-1203	图拓扑/OCR	中	图1·20 拓扑（P/Q/a/A/B/C、P后虚线）复核通过；邻接解文直线α→a（与扫描字母a及题干一致）	已修	raw PDF p20=印刷·16·；fig-p0020-01；图1·20；B01	594d249
立体-8	立体几何	第1章	16	1208-1219	OCR	中	习题1·6(1)(2)：直线α→a；第2题「求过点O」→「求过点C」（与「一点C」一致）	已修	raw PDF p20=印刷·16·；习题1·6；B01	594d249
立体-9	立体几何	第1章	16	1228-1265	图拓扑/虚实线	中	习题1·6第3题：平面N伸到M下方的侧棱/底边印刷为虚线，TikZ 原全实线	已修	raw PDF p20=印刷·16·；fig-p0020-02；B01 已按下伸段改虚线	594d249
立体-10	立体几何	第1章	17	1282-1322	图拓扑/OCR	中	图1·21 隐藏竖棱DD1印刷为虚线，TikZ 原实线；邻接「下底面的宽AD1」→AD	已修	raw PDF p21=印刷·17·；fig-p0021-01；图1·21；B01	594d249
立体-11	立体几何	第1章	17	1285	标点OCR样例	低	图1·21邻接「直线存在.例如」等西文句号；对照 raw 原书即用实心句点，记样例不改	复核通过	raw PDF p21=印刷·17·；西文句号样例；B01；原书体例	594d249
立体-12	立体几何	第1章	22	1751-1792	图拓扑/虚实线	低	图1·30 线a弧落到S、平面M/N与b 虚实；对照 raw 复核通过	复核通过	raw PDF p26=印刷·22·；fig-p0026-02；图1·30；B01	594d249
立体-13	立体几何	第1章	31	2878-2892	图拓扑/从扫描	低	图1·42 竖线b、斜线a、平面M；扫描标a（题文α）从扫描；对照 raw 复核通过	复核通过	raw PDF p35=印刷·31·；fig-p0035-01；图1·42；B01；从扫描	594d249
立体-14	立体几何	第1章	8	560-586	图拓扑/虚实线	低	图1·9(3) 平面S与曲面R交于直线EF、底边虚线；对照 raw 复核通过	复核通过	raw PDF p12=印刷·8·；fig-p0012-03；图1·9(3)；B01	594d249
立体-15	立体几何	第1章	41	3411-3440	图拓扑/虚实线	低	图1·51 垂直平分面N、A—O—B左缘至O虚线、直线l过P；对照 raw 复核通过	复核通过	raw PDF p41=印刷·37·；fig-p0041-01；图1·51；B02	af5702a
立体-16	立体几何	第1章	41	3471-3494	图拓扑/虚实线	低	习题1·12第3题 相交平面M/N与公共垂线AB反证图；全部实线；对照 raw 复核通过	复核通过	raw PDF p41=印刷·37·；fig-p0041-02；习题1·12第3题；B02	af5702a
立体-17	立体几何	第1章	42	3621-3647	图拓扑/从扫描	低	图1·52 两垂线AB/CD与辅助线b（题文DE）；从扫描标b；对照 raw 复核通过	复核通过	raw PDF p42=印刷·38·；fig-p0042-03；图1·52；B02；从扫描	af5702a
立体-18	立体几何	第1章	43	3672-3711	图拓扑/虚实线	低	图1·53 平面M/N、l过A上下虚实、AB/AB1；对照 raw 复核通过	复核通过	raw PDF p43=印刷·39·；fig-p0043-01；图1·53；B02	af5702a
立体-19	立体几何	第1章	43	3732-3760	图拓扑/虚实线	中	图1·54(1) 同侧；印刷页平面M后边为虚线，TikZ 原四边实线	已修	raw PDF p43=印刷·39·；fig-p0043-02；B02 已改后边虚线	af5702a
立体-20	立体几何	第1章	43	3763-3793	图拓扑/虚实线	中	图1·54(2) 异侧；印刷页DE自平面近边至脚D为虚线，TikZ 原C—E全实线	已修	raw PDF p43=印刷·39·；fig-p0043-03；B02 已改DE穿平面段虚线	af5702a
立体-21	立体几何	第1章	40	3295-3318	OCR	中	例1［证］直线α/σ/δ误识→a/c/b（与已知a∥M、b⊥M、交线c一致）	已修	raw PDF p40=印刷·36·；例1证；B02	af5702a
立体-22	立体几何	第1章	39	3264-3292	图拓扑/从扫描	低	图1·49 平面M后边虚线、N顶边a、竖线b止于A；对照 raw 复核通过	复核通过	raw PDF p39=印刷·35·；图1·49；B02；从扫描	af5702a
立体-23	立体几何	第1章	47	4037-4067	图拓扑/OCR	中	图1·57 拓扑（a/A1B1虚线/Q）复核通过；邻接已知/求证/分析/证直线α→a（跟扫描）	已修	raw PDF p47=印刷·43·；fig-p0047-01；图1·57；B02	af5702a
立体-24	立体几何	第1章	48	4113-4147	OCR/从扫描	中	图1·58［已知］射影BO→BC（扫描垂足C、无O；与图及「异于BC」一致）	已修	raw PDF p48=印刷·44·；fig-p0048-01；图1·58；B02；从扫描	af5702a
立体-25	立体几何	第1章	51	4446-4477	图拓扑/虚实线	低	图1·61 三垂线：AB⊥M、射影BC、DE过C两直角；后边虚线；对照 raw 复核通过	复核通过	raw PDF p51=印刷·47·；fig-p0051-01；图1·61；B02；跳过缺页p49/50	af5702a
立体-26	立体几何	第1章	51	4497-4572	图拓扑/从扫描	低	图1·62 三幅DE相对BC位置（过C/交BC/延长线）；对照 raw 复核通过	复核通过	raw PDF p51=印刷·47·；fig-p0051-02；图1·62；B02	af5702a
立体-27	立体几何	第1章	52	4575-4608	图拓扑/虚实线	低	图1·63 VA⊥M、正方形ABCD、对角线AC虚线、B/D直角；对照 raw 复核通过	复核通过	raw PDF p52=印刷·48·；fig-p0052-01；图1·63；B02	af5702a
立体-28	立体几何	第1章	40	3326-3359	图拓扑/从扫描	低	图1·50 旗杆PO、OA/OB虚线、直角与12/13/5；对照 raw 复核通过	复核通过	raw PDF p40=印刷·36·；fig-p0040-01；图1·50；B02；从扫描	af5702a
立体-29	立体几何	第1章	52	4667	OCR	中	例1［解］邻接 AB=√(OA²+CB²) 误识→√(CA²+CB²)（已知 CA=30、CB=40）	已修	raw PDF p52=印刷·48·；图1·64邻接；B03	93c26a7
立体-30	立体几何	第1章	52	4637-4663	图拓扑/虚实线	低	图1·64 直角△ABC、DC⊥M、CE⊥AB、DE；全部实线；对照 raw 复核通过	复核通过	raw PDF p52=印刷·48·；fig-p0052-02；图1·64；B03	93c26a7
立体-31	立体几何	第1章	53	4710-4749	图拓扑/虚实线	中	图1·65：印刷页 PO 与 OE/OF、A—O 为虚线，TikZ 原全实线	已修	raw PDF p53=印刷·49·；fig-p0053-01；B03 已改遮挡虚线并补 O 处直角	93c26a7
立体-32	立体几何	第1章	53	4749	图号/caption	低	印刷 caption 作图1·55（与前图重号），TeX 顺号作图1·65；记样例不改 caption	复核通过	raw PDF p53=印刷·49·；caption 图1·65；B03；与 fig-p0045-01 非同幅	93c26a7
立体-33	立体几何	第1章	54	4847-4875	图拓扑/从扫描	低	图1·66 PO⊥M、PA、AD 射影、BC 过 A；垂足标 O 从扫描；对照 raw 复核通过	复核通过	raw PDF p54=印刷·50·；fig-p0054-01；图1·66；B03；从扫描	93c26a7
立体-34	立体几何	第1章	55	4899-4933	图拓扑/缺页	中	图1·67 raw p55 空白；对照 KNOWN 替代扫描／assets：缺 OT/OT1/PT1 与圆后半虚线	已修	raw PDF p55 缺页；assets fig-p0055-01；KNOWN 替代映射；B03	93c26a7
立体-35	立体几何	第1章	55	4969-4999	图拓扑/缺页	低	习题1·16第2题：正△ABC、PO、PA/PB/PC；raw p55 空白；对照 assets 复核通过	复核通过	raw PDF p55 缺页；assets fig-p0055-02；习题1·16第2题；KNOWN；B03	93c26a7
立体-36	立体几何	第1章	58	5323-5341	图拓扑/从扫描	低	图1·68(1)(2) 平行平面画法对/错对照；对照 raw 复核通过	复核通过	raw PDF p58=印刷·54·；图1·68；B03；从扫描	93c26a7
立体-37	立体几何	第1章	58	5371-5397	图拓扑/虚实线	低	图1·69 判定两平面平行反证：上平面前边至 A 虚线；对照 raw 复核通过	复核通过	raw PDF p58=印刷·54·；fig-p0058-03；图1·69；B03	93c26a7
立体-38	立体几何	第1章	59	5412-5436	图拓扑/从扫描	低	图1·70 相交平面交线 AB 与各自平行线 a/b、c/d；对照 raw 复核通过	复核通过	raw PDF p59=印刷·55·；fig-p0059-01；图1·70；B03；从扫描	93c26a7
立体-39	立体几何	第1章	59	5466-5504	图拓扑/虚实线	低	图1·71 过 a/b 的平面 Q/P 后侧棱虚线；对照 raw 复核通过	复核通过	raw PDF p59=印刷·55·；fig-p0059-02；图1·71；B03；从扫描	93c26a7
立体-40	立体几何	第1章	58	5355	OCR	低	［求证］平面 M 平行于平面 N_平 → N（OCR 残渣）	已修	raw PDF p58=印刷·54·；平面平行判定求证；B03	93c26a7
立体-41	立体几何	第1章	61	5595-5610	OCR/从扫描	中	图1·73［证］直线 α→a；「交于 b. / c、d、e.」折行→交于 b、c、d、e；结论 || 规范化	已修	raw PDF p61=印刷·57·；fig-p0061-01；图1·73；B03；从扫描 a	93c26a7
立体-42	立体几何	第1章	63	5882-5900	OCR/从扫描	中	图1·76 邻接直线 α→a（图已标 a；跟扫描）	已修	raw PDF p63=印刷·59·；fig-p0063-01；图1·76；B03；从扫描	93c26a7
立体-43	立体几何	第1章	64	6025-6053	OCR/从扫描	中	图1·79［已知］/［求证］/［证］/［注意］直线 α→a（图与证后半已是 a）	已修	raw PDF p64=印刷·60·；fig-p0064-02；图1·79；B03；从扫描	93c26a7
立体-44	立体几何	第1章	61	6078-6124	图拓扑/虚实线	低	图1·80 平面M∥N、斜立S、PQ交AB于R、交N于K；遮挡虚线；对照 raw 复核通过	复核通过	raw PDF p65=印刷·61·；assets fig-p0065-01；图1·80；B04	25bf02e
立体-45	立体几何	第1章	61	6145-6155	图拓扑	低	图1·81(1) 三平行平面M/N/P；全部实线；对照 raw 复核通过	复核通过	raw PDF p65=印刷·61·；fig-p0065-02；图1·81(1)；B04	25bf02e
立体-46	立体几何	第1章	62	6187-6235	图拓扑/虚实线	低	图1·81(2) 切面S/R与三平面交线a–f；R上段虚线；对照 raw 复核通过	复核通过	raw PDF p66=印刷·62·；fig-p0066-01；图1·81(2)；B04	25bf02e
立体-47	立体几何	第1章	62	6252-6267	图拓扑/虚实线	中	图1·81(3) 竖线a穿三平面：印刷/assets 穿面段为虚线，TikZ 原全实线	已修	raw PDF p66=印刷·62·；fig-p0066-02；B04 已改穿面虚线	25bf02e
立体-48	立体几何	第1章	62	6272-6357	OCR/从扫描	中	例5/图1·82 邻接：题文AO、A1O误识→AC、A1C（答与扫描垂足C一致）	已修	raw PDF p66=印刷·62·；fig-p0066-03；图1·82；B04；从扫描	25bf02e
立体-49	立体几何	第1章	62	6291-6341	图拓扑/虚实线	低	图1·82 两平行平面P/Q、AA1/BB1、斜线AC/BD与射影；对照 raw 复核通过	复核通过	raw PDF p66=印刷·62·；fig-p0066-03；图1·82；B04	25bf02e
立体-50	立体几何	第1章	63	6487-6523	图拓扑/虚实线	低	习题1·19第5题(2) 三线交于P与两平行平面；对照 raw 复核通过	复核通过	raw PDF p67=印刷·63·；fig-p0067-02/03；习题第5题；B04	25bf02e
立体-51	立体几何	第1章	66	6890	图号/样例	低	§1·20 正文「如图1·82」：印刷如此（与前图1·82重号；所指即图1·83(1) P-a-Q）；TeX caption 顺号图1·83；记样例不改正文	复核通过	raw PDF p70=印刷·66·；如图1·82；B04；原书体例/重号	25bf02e
立体-52	立体几何	第1章	66	6893-6925	图拓扑/缺标	中	图1·83(1) 印刷为半平面P/Q交于棱AB并标a、Q网纹；TikZ 原仅单面ABCD网纹	已修	raw PDF p70=印刷·66·；fig-p0070-01；B04 已按 raw/assets 重画	25bf02e
立体-53	立体几何	第1章	66	6931-6973	图拓扑/从扫描	中	图1·83(3) 印刷标P/Q与交线AB；TikZ 原误标l、d	已修	raw PDF p70=印刷·66·；fig-p0070-03；B04 已改标；从扫描	25bf02e
立体-54	立体几何	第1章	66	6959-7038	图拓扑/虚实线	低	图1·83(2)(4)(5) 二面角示例拓扑；对照 raw 复核通过	复核通过	raw PDF p70=印刷·66·；fig-p0070-02/04/05；图1·83；B04	25bf02e
立体-55	立体几何	第1章	67	7051-7099	OCR/从扫描	中	图1·84 邻接∠OPD→∠CPD（跟扫描平面角C）；图拓扑棱虚线复核通过	已修	raw PDF p71=印刷·67·；fig-p0071-01；图1·84；B04；从扫描	25bf02e
立体-56	立体几何	第1章	68	7102-7139	OCR/从扫描	中	图1·85 邻接PO→PC（跟扫描C与∠CPD）；图拓扑复核通过	已修	raw PDF p72=印刷·68·；fig-p0072-01；图1·85；B04；从扫描	25bf02e
立体-57	立体几何	第1章	69	7179-7213	图拓扑/虚实线	低	图1·86 斜坡二面角；BC虚垂线、后棱虚线；对照 raw 复核通过	复核通过	raw PDF p73=印刷·69·；fig-p0073-01；图1·86；B04	25bf02e
立体-58	立体几何	第1章	69	7251-7279	图拓扑/从扫描	低	图1·87 直角△ABC、CE、CD；对照 raw 复核通过	复核通过	raw PDF p73=印刷·69·；fig-p0073-02；图1·87；B04；从扫描	25bf02e
立体-59	立体几何	第1章	70	7336-7372	图拓扑	低	图1·88 对棱二面角平面角；对照 raw 复核通过	复核通过	raw PDF p74=印刷·70·；fig-p0074-01；图1·88；B04	25bf02e
立体-60	立体几何	第1章	71	7404	OCR	中	习题1·21第3题提示 △ACE∽△BDR → △BDF（BF 为棱垂线）	已修	raw PDF p75=印刷·71·；题设 AE、BF；B05	e5845f9
立体-61	立体几何	第1章	71	7423-7454	图拓扑/虚实线	中	习题1·21第5题图：CD、DE 跟扫描改为虚线；AC/CE/EB/BD 实线	已修	raw PDF p75=印刷·71·；fig-p0075-01；B05	e5845f9
立体-62	立体几何	第1章	71	7460-7481	图拓扑/虚实线	中	习题1·21第6题图：CM 跟扫描改为虚线（AC 已虚；DM 实）	已修	raw PDF p75=印刷·71·；fig-p0075-02；B05	e5845f9
立体-63	立体几何	第1章	72	7498	OCR	低	习题1·21第7题题首 OCR 残渣开引号 ``7. → 7.	已修	raw PDF p76=印刷·72·；B05	e5845f9
立体-64	立体几何	第1章	72	7556-7589	图拓扑/缺标	中	习题1·21第8题：补射影足 N₁ 与 NN₁/MN₁ 虚线（跟扫描）	已修	raw PDF p76=印刷·72·；fig-p0076-02；B05	e5845f9
立体-65	立体几何	第1章	72	7595-7628	图拓扑/从扫描	低	习题1·21第9题图：直角△ABC、CD、CE、α/β；对照 raw 复核通过	复核通过	raw PDF p76=印刷·72·；fig-p0076-03；B05；从扫描	e5845f9
立体-66	立体几何	第1章	73	7656-7720	图拓扑/缺线	中	图1·89(1) 缺竖边 HE/GF：正文写竖边与横边垂直，TikZ 原仅叠平行四边形	已修	raw PDF p77=印刷·73·；fig-p0077-01；B05 已补竖边	e5845f9
立体-67	立体几何	第1章	73	7670-7720	图拓扑	低	图1·89(2)(3)(4) 垂直平面画法；对照 raw 复核通过	复核通过	raw PDF p77=印刷·73·；fig-p0077-01；图1·89；B05	e5845f9
立体-68	立体几何	第1章	73	7735-7770	OCR/从扫描	中	图1·90［证］过点 B₁→B（跟扫描/题设垂足 B）；图拓扑网纹+BE 复核通过	已修	raw PDF p77=印刷·73·；fig-p0077-05；图1·90；B05；从扫描	e5845f9
立体-69	立体几何	第1章	74	7780-7813	图拓扑/虚实线	低	图1·91 过 AB 三平面 Q/P/R；对照 raw 复核通过	复核通过	raw PDF p78=印刷·74·；fig-p0078-01；图1·91；B05	e5845f9
立体-70	立体几何	第1章	74	7829-7849	图拓扑/从扫描	低	图1·92 圆O直径AB、PA⊥底、△ABC 网纹；对照 raw 复核通过	复核通过	raw PDF p78=印刷·74·；fig-p0078-02；图1·92；B05；从扫描	e5845f9
立体-71	立体几何	第1章	75	7876-7937	OCR/从扫描	中	图1·93 例2 邻接：分析 α→a；「这直线和直线平行」→「直线和平面平行」；图拓扑复核通过	已修	raw PDF p79=印刷·75·；fig-p0079-01；图1·93；B05；从扫描 a	e5845f9
立体-72	立体几何	第1章	76	8092-8213	图拓扑/虚实线	低	图1·94、图1·95(1)(2)(3) 面面垂直性质；对照 raw 复核通过	复核通过	raw PDF p80–p81=印刷·76·–·77·；fig-p0080-03/fig-p0081-*；B05	e5845f9
立体-73	立体几何	第1章	78	8244-8330	OCR/从扫描	中	图1·96 邻接二面角 M-AB-R→M-AB-B、R-AB-N→B-AB-N（跟图/正文平面 B）	已修	raw PDF p82=印刷·78·；fig-p0082-01/02；图1·96；B05；从扫描	e5845f9
立体-74	立体几何	第1章	79	8361-8483	图拓扑/虚实线	低	图1·97、图1·98 面面垂直例题；对照 raw 复核通过	复核通过	raw PDF p83=印刷·79·；fig-p0083-01/02；图1·97/1·98；B05	e5845f9
立体-75	立体几何	第1章	83	8838-8878	OCR/从扫描	中	图1·102 邻接：射影 AB→Ab；∠BAB→∠BAb（跟公式 Ab=l·cosα 与扫描）	已修	raw PDF p87=印刷·83·；fig-p0087-01；图1·102；B05；从扫描	e5845f9
立体-76	立体几何	第1章	83	8886-8922	图拓扑	低	图1·103 四幅线段l与平面M位置关系；对照 raw 复核通过	复核通过	raw PDF p87=印刷·83·；fig-p0087-02；图1·103；B06	56495d0
立体-77	立体几何	第1章	83	8952-8988	图拓扑/虚实线	中	图1·104：CE 跟扫描改为虚线；PC/PE/CD 实线（再核后）	已修	raw PDF p87=印刷·83·；fig-p0087-03；图1·104；B06	56495d0
立体-78	立体几何	第1章	84	9035-9080	OCR/图拓扑	中	图1·105+例2：AD⊥BD→BC；嵌套面积 text；AA1虚线+A1/D直角标	已修	raw PDF p88=印刷·84·；fig-p0088-01；三垂线；B06	56495d0
立体-79	立体几何	第1章	85	9101-9138	图拓扑/虚实线	中	图1·106：AA1/CC1及射影边跟扫描改为虚线（已有A1直角）	已修	raw PDF p89=印刷·85·；fig-p0089-01；图1·106；B06	56495d0
立体-80	立体几何	第1章	85	9144-9164	图拓扑	低	图1·107 三角形在平面M外示意；对照 raw 复核通过	复核通过	raw PDF p89=印刷·85·；fig-p0089-02；图1·107；B06	56495d0
立体-81	立体几何	第1章	85	9180-9223	图拓扑/虚实线	中	图1·108：AA1/BB1/EE1虚线+垂足直角；射影边虚线；邻接 S_{ABC}→S_{△ABC}	已修	raw PDF p89=印刷·85·；fig-p0089-03；图1·108；B06	56495d0
立体-82	立体几何	第1章	86	9248-9304	OCR/从扫描	中	图1·109+例3：坡度都是 a→α（跟图/解中 cosα）	已修	raw PDF p89–90=印刷·85·–·86·；fig-p0090-*；B06；从扫描	56495d0
立体-83	立体几何	第1章	87	9330-9384	图拓扑/虚实线	低	习题1·25第5题图：相交线射影与OO1；对照 raw 复核通过	复核通过	raw PDF p91=印刷·87·；习题第5题；B06	56495d0
立体-84	立体几何	第1章	88	9617	OCR	中	习题邻接公式 (b·a)→(b-a)（与前后式一致）	已修	raw PDF p92=印刷·88·；B06	56495d0
立体-85	立体几何	第1章	88	9662-9704	OCR/虚实线	中	图1·110：A'A虚线、b后段虚线；［证］d⊥e→d⊥c	已修	raw PDF p92=印刷·88·；fig-p0092-01；图1·110；B06	56495d0
立体-86	立体几何	第1章	89	9751-9783	图拓扑/虚实线	低	图1·111 长方体异面距离；隐棱虚线、CH实；对照 raw 复核通过	复核通过	raw PDF p93=印刷·89·；fig-p0093-01；图1·111；B06	56495d0
立体-87	立体几何	第1章	91	10005-10230	图拓扑/虚实线	低	§1·26 图1·112–115 多面角/直三面角/正四面角；对照 raw 复核通过	复核通过	raw PDF p95–p97=印刷·91·–·93·；fig-p0095–97；B06	56495d0
立体-88	立体几何	第1章	99	10572-10600	fig-alt	低	图1·118 fig-alt 残渣 图1·11B→图1·118（caption已对）	已修	raw PDF p103=印刷·99·；fig-p0103；图1·118；B06	56495d0
立体-89	立体几何	第1章	100	10737	OCR	低	图1·120 邻接 \text{/} 垃圾清为 ∠EAB<…	已修	raw PDF p104=印刷·100·；多面角面角和；B06	56495d0
立体-90	立体几何	第2章	117	12202-12288	图拓扑/虚实线	低	第2章开篇图2·1（1）–（4）多面体/非多面体；对照 raw 复核通过	复核通过	raw PDF p121=印刷·117·；fig-p0121-*；图2·1；B06	56495d0
立体-91	立体几何	第2章	118	12297-12370	图拓扑/虚实线	低	图2·2（1）（2）对角线示意；对照 raw 复核通过	复核通过	raw PDF p122=印刷·118·；fig-p0122-*；图2·2；B06	56495d0
平面1-1	平面几何（第一册）	第1章	8	408	OCR	中	图1·3邻接：射线QC→射线OC（跟扫描端点O及fig-alt）	已修	raw PDF p12=印刷·8·；图1·3；B01	a12049b
平面1-2	平面几何（第一册）	第1章	7	353-369	图拓扑/缺标	低	图1·1（1）印刷页A、B处有短竖线，TikZ原缺	已修	raw PDF p11=印刷·7·；fig-p0011-01；B01 已补短竖线	a12049b
平面1-3	平面几何（第一册）	第1章	8	412-422	图拓扑/从扫描	低	图1·3 射线OC、端点短竖线；对照 raw 复核通过	复核通过	raw PDF p12=印刷·8·；fig-p0012-03；图1·3；B01；从扫描O/C	a12049b
平面1-4	平面几何（第一册）	第1章	9	467-489	图拓扑/虚实线	低	图1·5（1）（2）延长线虚线；对照 raw 复核通过	复核通过	raw PDF p13=印刷·9·；fig-p0013-01；图1·5；B01	a12049b
平面1-5	平面几何（第一册）	第1章	12	794-818	图拓扑/错图	高	图1·15 TikZ原画相交直线，印刷为分割规针尖「正确/不正确」	已修	raw PDF p16=印刷·12·；fig-p0016-04；B01 已重画	a12049b
平面1-6	平面几何（第一册）	第1章	11	664-686	图拓扑/虚实线	低	图1·11 PQ与RS迭合、S外虚线延至Q；对照 raw 复核通过	复核通过	raw PDF p15=印刷·11·；fig-p0015-03；图1·11；B01	a12049b
平面1-7	平面几何（第一册）	第1章	18	1334-1367	图拓扑/从扫描	低	图1·23 圆O、半径OA/OB/OC、外弧箭；对照 raw 复核通过	复核通过	raw PDF p22=印刷·18·；fig-p0022-01；图1·23；B01	a12049b
平面1-8	平面几何（第一册）	第1章	20	1480-1502	图拓扑/虚实线	中	图1·26 印刷近顶点段为实线、远端虚线箭头，TikZ原全虚线	已修	raw PDF p24=印刷·20·；fig-p0024-01；B01 已改实+虚	a12049b
平面1-9	平面几何（第一册）	第1章	20	1489-1531	图拓扑/虚实线	中	图1·27 左∠FOE印刷为实线，TikZ原虚线；右斜边近段改实线	已修	raw PDF p24=印刷·20·；fig-p0024-02；B01	a12049b
平面1-10	平面几何（第一册）	第1章	23	1815-1882	图拓扑/残图	高	图1·36 TikZ原为两平行线残图，印刷为∠ABC<∠DEF三栏迭合	已修	raw PDF p27=印刷·23·；fig-p0027-02；B01 已重画	a12049b
平面1-11	平面几何（第一册）	第1章	24	1838-1920	图拓扑/残图	高	图1·37 TikZ原为十字垂线残图，印刷为半圆量角器	已修	raw PDF p28=印刷·24·；fig-p0028-01；B01 已重画	a12049b
平面1-12	平面几何（第一册）	第1章	24	1855-1972	图拓扑/从扫描	低	图1·38 量角器量∠ABC=60°、O/(B)、A、C；对照 raw 复核通过	复核通过	raw PDF p28=印刷·24·；fig-p0028-02；图1·38；B01	a12049b
平面1-13	平面几何（第一册）	第1章	24	1890-1989	图拓扑/残图	高	图1·39 TikZ原为两斜线残图，印刷为量角器画∠EOF=35°	已修	raw PDF p28=印刷·24·；fig-p0028-03；B01 已重画	a12049b
平面1-14	平面几何（第一册）	第1章	26	2027-2142	图拓扑/从扫描	低	图1·42 已知角α与3α（P/R/S/Q）；从扫描标α；对照 raw 复核通过	复核通过	raw PDF p30=印刷·26·；fig-p0030-01；图1·42；B01；从扫描	a12049b
平面1-15	平面几何（第一册）	第1章	32	2311	标点OCR样例	低	「∠AOC=∠DOB.」等西文句号；对照 raw 原书即用实心句点，记样例不改	复核通过	raw PDF 邻接约印刷·32·一带；西文句号样例；B01；原书体例	a12049b
平面1-16	平面几何（第一册）	第1章	8	378-403	图拓扑/虚实线	低	图1·2（1）尺侧实/虚矩形与（2）弯尺；对照 raw 复核通过	复核通过	raw PDF p12=印刷·8·；fig-p0012-01/02；图1·2；B01	a12049b
平面1-17	平面几何（第一册）	第1章	42	3629-3681	图拓扑/残图	高	图1·67 TikZ原为两交叉线残图，印刷为书本/枕木/卡尺不相交直线示意	已修	raw PDF p46=印刷·42·；fig-p0046-02；B02 已重画	09b1074
平面1-18	平面几何（第一册）	第1章	63	5964-5996	图拓扑/标注	中	图1·94 直角记号原在P，印刷在垂足H；补∠EPF弧标1	已修	raw PDF p67=印刷·63·；fig-p0067-02；B02	09b1074
平面1-19	平面几何（第一册）	第1章	36	3031-3045	图拓扑/从扫描	低	习题§1.8第4题射线原带箭头，扫描为无箭头实线	已修	raw PDF p40=印刷·36·；fig-p0040-01；B02 已去箭头	09b1074
平面1-20	平面几何（第一册）	第1章	36	3051-3065	图拓扑/从扫描	中	习题§1.8第6题原带箭头且缺直角记号；扫描无箭头、OC⊥OA有直角记号与两弧	已修	raw PDF p40=印刷·36·；fig-p0040-02；B02	09b1074
平面1-21	平面几何（第一册）	第1章	36	3100-3126	图拓扑/从扫描	低	图1·60 直角∠AOB、内射线OC末端空心圆、直角旁标d；对照 raw 复核通过	复核通过	raw PDF p40=印刷·36·；fig-p0040-03；图1·60；B02；从扫描d	09b1074
平面1-22	平面几何（第一册）	第1章	37	3147-3165	图拓扑/虚实线	低	图1·61 邻补角：一边外延为虚线；对照 raw 复核通过	复核通过	raw PDF p41=印刷·37·；fig-p0041-01；图1·61；B02	09b1074
平面1-23	平面几何（第一册）	第1章	42	3603-3625	图拓扑/虚实线	低	图1·66 左交于E、右PQ/RS虚线延至O；对照 raw 复核通过	复核通过	raw PDF p46=印刷·42·；fig-p0046-01；图1·66；B02	09b1074
平面1-24	平面几何（第一册）	第1章	43	3652-3709	图拓扑/虚实线	低	图1·68 AB∥CD两端外侧虚线延长；对照 raw 复核通过	复核通过	raw PDF p47=印刷·43·；fig-p0047-01；图1·68；B02	09b1074
平面1-25	平面几何（第一册）	第1章	43	3715-3742	图拓扑/标注	低	图1·69 三线八角1–8编号与印刷一致；对照 raw 复核通过	复核通过	raw PDF p47=印刷·43·；fig-p0047-02；图1·69；B02	09b1074
平面1-26	平面几何（第一册）	第1章	55	4728-4784	图拓扑/虚实线	低	图1·81 过O平行CD实线、另两虚线示不相交于AB；对照 raw 复核通过	复核通过	raw PDF p59=印刷·55·；fig-p0059-01；图1·81；B02	09b1074
平面1-27	平面几何（第一册）	第1章	51	4295-4352	图拓扑/从扫描	低	图1·78 斜尺+三角板画平行线；对照 raw 复核通过	复核通过	raw PDF p55=印刷·51·；fig-p0055-02；图1·78；B02	09b1074
平面1-28	平面几何（第一册）	第1章	63	5887-5930	图拓扑/虚实线	低	图1·93 QD/QC反向延长虚线至E/F；对照 raw 复核通过	复核通过	raw PDF p67=印刷·63·；fig-p0067-01；图1·93；B02	09b1074
平面1-29	平面几何（第一册）	第1章	38	3173-3189	图拓扑/从扫描	低	图1·62 对顶角、OA/OB间直角记号；对照 raw 复核通过	复核通过	raw PDF p42=印刷·38·；fig-p0042-01；图1·62；B02	09b1074
平面1-30	平面几何（第一册）	第1章	45	3821-3923	图拓扑/从扫描	低	图1·72 内错角相等⇒平行之旋转示意三栏；对照 raw 复核通过	复核通过	raw PDF p49=印刷·45·；fig-p0049-04；图1·72；B02	09b1074
平面1-31	平面几何（第一册）	第2章	72	6867-6930	图拓扑/残图	高	图2·1 TikZ原为圆规圆残图，印刷为起重机/桁架桥/电杆斜撑/屋架	已修	raw PDF p76=印刷·72·；fig-p0076-01；B03 已重画	0d8a6c2
平面1-32	平面几何（第一册）	第2章	77	7324-7370	图拓扑/残图	高	图2·7 TikZ原为等腰△残图（前有孤儿「线段中点」），印刷为剪纸拼角实验左右两栏	已修	raw PDF p81=印刷·77·；fig-p0081-02/03；B03 已重画并删孤儿残图	0d8a6c2
平面1-33	平面几何（第一册）	第2章	75	7124-7143	图拓扑/虚实线	中	图2·6 原 B–P–E 不共线；按扫描改共线并保留 PE 虚线	已修	raw PDF p79=印刷·75·；fig-p0079-01；B03	0d8a6c2
平面1-34	平面几何（第一册）	第2章	74	7043-7082	图拓扑/从扫描	中	图2·5（1）补两腰等号杠；（1）旁去底边误杠；（2）三边改为各一单杠	已修	raw PDF p78=印刷·74·；fig-p0078-02/03/04；B03	0d8a6c2
平面1-35	平面几何（第一册）	第2章	79	7567-7601	图拓扑/标注	低	图2·11 补 B 单弧、C 双弧、D 外角单弧（跟扫描）	已修	raw PDF p83=印刷·79·；fig-p0083-05；B03	0d8a6c2
平面1-36	平面几何（第一册）	第2章	80	7662-7689	图拓扑/虚实线	中	图2·12 原缺 ED/虚线 EF；按扫描重画折线 BED、虚线 EF、E 处双弧与角1	已修	raw PDF p84=印刷·80·；fig-p0084-01；B03	0d8a6c2
平面1-37	平面几何（第一册）	第2章	80	7694-7726	图拓扑/直角	中	图2·13 原 EF 水平残段；改为 EF⊥OB，直角记号在 D、F	已修	raw PDF p84=印刷·80·；fig-p0084-02；B03	0d8a6c2
平面1-38	平面几何（第一册）	第1章	71	6733-6759	图拓扑/从扫描	低	第一章测验第5题 AB∥CD、角1/2；对照 raw 复核通过	复核通过	raw PDF p75=印刷·71·；fig-p0075-01；B03	0d8a6c2
平面1-39	平面几何（第一册）	第1章	71	6765-6778	图拓扑/从扫描	低	第一章测验第6题 平行四边形 ABCD（大写跟正文/扫描）；对照 raw 复核通过	复核通过	raw PDF p75=印刷·71·；fig-p0075-02；B03	0d8a6c2
平面1-40	平面几何（第一册）	第1章	71	6795-6812	图拓扑/从扫描	低	第一章测验第7题 AB∥CD、折线 BED；对照 raw 复核通过	复核通过	raw PDF p75=印刷·71·；fig-p0075-03；B03	0d8a6c2
平面1-41	平面几何（第一册）	第1章	71	6818-6846	图拓扑/从扫描	低	第一章测验第8题 ED∥AB、角1/2；对照 raw 复核通过	复核通过	raw PDF p75=印刷·71·；fig-p0075-04；B03	0d8a6c2
平面1-42	平面几何（第一册）	第2章	73	6940-6952	图拓扑/从扫描	低	图2·2 △ABC 边 a/b/c；对照 raw 复核通过	复核通过	raw PDF p77=印刷·73·；fig-p0077-01；B03	0d8a6c2
平面1-43	平面几何（第一册）	第2章	73	6961-6995	图拓扑/从扫描	低	图2·3（1）（2）外角与六外角编号；对照 raw 复核通过	复核通过	raw PDF p77=印刷·73·；fig-p0077-02/03；B03	0d8a6c2
平面1-44	平面几何（第一册）	第2章	74	7029-7038	图拓扑/从扫描	低	图2·4 不等边锐角/钝角两△；对照 raw 复核通过	复核通过	raw PDF p78=印刷·74·；fig-p0078-01；B03	0d8a6c2
平面1-45	平面几何（第一册）	第2章	77	7386-7401	图拓扑/虚实线	低	图2·8 CD/CE 虚线、角1/2；对照 raw 复核通过	复核通过	raw PDF p81=印刷·77·；fig-p0081-04；B03	0d8a6c2
平面1-46	平面几何（第一册）	第2章	78	7439-7453	图拓扑/从扫描	低	图2·9 三外角1/2/3；对照 raw 复核通过	复核通过	raw PDF p82=印刷·78·；fig-p0082-01；B03	0d8a6c2
平面1-47	平面几何（第一册）	第2章	104	9919-9960	图拓扑/从扫描	中	图2·41 BC/B'C'/BC' 等号杠原与 AC 同为单杠；按扫描改为双杠（AC 族单杠、AB 族双杠）	已修	raw PDF p108=印刷·104·；fig-p0108-01；B04	41c2d1b
平面1-48	平面几何（第一册）	第2章	105	9990-10041	图拓扑/OCR	中	图2·42 去虚线 BC' 误杠；邻接证文 O'→C'、完全重合在→完全迭合在	已修	raw PDF p109=印刷·105·；fig-p0109-01；B04	41c2d1b
平面1-49	平面几何（第一册）	第2章	106	10056-10103	图拓扑/标注	中	图2·43 B 处上下角弧与 B' 角弧原为单弧；按扫描改为双弧（A/A' 仍单弧）	已修	raw PDF p110=印刷·106·；fig-p0110-01；B04	41c2d1b
平面1-50	平面几何（第一册）	第2章	107	10136-10173	图拓扑/标注	低	图2·44 C/C' 角弧原为单弧；按扫描改为双弧（B/B' 仍单弧）	已修	raw PDF p111=印刷·107·；fig-p0111-01；B04	41c2d1b
平面1-51	平面几何（第一册）	第2章	107	10179-10204	图拓扑/从扫描	中	图2·45 AD/BC 原与 AB/CD 同为单杠；按扫描改为双杠	已修	raw PDF p111=印刷·107·；fig-p0111-02；B04	41c2d1b
平面1-52	平面几何（第一册）	第2章	108	10250-10285	图拓扑/从扫描	中	图2·46 BO/CO 原与 AO/DO 同为单杠；按扫描改为双杠	已修	raw PDF p112=印刷·108·；B04	41c2d1b
平面1-53	平面几何（第一册）	第2章	108	10288-10333	图拓扑/OCR	中	图2·47 ∠1/∠2 原单弧改双弧；邻接「AFOD」→「AFCD」	已修	raw PDF p112=印刷·108·；fig-p0112-02；B04	41c2d1b
平面1-54	平面几何（第一册）	第2章	109	10362-10433	图拓扑/标注	中	图2·48 主图原缺等号杠与底角弧；按扫描补 BF/CE 双杠、BC 单杠、B/C 单弧，拆图同步	已修	raw PDF p113=印刷·109·；fig-p0113-01；B04	41c2d1b
平面1-55	平面几何（第一册）	第2章	110	10482-10511	图拓扑/从扫描	低	图2·49 平行四边形+对角线 DB、角1–4；对照 raw 复核通过	复核通过	raw PDF p114=印刷·110·；fig-p0114-01；B04	41c2d1b
平面1-56	平面几何（第一册）	第2章	103	9886-9899	图拓扑/从扫描	低	图2·40 铰接木条/两边夹角实验示意；对照 raw/fig-alt 复核通过	复核通过	raw PDF p107≈印刷·103·；B04 邻接本批前图	41c2d1b
平面1-57	平面几何（第一册）	第2章	106	10123	正文OCR	低	邻接「两双角/第三双角」；对照 raw 为旧式量词，保留未改	复核通过	raw PDF p110=印刷·106·；推论段；B04	41c2d1b
平面1-58	平面几何（第一册）	第2章	105	9987-10028	图拓扑/虚实线	低	图2·42 虚线 AC'/BC'、A 上下单弧、AC 单杠 AB 双杠拓扑；修杠/OCR 后复核通过	复核通过	raw PDF p109=印刷·105·；fig-p0109-01；B04	41c2d1b
平面1-59	平面几何（第一册）	第2章	108	10250-10285	图拓扑/标注	低	图2·46 对顶角1/2与 AB/CD 实线拓扑；修杠后复核通过	复核通过	raw PDF p112=印刷·108·；B04	41c2d1b
平面1-60	平面几何（第一册）	第2章	108	10288-10328	图拓扑/虚实线	低	图2·47 A–F–C–D 共线、B 上 E 下、AF/CD 单杠；修弧/OCR 后复核通过	复核通过	raw PDF p112=印刷·108·；fig-p0112-02；B04	41c2d1b
平面1-61	平面几何（第一册）	第2章	116	11279-11327	图拓扑/从扫描	中	图2·50左幅原缺等号杠且BD实线；按扫描改BD/CD虚线、AB/BD单杠、BC双杠、C左右直角记号	已修	raw PDF p120=印刷·116·；fig-p0120-01；B05	3c61a82
平面1-62	平面几何（第一册）	第2章	116	11309-11327	图拓扑/从扫描	中	图2·50右幅原B'C'/C'A'各单杠、斜边无杠；按扫描改为B'C'双杠、斜边单杠、去C'A'误杠	已修	raw PDF p120=印刷·116·；fig-p0120-02；B05	3c61a82
平面1-63	平面几何（第一册）	第2章	117	11366-11385	图拓扑/从扫描	低	图2·51 等腰△两高交叉、F/E直角记号；对照 raw 复核通过	复核通过	raw PDF p121=印刷·117·；fig-p0121-01；B05	3c61a82
平面1-64	平面几何（第一册）	第2章	117	11390-11426	图拓扑/残图	高	图2·52 TikZ原为两圆相交残图；按扫描重画测河宽（河流阴影、虚线AA'、直角B/B'、对顶角1/2）	已修	raw PDF p121=印刷·117·；fig-p0121-02；B05	3c61a82
平面1-65	平面几何（第一册）	第2章	118	11461-11491	图拓扑/虚实线	中	图2·53（1）原BE实线、缺MB等号杠；按扫描改BE虚线并补MB单杠（AM/CB仍单杠）	已修	raw PDF p122=印刷·118·；fig-p0122-01；B05	3c61a82
平面1-66	平面几何（第一册）	第2章	118	11497-11520	图拓扑/从扫描	低	图2·53（2）虚线CP、A/ACP单弧、AP/CP/CB单杠；对照 raw 复核通过	复核通过	raw PDF p122=印刷·118·；fig-p0122-02；B05	3c61a82
平面1-67	平面几何（第一册）	第2章	118	11438,11524	正文OCR	中	邻接证文 A' B' 空格与「∠AOP」误读；按扫描改为 A'B'=AB、∠ACP	已修	raw PDF p122=印刷·118·；例2/例3注意；B05	3c61a82
平面1-68	平面几何（第一册）	第2章	111	10546-10563	图拓扑/从扫描	低	习题2.9第1题 △ABC+CD、角1/2；对照 raw 复核通过	复核通过	raw PDF p115≈印刷·111·；fig-p0114-02/邻页；B05	3c61a82
平面1-69	平面几何（第一册）	第2章	111	10569-10595	图拓扑/从扫描	低	习题2.9第2题 平行四边形+对角线、角1–4；对照 raw 复核通过	复核通过	raw PDF p115=印刷·111·；fig-p0115-01；B05	3c61a82
平面1-70	平面几何（第一册）	第2章	113	10861-10878	图拓扑/从扫描	低	习题2.9第13题 曲尺平分角；对照 raw 复核通过并补全 fig-alt	复核通过	raw PDF p117=印刷·113·；fig-p0117-01；B05	3c61a82
平面1-71	平面几何（第一册）	第2章	113	10883-10900	图拓扑/从扫描	低	习题2.9第14题 测池塘AB；对照 raw 复核通过并补全 fig-alt	复核通过	raw PDF p117=印刷·113·；fig-p0117-02；B05	3c61a82
平面1-72	平面几何（第一册）	第2章	114	10919-10962	图拓扑/从扫描	低	习题2.9第15题 补助线FD∥AE、等号杠与角1/2；对照 raw 复核通过	复核通过	raw PDF p118=印刷·114·；fig-p0117-03；B05	3c61a82
平面1-73	平面几何（第一册）	第2章	114	10982-11029	图拓扑/残图	高	习题2.9第16题 TikZ原为圆与弦残图；按扫描重画测距（河流、虚线AB/AD、BD=DG单杠、ED=DF双杠）	已修	raw PDF p118=印刷·114·；fig-p0118-01；B05	3c61a82
平面1-74	平面几何（第一册）	第2章	117	11390-11426	图拓扑/虚实线	低	图2·52 河流阴影/虚线AA'过M/直角与对顶角拓扑；重画后复核通过	复核通过	raw PDF p121=印刷·117·；fig-p0121-02；B05	3c61a82
平面1-75	平面几何（第一册）	第2章	119	11548-11571	图拓扑/从扫描	低	习题2.10第3题 OP平分角+MN⊥OP、C直角记号；对照 raw 复核通过	复核通过	raw PDF p123=印刷·119·；fig-p0123-01；B06	f86d1ff
平面1-76	平面几何（第一册）	第2章	119	11577-11606	图拓扑/标注	中	习题2.10第4题原缺H直角与B处分角弧；按扫描补H直角、B处1/2弧及∠HEC标2	已修	raw PDF p123=印刷·119·；fig-p0123-02；B06	f86d1ff
平面1-77	平面几何（第一册）	第2章	119	11629-11651	图拓扑/从扫描	低	习题2.10第5题 角平分线+MC/MD/CD；对照 raw 复核通过	复核通过	raw PDF p123=印刷·119·；fig-p0123-03；B06	f86d1ff
平面1-78	平面几何（第一册）	第2章	119	11657-11677	图拓扑/从扫描	低	习题2.10第6题 中线BM+CD/AE；对照 raw 复核通过	复核通过	raw PDF p123=印刷·119·；fig-p0123-04；B06	f86d1ff
平面1-79	平面几何（第一册）	第2章	120	11688-11718	图拓扑/从扫描	低	习题2.10第7题 等腰直角+CR⊥BP；对照 raw 复核通过	复核通过	raw PDF p124=印刷·120·；fig-p0124-01；B06	f86d1ff
平面1-80	平面几何（第一册）	第2章	120	11724-11745	图拓扑/从扫描	低	习题2.10第8题 AE=FB、CE/DF⊥AB；对照 raw 复核通过（扫描无直角记号/等号杠）	复核通过	raw PDF p124=印刷·120·；fig-p0124-02；B06	f86d1ff
平面1-81	平面几何（第一册）	第2章	120	11772-11807	图拓扑/等号杠	中	习题2.10第11题原缺AB单杠与BF/BE双杠；按扫描补AB=CB单杠、BF=BE双杠并修正C处角弧朝向	已修	raw PDF p124=印刷·120·；fig-p0124-03；B06	f86d1ff
平面1-82	平面几何（第一册）	第2章	120	11813-11846	图拓扑/从扫描	低	习题2.10第12题 等腰底角平分线+AS/AR垂足直角；对照 raw 复核通过	复核通过	raw PDF p124=印刷·120·；fig-p0124-04；B06	f86d1ff
平面1-83	平面几何（第一册）	第2章	121	11866-11919	图拓扑/虚实线	中	图2·54左幅原缺以C为心短虚弧且O心弧为实线；按扫描改为虚弧并补C心短虚弧（右幅复核通过）	已修	raw PDF p125=印刷·121·；fig-p0125-01/02；B06	f86d1ff
平面1-84	平面几何（第一册）	第2章	122	11978-12003	图拓扑/标注	中	图2·55作图幅AB误标a、射线无箭头、作图弧为虚；按扫描改为标c、P端箭头、短实弧	已修	raw PDF p126=印刷·122·；fig-p0126-02；B06	f86d1ff
平面1-85	平面几何（第一册）	第2章	122	12056-12078	图拓扑/从扫描	低	图2·56 两边夹角作图、虚弧与作图叉；对照 raw 复核通过	复核通过	raw PDF p126=印刷·122·；fig-p0126-04；B06	f86d1ff
平面1-86	平面几何（第一册）	第2章	123	12108-12146	图拓扑/OCR	中	图2·57拓扑复核通过；邻接作法「直角三角形AOB」按扫描改为ABC	已修	raw PDF p127=印刷·123·；fig-p0127-01；B06	f86d1ff
平面1-87	平面几何（第一册）	第2章	124	12161-12220	图拓扑/标注	低	图2·58中幅∠DEF原单弧；按扫描改为与∠A'同族双弧	已修	raw PDF p128=印刷·124·；fig-p0128-01；B06	f86d1ff
平面1-88	平面几何（第一册）	第2章	126	12363-12407	图拓扑/标注	中	图2·60已知三段原误标a/b/c；按扫描改为a/b/m_b；并修图2·54作法「交点O，D」→「交点C，D」	已修	raw PDF p130=印刷·126·／p125作法；fig-p0130-02；B06	f86d1ff
平面2-1	平面几何（第二册）	第1章	1	351-352	OCR/图号	中	图1·6邻接正文误作「图1·7」且单位线段「EBF」；按扫描/fig-alt改为图1·6与BF，顿号改句号	已修	raw PDF p10=印刷·7·；fig-p0010-01；B01	ab758e5
平面2-2	平面几何（第二册）	第1章	1	39-47	图拓扑/标注	中	图1·1原缺上尺刻度与u/l标注；按raw/assets补上尺刻度及u、l	已修	raw PDF p4=印刷·1·；fig-p0004-01；B01	ab758e5
平面2-3	平面几何（第二册）	第1章	2	70-110	图拓扑/虚实线	低	图1·2分割规与虚线截取弧、A…A4/B标注；对照raw复核通过	复核通过	raw PDF p5=印刷·2·；fig-p0005-01；B01	ab758e5
平面2-4	平面几何（第二册）	第1章	1	57	OCR	低	§1·1「线段l」「用m（米）」未入数学模式；按扫描改为\(l\)/\(m\)	已修	raw PDF p4–p5；B01	ab758e5
平面2-5	平面几何（第二册）	第1章	3	127-169	图拓扑/标注	低	图1·3(1)(2)单位u与剩余r1、分点A…B；对照raw复核通过	复核通过	raw PDF p6=印刷·3·；fig-p0006-01/02；B01	ab758e5
平面2-6	平面几何（第二册）	第1章	9	472-495	图拓扑/标注	低	图1·7四线段a/b/c/d（4:7与4:7）；对照正文比与assets复核通过	复核通过	raw PDF p12=印刷·9·；fig-p0012-01；B01	ab758e5
平面2-7	平面几何（第二册）	第1章	9	503-527	图拓扑	低	图1·8两三角形中位线DE/D'E'；对照assets复核通过	复核通过	raw PDF p12=印刷·9·；fig-p0012-02/03；B01	ab758e5
平面2-8	平面几何（第二册）	第1章	16	935	OCR/图号	低	已知中「图 }1-10」连字符/空格误排；改为「图1·10」	已修	raw PDF p19=印刷·16·；B01	ab758e5
平面2-9	平面几何（第二册）	第1章	16	942-965	图拓扑/标注	低	图1·10平行截线、DE加粗、顶A双向箭头与a/b；对照raw复核通过	复核通过	raw PDF p19=印刷·16·；fig-p0019-01；B01	ab758e5
平面2-10	平面几何（第二册）	第1章	17	999-1061	图拓扑/虚实线	低	图1·11(1)(2)虚实平行线与B'C'等；对照raw复核通过	复核通过	raw PDF p20=印刷·17·；fig-p0020-01/02；B01	ab758e5
平面2-11	平面几何（第二册）	第1章	26	1994-1997	图拓扑/虚实线	中	图1·20给定段OD原误作虚线；按扫描/fig-alt改为实线（CD/EF仍虚，DF加粗为x）	已修	raw PDF p29一带；fig-p0029*；B01	ab758e5
平面2-12	平面几何（第二册）	第1章	27	2021-2025	OCR/公式	高	例1题干误作a=5ab/2c；按求作与分析改为x=3ab/2c，并理a/b/c数学模式	已修	与［求作］/分析一致；B01	ab758e5
平面2-13	平面几何（第二册）	第1章	28	1958-2150	OCR	中	作图题1–3段首误排句号；作法字母裸排、//→∥；作图题2射线AO按图改为AC	已修	图1·20–1·23邻接正文；B01	ab758e5
平面2-14	平面几何（第二册）	第1章	25	1687-1690	OCR	中	习题1·3第4题「四边形AB'D」按扫描/fig-alt改为ABCD；第2题提示EF'→EF	已修	raw PDF p28–p29；fig-p0028-02/fig-p0029-01；B01	ab758e5
平面2-15	平面几何（第二册）	第1章	32	2522-2553	图拓扑/角弧	低	图1·25内角平分线证图：虚线AE/CE与角弧1/2/1'/2'；对照复核通过；邻接∵/∠已数学化	复核通过	raw PDF p35一带；fig-p0035-01；B01	ab758e5
平面2-16	平面几何（第二册）	第1章	10	552-554	OCR	低	定理2「以a和d为比例外项」「以db除」裸字母；改为数学模式	已修	§1·2比例性质；B01	ab758e5
