path	book	asset_dir	page	track	confidence	reason	alt	tex_refs	width	height	bytes	white	black	status
books/assets/algebra-1/fig-p0014-01.png	代数（第一册）	algebra-1	14	V	low	初分待对照 raw 改轨	图1-1	tex/books/代数（第一册）.tex:630	85	467	2032	0.812	0.188	pending
books/assets/algebra-1/fig-p0017-01.png	代数（第一册）	algebra-1	17	T	high	对照 raw 第17页有理数分类，已改 TikZ	原PDF第17页运算示意	tex/books/代数（第一册）.tex:726	437	155	2008	0.930	0.070	replaced
books/assets/algebra-1/fig-p0017-02.png	代数（第一册）	algebra-1	17	T	high	对照 raw 第17页有理数分类，已改 TikZ	原PDF第17页运算示意	tex/books/代数（第一册）.tex:747	366	154	1586	0.927	0.073	replaced
books/assets/algebra-1/fig-p0018-01.png	代数（第一册）	algebra-1	18	T	high	对照 raw 第18页图1-3数轴，已改 TikZ	图1-3	tex/books/代数（第一册）.tex:800	474	107	1065	0.939	0.061	replaced
books/assets/algebra-1/fig-p0020-01.png	代数（第一册）	algebra-1	20	T	high	对照 raw 第20页图1-4数轴，已改 TikZ	图1-4	tex/books/代数（第一册）.tex:868	458	86	728	0.943	0.057	replaced
books/assets/algebra-1/fig-p0022-01.png	代数（第一册）	algebra-1	22	T	high	对照 raw 第22页图1-5路程，已改 TikZ	图1-5	tex/books/代数（第一册）.tex:997	488	63	652	0.919	0.081	replaced
books/assets/algebra-1/fig-p0023-01.png	代数（第一册）	algebra-1	23	T	high	对照 raw 第23页图1-6数轴，已改 TikZ	图1-6	tex/books/代数（第一册）.tex:1015	449	74	418	0.956	0.044	replaced
books/assets/algebra-1/fig-p0025-01.png	代数（第一册）	algebra-1	25	V	low	初分待对照 raw 改轨	图1.7	tex/books/代数（第一册）.tex:1117	83	473	2038	0.794	0.206	pending
books/assets/algebra-1/fig-p0025-02.png	代数（第一册）	algebra-1	25	T	high	对照 raw 第25页图1-8数轴，已改 TikZ	图1-8	tex/books/代数（第一册）.tex:1149	515	72	815	0.921	0.079	replaced
books/assets/algebra-1/fig-p0028-01.png	代数（第一册）	algebra-1	28	T	high	对照 raw 第28页图1.9路程，已改 TikZ	图1.9	tex/books/代数（第一册）.tex:1339	517	75	789	0.938	0.062	replaced
books/assets/algebra-1/fig-p0028-02.png	代数（第一册）	algebra-1	28	T	high	对照 raw 第28页路程或数轴，已改 TikZ	图1-10	tex/books/代数（第一册）.tex:1364	514	64	796	0.904	0.096	replaced
books/assets/algebra-1/fig-p0029-01.png	代数（第一册）	algebra-1	29	T	high	对照 raw 第29页路程或数轴，已改 TikZ	图1-11	tex/books/代数（第一册）.tex:1400	500	83	911	0.931	0.069	replaced
books/assets/algebra-1/fig-p0029-02.png	代数（第一册）	algebra-1	29	T	high	对照 raw 第29页路程或数轴，已改 TikZ	图1·12	tex/books/代数（第一册）.tex:1434	539	88	991	0.927	0.073	replaced
books/assets/algebra-1/fig-p0034-01.png	代数（第一册）	algebra-1	34	T	high	对照 raw 第34页路程或数轴，已改 TikZ	图1-13	tex/books/代数（第一册）.tex:1693	527	77	970	0.921	0.079	replaced
books/assets/algebra-1/fig-p0034-02.png	代数（第一册）	algebra-1	34	T	high	对照 raw 第34页路程或数轴，已改 TikZ	图1-14	tex/books/代数（第一册）.tex:1709	554	78	977	0.924	0.076	replaced
books/assets/algebra-1/fig-p0047-01.png	代数（第一册）	algebra-1	47	T	high	对照 raw 第47页路程或数轴，已改 TikZ	图1-15	tex/books/代数（第一册）.tex:2381	567	85	1123	0.928	0.072	replaced
books/assets/algebra-1/fig-p0047-02.png	代数（第一册）	algebra-1	47	T	high	对照 raw 第47页路程或数轴，已改 TikZ	图1-16	tex/books/代数（第一册）.tex:2414	566	82	1198	0.911	0.089	replaced
books/assets/algebra-1/fig-p0048-01.png	代数（第一册）	algebra-1	48	T	high	对照 raw 第48页路程或数轴，已改 TikZ	图1-17	tex/books/代数（第一册）.tex:2447	562	84	1161	0.919	0.081	replaced
books/assets/algebra-1/fig-p0048-02.png	代数（第一册）	algebra-1	48	T	high	对照 raw 第48页线图，已改 TikZ	图1-18	tex/books/代数（第一册）.tex:2479	572	81	1256	0.905	0.095	replaced
books/assets/algebra-1/fig-p0061-01.png	代数（第一册）	algebra-1	61	T	high	对照 raw 第61页线图，已改 TikZ	图1-19	tex/books/代数（第一册）.tex:3201	183	181	587	0.932	0.068	replaced
books/assets/algebra-1/fig-p0061-02.png	代数（第一册）	algebra-1	61	T	high	对照 raw 第61页线图，已改 TikZ	图1-20	tex/books/代数（第一册）.tex:3213	230	228	1255	0.923	0.077	replaced
books/assets/algebra-1/fig-p0078-01.png	代数（第一册）	algebra-1	78	T	high	对照 raw 第78页线图，已改 TikZ	(第3题)	tex/books/代数（第一册）.tex:4408	252	152	966	0.954	0.046	replaced
books/assets/algebra-1/fig-p0078-02.png	代数（第一册）	algebra-1	78	T	high	对照 raw 第78页线图，已改 TikZ	(第4题)	tex/books/代数（第一册）.tex:4420	278	147	825	0.948	0.052	replaced
books/assets/algebra-1/fig-p0079-01.png	代数（第一册）	algebra-1	79	T	high	对照 raw 第79页线图，已改 TikZ	(第5题)	tex/books/代数（第一册）.tex:4445	178	191	926	0.953	0.047	replaced
books/assets/algebra-1/fig-p0086-01.png	代数（第一册）	algebra-1	86	T	high	对照 raw 第86页题图，已改 TikZ	(第9题)	tex/books/代数（第一册）.tex:4950	292	170	1018	0.955	0.045	replaced
books/assets/algebra-1/fig-p0086-02.png	代数（第一册）	algebra-1	86	T	high	对照 raw 第86页题图，已改 TikZ	(第10题)	tex/books/代数（第一册）.tex:4962	241	189	1148	0.925	0.075	replaced
books/assets/algebra-1/fig-p0150-01.png	代数（第一册）	algebra-1	150	T	high	对照 raw 页运算示意，已改 TikZ	原PDF第150页运算示意	tex/books/代数（第一册）.tex:9035	94	104	429	0.962	0.038	replaced
books/assets/algebra-1/fig-p0150-02.png	代数（第一册）	algebra-1	150	T	high	对照 raw 页运算示意，已改 TikZ	原PDF第150页运算示意	tex/books/代数（第一册）.tex:9083	239	354	1931	0.966	0.034	replaced
books/assets/algebra-1/fig-p0196-01.png	代数（第一册）	algebra-1	196	T	high	对照 raw/PNG，已改 TikZ	原PDF第196页运算示意	tex/books/代数（第一册）.tex:11858	78	92	351	0.960	0.040	replaced
books/assets/algebra-1/fig-p0196-02.png	代数（第一册）	algebra-1	196	T	high	对照 raw/PNG，已改 TikZ	原PDF第196页运算示意	tex/books/代数（第一册）.tex:11864	77	91	358	0.956	0.044	replaced
books/assets/algebra-1/fig-p0197-01.png	代数（第一册）	algebra-1	197	T	high	对照 raw/PNG，已改 TikZ	原PDF第197页运算示意	tex/books/代数（第一册）.tex:11885	105	103	425	0.963	0.037	replaced
books/assets/algebra-1/fig-p0197-02.png	代数（第一册）	algebra-1	197	T	high	对照 raw/PNG，已改 TikZ	原PDF第197页运算示意	tex/books/代数（第一册）.tex:11891	94	101	440	0.957	0.043	replaced
books/assets/algebra-1/fig-p0198-01.png	代数（第一册）	algebra-1	198	T	high	对照 raw/PNG，已改 TikZ	原PDF第198页运算示意	tex/books/代数（第一册）.tex:11990	94	105	406	0.954	0.046	replaced
books/assets/algebra-1/fig-p0198-02.png	代数（第一册）	algebra-1	198	T	high	对照 raw/PNG，已改 TikZ	原PDF第198页运算示意	tex/books/代数（第一册）.tex:11996	90	104	405	0.958	0.042	replaced
books/assets/algebra-1/fig-p0198-03.png	代数（第一册）	algebra-1	198	T	high	对照 raw/PNG，已改 TikZ	原PDF第198页运算示意	tex/books/代数（第一册）.tex:12002	92	104	441	0.954	0.046	replaced
books/assets/algebra-1/fig-p0198-04.png	代数（第一册）	algebra-1	198	T	high	对照 raw/PNG，已改 TikZ	原PDF第198页运算示意	tex/books/代数（第一册）.tex:12008	92	104	436	0.954	0.046	replaced
books/assets/algebra-1/fig-p0199-02.png	代数（第一册）	algebra-1	199	T	high	对照 raw/PNG，已改 TikZ	原PDF第199页运算示意	tex/books/代数（第一册）.tex:12125	87	105	447	0.952	0.048	replaced
books/assets/algebra-1/fig-p0200-01.png	代数（第一册）	algebra-1	200	T	high	对照 raw/PNG，已改 TikZ	原PDF第200页运算示意	tex/books/代数（第一册）.tex:12151	96	102	407	0.960	0.040	replaced
books/assets/algebra-1/fig-p0200-02.png	代数（第一册）	algebra-1	200	T	high	对照 raw/PNG，已改 TikZ	原PDF第200页运算示意	tex/books/代数（第一册）.tex:12163	95	104	454	0.953	0.047	replaced
books/assets/algebra-1/fig-p0200-03.png	代数（第一册）	algebra-1	200	T	high	对照 raw/PNG，已改 TikZ	原PDF第200页运算示意	tex/books/代数（第一册）.tex:12186	441	104	1243	0.965	0.035	replaced
books/assets/algebra-1/fig-p0201-01.png	代数（第一册）	algebra-1	201	T	high	对照 raw/PNG，已改 TikZ	原PDF第201页运算示意	tex/books/代数（第一册）.tex:12210	496	104	1487	0.964	0.036	replaced
books/assets/algebra-1/fig-p0202-01.png	代数（第一册）	algebra-1	202	T	high	对照 raw/PNG，已改 TikZ	原PDF第202页运算示意	tex/books/代数（第一册）.tex:12271	410	107	972	0.967	0.033	replaced
books/assets/algebra-1/fig-p0202-02.png	代数（第一册）	algebra-1	202	T	high	对照 raw/PNG，已改 TikZ	原PDF第202页运算示意	tex/books/代数（第一册）.tex:12283	357	107	885	0.967	0.033	replaced
books/assets/algebra-1/fig-p0202-03.png	代数（第一册）	algebra-1	202	T	high	对照 raw/PNG，已改 TikZ	原PDF第202页运算示意	tex/books/代数（第一册）.tex:12295	138	106	522	0.963	0.037	replaced
books/assets/algebra-1/fig-p0271-01.png	代数（第一册）	algebra-1	271	T	high	对照 raw 页运算示意，已改 TikZ	原PDF第271页运算示意	tex/books/代数（第一册）.tex:15727	199	214	1722	0.917	0.083	replaced
books/assets/algebra-1/fig-p0275-01.png	代数（第一册）	algebra-1	275	T	high	对照 raw 页运算示意，已改 TikZ	原PDF第275页运算示意	tex/books/代数（第一册）.tex:15881	301	237	1902	0.949	0.051	replaced
books/assets/algebra-2/fig-p0033-01.png	代数（第二册）	algebra-2	33	T	high	对照 raw 第33页，已改 TikZ	图1.1	tex/books/代数（第二册）.tex:1766	403	91	975	0.928	0.072	replaced
books/assets/algebra-2/fig-p0034-01.png	代数（第二册）	algebra-2	34	T	high	对照 raw 第34页，已改 TikZ	图1.2	tex/books/代数（第二册）.tex:1798	401	78	962	0.890	0.110	replaced
books/assets/algebra-2/fig-p0040-01.png	代数（第二册）	algebra-2	40	T	high	对照 raw 第40页，已改 TikZ	图1-3	tex/books/代数（第二册）.tex:2080	287	218	1686	0.914	0.086	replaced
books/assets/algebra-2/fig-p0046-01.png	代数（第二册）	algebra-2	46	V	low	初分待对照 raw 改轨	（第14题）	tex/books/代数（第二册）.tex:2368	229	121	2052	0.808	0.192	pending
books/assets/algebra-2/fig-p0073-01.png	代数（第二册）	algebra-2	73	T	high	对照 raw 第73页，已改 TikZ	图2.1	tex/books/代数（第二册）.tex:3740	349	72	645	0.937	0.063	replaced
books/assets/algebra-2/fig-p0074-01.png	代数（第二册）	algebra-2	74	T	high	对照 raw 第74页，已改 TikZ	图2.2	tex/books/代数（第二册）.tex:3748	352	67	610	0.928	0.072	replaced
books/assets/algebra-2/fig-p0074-02.png	代数（第二册）	algebra-2	74	T	high	对照 raw 第74页，已改 TikZ	图2.3	tex/books/代数（第二册）.tex:3771	278	69	467	0.919	0.081	replaced
books/assets/algebra-2/fig-p0075-01.png	代数（第二册）	algebra-2	75	T	high	对照 raw 第75页，已改 TikZ	图2.4	tex/books/代数（第二册）.tex:3800	304	78	393	0.947	0.053	replaced
books/assets/algebra-2/fig-p0075-02.png	代数（第二册）	algebra-2	75	T	high	对照 raw 第75页，已改 TikZ	图2.5	tex/books/代数（第二册）.tex:3806	192	64	325	0.947	0.053	replaced
books/assets/algebra-2/fig-p0077-01.png	代数（第二册）	algebra-2	77	T	high	对照 raw 第77页数轴，已改 TikZ	图2.6	tex/books/代数（第二册）.tex:3956	350	73	531	0.936	0.064	replaced
books/assets/algebra-2/fig-p0077-02.png	代数（第二册）	algebra-2	77	T	high	对照 raw 第77页数轴，已改 TikZ	图2.7	tex/books/代数（第二册）.tex:3972	367	56	423	0.919	0.081	replaced
books/assets/algebra-2/fig-p0078-01.png	代数（第二册）	algebra-2	78	T	high	对照 raw 第78页数轴，已改 TikZ	图2.8	tex/books/代数（第二册）.tex:3988	358	72	521	0.923	0.077	replaced
books/assets/algebra-2/fig-p0080-01.png	代数（第二册）	algebra-2	80	T	high	对照 raw 第80页数轴，已改 TikZ	图2.9	tex/books/代数（第二册）.tex:4099	252	90	562	0.934	0.066	replaced
books/assets/algebra-2/fig-p0080-02.png	代数（第二册）	algebra-2	80	T	high	对照 raw 第80页数轴，已改 TikZ	图2.10	tex/books/代数（第二册）.tex:4105	260	89	553	0.930	0.070	replaced
books/assets/algebra-2/fig-p0080-03.png	代数（第二册）	algebra-2	80	T	high	对照 raw 第80页数轴，已改 TikZ	图2.11	tex/books/代数（第二册）.tex:4148	513	61	485	0.944	0.056	replaced
books/assets/algebra-2/fig-p0082-01.png	代数（第二册）	algebra-2	82	T	high	对照 raw 第82页线图，已改 TikZ	图2·12	tex/books/代数（第二册）.tex:4216	413	83	772	0.940	0.060	replaced
books/assets/algebra-2/fig-p0082-02.png	代数（第二册）	algebra-2	82	T	high	对照 raw 第82页线图，已改 TikZ	图2.13	tex/books/代数（第二册）.tex:4230	295	84	739	0.926	0.074	replaced
books/assets/algebra-2/fig-p0082-03.png	代数（第二册）	algebra-2	82	T	high	对照 raw 第82页线图，已改 TikZ	图2.14	tex/books/代数（第二册）.tex:4242	312	75	744	0.914	0.086	replaced
books/assets/algebra-2/fig-p0084-01.png	代数（第二册）	algebra-2	84	T	high	对照 raw 第84页线图，已改 TikZ	图2.15	tex/books/代数（第二册）.tex:4311	428	81	864	0.911	0.089	replaced
books/assets/algebra-2/fig-p0085-01.png	代数（第二册）	algebra-2	85	T	high	对照 raw 第85页线图，已改 TikZ	图2.16	tex/books/代数（第二册）.tex:4353	333	69	651	0.920	0.080	replaced
books/assets/algebra-2/fig-p0085-02.png	代数（第二册）	algebra-2	85	T	high	对照 raw 第85页线图，已改 TikZ	图2.17	tex/books/代数（第二册）.tex:4384	441	90	875	0.926	0.074	replaced
books/assets/algebra-2/fig-p0086-01.png	代数（第二册）	algebra-2	86	T	high	对照 raw 第86页数轴，已改 TikZ	图2.18	tex/books/代数（第二册）.tex:4416	333	63	616	0.912	0.088	replaced
books/assets/algebra-2/fig-p0126-01.png	代数（第二册）	algebra-2	126	T	high	对照 raw/PNG，已改 TikZ	（第4题）	tex/books/代数（第二册）.tex:6602	392	120	886	0.919	0.081	replaced
books/assets/algebra-2/fig-p0167-01.png	代数（第二册）	algebra-2	167	T	high	对照 raw/PNG，已改 TikZ	图示（原PDF第167页）	tex/books/代数（第二册）.tex:8392	261	152	1741	0.918	0.082	replaced
books/assets/algebra-2/fig-p0167-02.png	代数（第二册）	algebra-2	167	T	high	对照 raw/PNG，已改 TikZ	图示（原PDF第167页）	tex/books/代数（第二册）.tex:8409	262	151	1809	0.896	0.104	replaced
books/assets/algebra-2/fig-p0168-01.png	代数（第二册）	algebra-2	168	T	high	对照 raw/PNG，已改 TikZ	图示（原PDF第168页）	tex/books/代数（第二册）.tex:8428	265	156	1741	0.917	0.083	replaced
books/assets/algebra-2/fig-p0168-02.png	代数（第二册）	algebra-2	168	T	high	对照 raw/PNG，已改 TikZ	图示（原PDF第168页）	tex/books/代数（第二册）.tex:8448	265	154	1809	0.899	0.101	replaced
books/assets/algebra-2/fig-p0170-01.png	代数（第二册）	algebra-2	170	T	high	对照 raw/PNG，已改 TikZ	图示（原PDF第170页）	tex/books/代数（第二册）.tex:8567	263	155	1712	0.911	0.089	replaced
books/assets/algebra-2/fig-p0171-01.png	代数（第二册）	algebra-2	171	T	high	对照 raw/PNG，已改 TikZ	图示（原PDF第171页）	tex/books/代数（第二册）.tex:8587	263	152	1628	0.919	0.081	replaced
books/assets/algebra-2/fig-p0171-02.png	代数（第二册）	algebra-2	171	T	high	对照 raw/PNG，已改 TikZ	图示（原PDF第171页）	tex/books/代数（第二册）.tex:8600	264	186	2147	0.882	0.118	replaced
books/assets/algebra-2/fig-p0171-03.png	代数（第二册）	algebra-2	171	T	high	对照 raw/PNG，已改 TikZ	图示（原PDF第171页）	tex/books/代数（第二册）.tex:8621	269	205	1878	0.924	0.076	replaced
books/assets/algebra-2/fig-p0177-01.png	代数（第二册）	algebra-2	177	T	high	对照 raw/PNG，已改 TikZ	图4-1	tex/books/代数（第二册）.tex:8870	397	151	1051	0.945	0.055	replaced
books/assets/algebra-2/fig-p0178-01.png	代数（第二册）	algebra-2	178	T	high	对照 raw/PNG，已改 TikZ	图4-2	tex/books/代数（第二册）.tex:8908	282	131	617	0.940	0.060	replaced
books/assets/algebra-2/fig-p0182-01.png	代数（第二册）	algebra-2	182	T	high	已改 tabular/longtable	图示（原PDF第182页）	tex/books/代数（第二册）.tex:9086	515	286	4002	0.928	0.072	replaced
books/assets/algebra-2/fig-p0235-01.png	代数（第二册）	algebra-2	235	T	high	对照 raw/PNG，已改 TikZ	图示（原PDF第235页）	tex/books/代数（第二册）.tex:12841	72	85	304	0.965	0.035	replaced
books/assets/algebra-2/fig-p0274-01.png	代数（第二册）	algebra-2	274	T	high	对照 raw/PNG，已改 TikZ	图7-1	tex/books/代数（第二册）.tex:15453	262	198	1610	0.870	0.130	replaced
books/assets/algebra-2/fig-p0275-01.png	代数（第二册）	algebra-2	275	T	high	对照 raw/PNG，已改 TikZ	图7-2	tex/books/代数（第二册）.tex:15489	230	170	630	0.930	0.070	replaced
books/assets/algebra-2/fig-p0277-01.png	代数（第二册）	algebra-2	277	T	high	对照 raw/PNG，已改 TikZ	（第12题）	tex/books/代数（第二册）.tex:15631	233	167	1306	0.862	0.138	replaced
books/assets/algebra-2/fig-p0307-01.png	代数（第二册）	algebra-2	307	T	high	对照 raw/PNG，已改 TikZ	图7-3	tex/books/代数（第二册）.tex:17434	131	171	661	0.934	0.066	replaced
books/assets/algebra-2/fig-p0321-01.png	代数（第二册）	algebra-2	321	T	high	对照 raw/PNG，已改 TikZ	图8-1	tex/books/代数（第二册）.tex:18372	119	177	641	0.926	0.074	replaced
books/assets/algebra-3/fig-p0014-01.png	代数（第三册）	algebra-3	14	T	high	对照 raw 第14页，已改 TikZ	图1·1	tex/books/代数（第三册）.tex:751	175	184	1341	0.924	0.076	replaced
books/assets/algebra-3/fig-p0016-01.png	代数（第三册）	algebra-3	16	T	high	对照 raw 第16页，已改 TikZ	图1-2	tex/books/代数（第三册）.tex:879	273	196	1420	0.921	0.079	replaced
books/assets/algebra-3/fig-p0016-02.png	代数（第三册）	algebra-3	16	T	high	对照 raw 第16页，已改 TikZ	图1.3	tex/books/代数（第三册）.tex:907	350	82	711	0.933	0.067	replaced
books/assets/algebra-3/fig-p0017-01.png	代数（第三册）	algebra-3	17	T	high	对照 raw 第17页，已改 TikZ	图1-4	tex/books/代数（第三册）.tex:945	224	176	1442	0.877	0.123	replaced
books/assets/algebra-3/fig-p0018-01.png	代数（第三册）	algebra-3	18	T	high	对照 raw 第18页，已改 TikZ	图1.5	tex/books/代数（第三册）.tex:987	375	69	569	0.952	0.048	replaced
books/assets/algebra-3/fig-p0020-01.png	代数（第三册）	algebra-3	20	T	high	对照 raw 第20页，已改 TikZ	图1-6	tex/books/代数（第三册）.tex:1089	225	180	2369	0.859	0.141	replaced
books/assets/algebra-3/fig-p0021-01.png	代数（第三册）	algebra-3	21	T	high	对照 raw 第21页，已改 TikZ	图示（原PDF第21页）	tex/books/代数（第三册）.tex:1183	247	176	2342	0.868	0.132	replaced
books/assets/algebra-3/fig-p0021-02.png	代数（第三册）	algebra-3	21	V	low	初分待对照 raw 改轨	图示（原PDF第21页）	tex/books/代数（第三册）.tex:1189	244	176	2633	0.832	0.168	pending
books/assets/algebra-3/fig-p0021-03.png	代数（第三册）	algebra-3	21	T	high	对照 raw 第21页，已改 TikZ	图示（原PDF第21页）	tex/books/代数（第三册）.tex:1195	244	177	2326	0.870	0.130	replaced
books/assets/algebra-3/fig-p0021-04.png	代数（第三册）	algebra-3	21	V	low	初分待对照 raw 改轨	(第1题)	tex/books/代数（第三册）.tex:1201	246	177	2621	0.837	0.163	pending
books/assets/algebra-3/fig-p0023-01.png	代数（第三册）	algebra-3	23	T	high	对照 raw 第23页，已改 TikZ	图示（原PDF第23页）	tex/books/代数（第三册）.tex:1311	204	174	882	0.944	0.056	replaced
books/assets/algebra-3/fig-p0023-02.png	代数（第三册）	algebra-3	23	T	high	对照 raw 第23页，已改 TikZ	图示（原PDF第23页）	tex/books/代数（第三册）.tex:1319	208	174	795	0.942	0.058	replaced
books/assets/algebra-3/fig-p0023-03.png	代数（第三册）	algebra-3	23	T	high	对照 raw 第23页，已改 TikZ	图示（原PDF第23页）	tex/books/代数（第三册）.tex:1335	168	173	673	0.949	0.051	replaced
books/assets/algebra-3/fig-p0023-04.png	代数（第三册）	algebra-3	23	T	high	对照 raw 第23页，已改 TikZ	图示（原PDF第23页）	tex/books/代数（第三册）.tex:1343	171	173	688	0.936	0.064	replaced
books/assets/algebra-3/fig-p0035-01.png	代数（第三册）	algebra-3	35	T	high	对照 raw 第35页，已改 TikZ	(1)	tex/books/代数（第三册）.tex:1974	262	70	320	0.964	0.036	replaced
books/assets/algebra-3/fig-p0035-02.png	代数（第三册）	algebra-3	35	T	high	对照 raw 第35页，已改 TikZ	(2)	tex/books/代数（第三册）.tex:1982	259	71	369	0.952	0.048	replaced
books/assets/algebra-3/fig-p0038-01.png	代数（第三册）	algebra-3	38	T	high	对照 raw 第38页数轴或线图，已改 TikZ	图2·2	tex/books/代数（第三册）.tex:2116	352	69	588	0.928	0.072	replaced
books/assets/algebra-3/fig-p0039-01.png	代数（第三册）	algebra-3	39	T	high	对照 raw 第39页数轴或线图，已改 TikZ	图2.3	tex/books/代数（第三册）.tex:2147	380	83	534	0.954	0.046	replaced
books/assets/algebra-3/fig-p0039-02.png	代数（第三册）	algebra-3	39	T	high	对照 raw 第39页数轴或线图，已改 TikZ	图2.4	tex/books/代数（第三册）.tex:2186	374	66	434	0.942	0.058	replaced
books/assets/algebra-3/fig-p0040-01.png	代数（第三册）	algebra-3	40	T	high	对照 raw 第40页数轴或线图，已改 TikZ	图2.5	tex/books/代数（第三册）.tex:2217	272	80	382	0.960	0.040	replaced
books/assets/algebra-3/fig-p0041-01.png	代数（第三册）	algebra-3	41	T	high	对照 raw 第41页数轴或线图，已改 TikZ	图2·6	tex/books/代数（第三册）.tex:2246	337	60	392	0.950	0.050	replaced
books/assets/algebra-3/fig-p0043-01.png	代数（第三册）	algebra-3	43	T	high	对照 raw 第43页数轴或线图，已改 TikZ	图2-7	tex/books/代数（第三册）.tex:2338	430	79	591	0.944	0.056	replaced
books/assets/algebra-3/fig-p0043-02.png	代数（第三册）	algebra-3	43	T	high	对照 raw 页数轴区间，已改 TikZ	图2-8	tex/books/代数（第三册）.tex:2358	437	76	652	0.936	0.064	replaced
books/assets/algebra-3/fig-p0044-01.png	代数（第三册）	algebra-3	44	T	high	对照 raw 页数轴区间，已改 TikZ	图2-9	tex/books/代数（第三册）.tex:2374	440	73	521	0.958	0.042	replaced
books/assets/algebra-3/fig-p0047-01.png	代数（第三册）	algebra-3	47	T	high	对照 raw 页数轴区间，已改 TikZ	图2.10	tex/books/代数（第三册）.tex:2523	563	95	1029	0.962	0.038	replaced
books/assets/algebra-3/fig-p0047-02.png	代数（第三册）	algebra-3	47	T	high	对照 raw 页数轴区间，已改 TikZ	图2.12	tex/books/代数（第三册）.tex:2548	287	50	302	0.958	0.042	replaced
books/assets/algebra-3/fig-p0047-03.png	代数（第三册）	algebra-3	47	T	high	对照 raw 页数轴区间，已改 TikZ	数轴上的左闭右开区间（含 a，不含 b）	tex/books/代数（第三册）.tex:2560	281	49	316	0.942	0.058	replaced
books/assets/algebra-3/fig-p0047-04.png	代数（第三册）	algebra-3	47	T	high	对照 raw 页数轴区间，已改 TikZ	表示全体实数的数轴	tex/books/代数（第三册）.tex:2580	257	46	266	0.941	0.059	replaced
books/assets/algebra-3/fig-p0048-01.png	代数（第三册）	algebra-3	48	T	high	对照 raw 第48页数轴区间，已改 TikZ	图示（原PDF第48页）	tex/books/代数（第三册）.tex:2618	240	241	884	0.968	0.032	replaced
books/assets/algebra-3/fig-p0048-02.png	代数（第三册）	algebra-3	48	T	high	对照 raw 第48页数轴区间，已改 TikZ	图2-15	tex/books/代数（第三册）.tex:2624	233	240	922	0.964	0.036	replaced
books/assets/algebra-3/fig-p0051-01.png	代数（第三册）	algebra-3	51	T	high	对照 raw 第51页数轴区间，已改 TikZ	图2-16	tex/books/代数（第三册）.tex:2819	289	59	401	0.930	0.070	replaced
books/assets/algebra-3/fig-p0059-01.png	代数（第三册）	algebra-3	59	T	high	对照 raw 第59页数轴区间，已改 TikZ	图2-17	tex/books/代数（第三册）.tex:3294	352	82	609	0.951	0.049	replaced
books/assets/algebra-3/fig-p0059-02.png	代数（第三册）	algebra-3	59	T	high	对照 raw 第59页数轴区间，已改 TikZ	图2.18	tex/books/代数（第三册）.tex:3320	367	83	700	0.949	0.051	replaced
books/assets/algebra-3/fig-p0060-02.png	代数（第三册）	algebra-3	60	T	high	对照 raw 第60页数轴区间，已改 TikZ	图2-19	tex/books/代数（第三册）.tex:3378	402	80	707	0.938	0.062	replaced
books/assets/algebra-3/fig-p0061-01.png	代数（第三册）	algebra-3	61	T	high	对照 raw 数轴区间图，已改 TikZ	图2-20	tex/books/代数（第三册）.tex:3394	390	70	536	0.955	0.045	replaced
books/assets/algebra-3/fig-p0061-02.png	代数（第三册）	algebra-3	61	T	high	对照 raw 数轴区间图，已改 TikZ	图2.21	tex/books/代数（第三册）.tex:3417	497	87	747	0.941	0.059	replaced
books/assets/algebra-3/fig-p0089-01.png	代数（第三册）	algebra-3	89	T	high	对照 raw 第89页，已改 TikZ	图2·22	tex/books/代数（第三册）.tex:5013	268	222	1236	0.956	0.044	replaced
books/assets/algebra-3/fig-p0091-01.png	代数（第三册）	algebra-3	91	T	high	对照 raw 第91页，已改 TikZ	(第5题)	tex/books/代数（第三册）.tex:5146	136	191	553	0.942	0.058	replaced
books/assets/algebra-3/fig-p0092-01.png	代数（第三册）	algebra-3	92	T	high	对照 raw 数轴区间图，已改 TikZ	图2.23	tex/books/代数（第三册）.tex:5174	581	107	1091	0.968	0.032	replaced
books/assets/algebra-3/fig-p0094-01.png	代数（第三册）	algebra-3	94	T	high	对照 raw 数轴区间图，已改 TikZ	图2.24	tex/books/代数（第三册）.tex:5272	341	109	857	0.940	0.060	replaced
books/assets/algebra-3/fig-p0094-02.png	代数（第三册）	algebra-3	94	T	high	对照 raw 数轴区间图，已改 TikZ	图2·25	tex/books/代数（第三册）.tex:5311	297	111	634	0.954	0.046	replaced
books/assets/algebra-3/fig-p0115-01.png	代数（第三册）	algebra-3	115	T	high	对照 raw 函数图，已改 TikZ	图3.1	tex/books/代数（第三册）.tex:6642	326	270	2007	0.951	0.049	replaced
books/assets/algebra-3/fig-p0115-02.png	代数（第三册）	algebra-3	115	T	high	对照 raw 函数图，已改 TikZ	图3-2	tex/books/代数（第三册）.tex:6654	328	295	2317	0.949	0.051	replaced
books/assets/algebra-3/fig-p0123-01.png	代数（第三册）	algebra-3	123	T	high	对照 raw 函数图，已改 TikZ	图3·3	tex/books/代数（第三册）.tex:7103	326	331	984	0.989	0.011	replaced
books/assets/algebra-3/fig-p0123-02.png	代数（第三册）	algebra-3	123	T	high	对照 raw 函数图，已改 TikZ	图3-4	tex/books/代数（第三册）.tex:7117	251	308	845	0.982	0.018	replaced
books/assets/algebra-3/fig-p0124-01.png	代数（第三册）	algebra-3	124	T	high	对照 raw 函数图，已改 TikZ	图3.5	tex/books/代数（第三册）.tex:7154	389	383	3193	0.939	0.061	replaced
books/assets/algebra-3/fig-p0125-01.png	代数（第三册）	algebra-3	125	T	high	对照 raw 函数图，已改 TikZ	图3·8	tex/books/代数（第三册）.tex:7169	392	379	2539	0.943	0.057	replaced
books/assets/algebra-3/fig-p0126-01.png	代数（第三册）	algebra-3	126	T	high	对照 raw 函数图，已改 TikZ	图3-7	tex/books/代数（第三册）.tex:7200	472	380	3407	0.931	0.069	replaced
books/assets/algebra-3/fig-p0128-01.png	代数（第三册）	algebra-3	128	T	high	对照 raw/PNG，已改 TikZ	图示（原PDF第128页）	tex/books/代数（第三册）.tex:7289	409	405	2902	0.948	0.052	replaced
books/assets/algebra-3/fig-p0131-01.png	代数（第三册）	algebra-3	131	T	high	对照 raw 第131页，已改 TikZ	图3-8	tex/books/代数（第三册）.tex:7428	515	351	2680	0.973	0.027	replaced
books/assets/algebra-3/fig-p0132-01.png	代数（第三册）	algebra-3	132	T	high	对照 raw 第132页，已改 TikZ	§3·5 正比例函数	tex/books/代数（第三册）.tex:7464	381	544	5395	0.870	0.130	replaced
books/assets/algebra-3/fig-p0133-01.png	代数（第三册）	algebra-3	133	T	high	对照 raw/PNG，已改 TikZ	图示（原PDF第133页）	tex/books/代数（第三册）.tex:7484	452	124	1017	0.961	0.039	replaced
books/assets/algebra-3/fig-p0134-01.png	代数（第三册）	algebra-3	134	T	high	对照 raw 第134页，已改 TikZ	图3-9	tex/books/代数（第三册）.tex:7522	524	78	800	0.950	0.050	replaced
books/assets/algebra-3/fig-p0136-01.png	代数（第三册）	algebra-3	136	T	high	对照 raw 第136页，已改 TikZ	图3·10	tex/books/代数（第三册）.tex:7697	317	335	1616	0.975	0.025	replaced
books/assets/algebra-3/fig-p0136-02.png	代数（第三册）	algebra-3	136	T	high	对照 raw 第136页，已改 TikZ	图3-11	tex/books/代数（第三册）.tex:7711	342	357	1548	0.979	0.021	replaced
books/assets/algebra-3/fig-p0137-01.png	代数（第三册）	algebra-3	137	T	high	对照 raw 第137页，已改 TikZ	图3-12	tex/books/代数（第三册）.tex:7734	240	270	1161	0.967	0.033	replaced
books/assets/algebra-3/fig-p0138-01.png	代数（第三册）	algebra-3	138	T	high	对照 raw 第138页，已改 TikZ	图3·13	tex/books/代数（第三册）.tex:7784	220	243	1138	0.965	0.035	replaced
books/assets/algebra-3/fig-p0139-01.png	代数（第三册）	algebra-3	139	T	medium	高留白线稿；正文已取消该 PNG 引用	图示（原PDF第139页）	tex/books/代数（第三册）.tex:7812	121	133	398	0.938	0.062	replaced
books/assets/algebra-3/fig-p0139-02.png	代数（第三册）	algebra-3	139	T	high	对照 raw 第139页，已改 TikZ	图3-14	tex/books/代数（第三册）.tex:7818	338	330	1120	0.983	0.017	replaced
books/assets/algebra-3/fig-p0140-01.png	代数（第三册）	algebra-3	140	T	high	对照 raw 第140页，已改 TikZ	图3-15	tex/books/代数（第三册）.tex:7897	302	265	1803	0.963	0.037	replaced
books/assets/algebra-3/fig-p0141-01.png	代数（第三册）	algebra-3	141	T	high	对照 raw 第141页，已改 TikZ	图3-16	tex/books/代数（第三册）.tex:7918	391	366	2452	0.968	0.032	replaced
books/assets/algebra-3/fig-p0142-01.png	代数（第三册）	algebra-3	142	T	medium	高留白线稿；正文已取消该 PNG 引用	图示（原PDF第142页）	tex/books/代数（第三册）.tex:7940	275	309	1059	0.979	0.021	replaced
books/assets/algebra-3/fig-p0142-02.png	代数（第三册）	algebra-3	142	T	high	对照 raw 第142页，已改 TikZ	图3-17	tex/books/代数（第三册）.tex:7946	266	307	1074	0.974	0.026	replaced
books/assets/algebra-3/fig-p0146-01.png	代数（第三册）	algebra-3	146	T	high	对照 raw 第146页，已改 TikZ	图3-18	tex/books/代数（第三册）.tex:8177	333	331	1208	0.983	0.017	replaced
books/assets/algebra-3/fig-p0147-01.png	代数（第三册）	algebra-3	147	T	high	对照 raw 第147页，已改 TikZ	图3·19	tex/books/代数（第三册）.tex:8192	282	272	992	0.983	0.017	replaced
books/assets/algebra-3/fig-p0147-02.png	代数（第三册）	algebra-3	147	T	high	对照 raw 第147页，已改 TikZ	图3·20	tex/books/代数（第三册）.tex:8200	275	302	2533	0.940	0.060	replaced
books/assets/algebra-3/fig-p0156-01.png	代数（第三册）	algebra-3	156	T	high	对照 raw 第156页，已改 TikZ	图4-1	tex/books/代数（第三册）.tex:8779	303	387	2763	0.957	0.043	replaced
books/assets/algebra-3/fig-p0157-01.png	代数（第三册）	algebra-3	157	T	medium	高留白线稿；正文已取消该 PNG 引用	图示（原PDF第157页）	tex/books/代数（第三册）.tex:8807	123	138	433	0.942	0.058	replaced
books/assets/algebra-3/fig-p0157-02.png	代数（第三册）	algebra-3	157	T	high	对照 raw 第157页，已改 TikZ	图4.2	tex/books/代数（第三册）.tex:8813	308	285	1377	0.971	0.029	replaced
books/assets/algebra-3/fig-p0158-01.png	代数（第三册）	algebra-3	158	T	high	对照 raw 第158页，已改 TikZ	图4.3	tex/books/代数（第三册）.tex:8863	555	337	2047	0.978	0.022	replaced
books/assets/algebra-3/fig-p0162-01.png	代数（第三册）	algebra-3	162	T	high	对照 raw 第162页，已改 TikZ	图4-4	tex/books/代数（第三册）.tex:9122	411	275	1590	0.973	0.027	replaced
books/assets/algebra-3/fig-p0165-01.png	代数（第三册）	algebra-3	165	T	high	对照 raw 第165页，已改 TikZ	图4-5	tex/books/代数（第三册）.tex:9266	233	282	816	0.976	0.024	replaced
books/assets/algebra-3/fig-p0165-02.png	代数（第三册）	algebra-3	165	T	high	对照 raw 第165页，已改 TikZ	图4-6	tex/books/代数（第三册）.tex:9274	288	260	1001	0.973	0.027	replaced
books/assets/algebra-3/fig-p0166-01.png	代数（第三册）	algebra-3	166	T	medium	高留白线稿；正文已取消该 PNG 引用	图示（原PDF第166页）	tex/books/代数（第三册）.tex:9296	119	132	406	0.932	0.068	replaced
books/assets/algebra-3/fig-p0166-02.png	代数（第三册）	algebra-3	166	T	high	对照 raw 第166页，已改 TikZ	图4-7	tex/books/代数（第三册）.tex:9302	361	349	2775	0.940	0.060	replaced
books/assets/algebra-3/fig-p0167-01.png	代数（第三册）	algebra-3	167	T	high	对照 raw 第167页，已改 TikZ	图4.8	tex/books/代数（第三册）.tex:9388	324	374	2189	0.963	0.037	replaced
books/assets/algebra-3/fig-p0171-01.png	代数（第三册）	algebra-3	171	P	medium	疑似网纹或照片	图4-9	tex/books/代数（第三册）.tex:9618	205	213	2680	0.794	0.206	pending
books/assets/algebra-3/fig-p0172-01.png	代数（第三册）	algebra-3	172	T	high	对照 raw 第172页，已改 TikZ	图4-10	tex/books/代数（第三册）.tex:9681	202	326	2108	0.919	0.081	replaced
books/assets/algebra-3/fig-p0174-01.png	代数（第三册）	algebra-3	174	T	high	对照 raw 第174页，已改 TikZ	图4.11	tex/books/代数（第三册）.tex:9790	258	304	1823	0.942	0.058	replaced
books/assets/algebra-3/fig-p0175-01.png	代数（第三册）	algebra-3	175	T	high	对照 raw 第175页，已改 TikZ	图4-12	tex/books/代数（第三册）.tex:9856	548	459	4348	0.960	0.040	replaced
books/assets/algebra-3/fig-p0177-01.png	代数（第三册）	algebra-3	177	T	high	对照 raw 第177页，已改 TikZ	图4.14	tex/books/代数（第三册）.tex:9952	272	261	1766	0.948	0.052	replaced
books/assets/algebra-3/fig-p0178-01.png	代数（第三册）	algebra-3	178	T	high	对照 raw 第178页，已改 TikZ	图4.15	tex/books/代数（第三册）.tex:10013	286	303	2109	0.951	0.049	replaced
books/assets/algebra-3/fig-p0181-01.png	代数（第三册）	algebra-3	181	T	high	对照 raw 第181页，已改 TikZ	图4-18	tex/books/代数（第三册）.tex:10216	269	323	1638	0.960	0.040	replaced
books/assets/algebra-3/fig-p0182-01.png	代数（第三册）	algebra-3	182	T	high	对照 raw 第182页，已改 TikZ	图4-17	tex/books/代数（第三册）.tex:10308	247	332	1294	0.963	0.037	replaced
books/assets/algebra-3/fig-p0185-01.png	代数（第三册）	algebra-3	185	T	high	对照 raw 第185页，已改 TikZ	图4-18	tex/books/代数（第三册）.tex:10472	237	289	1031	0.967	0.033	replaced
books/assets/algebra-3/fig-p0186-01.png	代数（第三册）	algebra-3	186	T	high	对照 raw/PNG，已改 TikZ	图示（原PDF第186页）	tex/books/代数（第三册）.tex:10555	345	129	646	0.943	0.057	replaced
books/assets/algebra-3/fig-p0186-02.png	代数（第三册）	algebra-3	186	T	high	对照 raw 第186页，已改 TikZ	图4-19	tex/books/代数（第三册）.tex:10576	253	314	1450	0.966	0.034	replaced
books/assets/algebra-3/fig-p0186-03.png	代数（第三册）	algebra-3	186	T	high	对照 raw 第186页，已改 TikZ	图4-20	tex/books/代数（第三册）.tex:10584	228	336	1409	0.955	0.045	replaced
books/assets/algebra-3/fig-p0190-01.png	代数（第三册）	algebra-3	190	T	high	对照 raw 第190页，已改 TikZ	图4.21	tex/books/代数（第三册）.tex:10730	240	286	1704	0.939	0.061	replaced
books/assets/algebra-3/fig-p0190-02.png	代数（第三册）	algebra-3	190	T	high	对照 raw 第190页，已改 TikZ	图4.22	tex/books/代数（第三册）.tex:10738	187	282	993	0.942	0.058	replaced
books/assets/algebra-3/fig-p0191-01.png	代数（第三册）	algebra-3	191	T	high	对照 raw 第191页，已改 TikZ	图4-23	tex/books/代数（第三册）.tex:10783	363	144	1136	0.936	0.064	replaced
books/assets/algebra-3/fig-p0192-02.png	代数（第三册）	algebra-3	192	T	high	对照 raw/PNG，已改 TikZ	图示（原PDF第192页）	tex/books/代数（第三册）.tex:10838	272	284	1933	0.922	0.078	replaced
books/assets/algebra-3/fig-p0193-01.png	代数（第三册）	algebra-3	193	T	high	对照 raw/PNG，已改 TikZ	图示（原PDF第193页）	tex/books/代数（第三册）.tex:10853	208	179	1251	0.905	0.095	replaced
books/assets/algebra-3/fig-p0194-01.png	代数（第三册）	algebra-3	194	T	high	对照 raw 第194页，已改 TikZ	(1) \frac{4ac - b^2}{4a} > 0	tex/books/代数（第三册）.tex:10890	241	301	1033	0.962	0.038	replaced
books/assets/algebra-3/fig-p0194-02.png	代数（第三册）	algebra-3	194	T	high	对照 raw 第194页，已改 TikZ	(2) \frac{4ac - b^2}{4a} = 0	tex/books/代数（第三册）.tex:10898	221	315	944	0.964	0.036	replaced
books/assets/algebra-3/fig-p0194-03.png	代数（第三册）	algebra-3	194	T	high	对照 raw 第194页，已改 TikZ	(3) \frac{4ac - b^2}{4a} < 0	tex/books/代数（第三册）.tex:10906	243	301	1381	0.945	0.055	replaced
books/assets/algebra-3/fig-p0196-01.png	代数（第三册）	algebra-3	196	T	high	对照 raw 第196页，已改 TikZ	图4-25	tex/books/代数（第三册）.tex:10974	230	279	1197	0.958	0.042	replaced
books/assets/algebra-3/fig-p0196-02.png	代数（第三册）	algebra-3	196	T	high	对照 raw 第196页，已改 TikZ	图4-26	tex/books/代数（第三册）.tex:10982	224	288	1372	0.948	0.052	replaced
books/assets/algebra-3/fig-p0207-01.png	代数（第三册）	algebra-3	207	T	high	对照 raw 第207页，已改 TikZ	图5-1	tex/books/代数（第三册）.tex:11648	219	276	1970	0.936	0.064	replaced
books/assets/algebra-3/fig-p0207-02.png	代数（第三册）	algebra-3	207	T	high	对照 raw 第207页，已改 TikZ	图5-2	tex/books/代数（第三册）.tex:11656	222	277	2072	0.915	0.085	replaced
books/assets/algebra-3/fig-p0208-01.png	代数（第三册）	algebra-3	208	T	high	对照 raw 第208页，已改 TikZ	图5.3	tex/books/代数（第三册）.tex:11696	264	126	1184	0.918	0.082	replaced
books/assets/algebra-3/fig-p0208-02.png	代数（第三册）	algebra-3	208	T	high	对照 raw 第208页，已改 TikZ	图5.4	tex/books/代数（第三册）.tex:11704	261	134	1246	0.941	0.059	replaced
books/assets/algebra-3/fig-p0209-01.png	代数（第三册）	algebra-3	209	T	high	对照 raw 第209页，已改 TikZ	图5.5	tex/books/代数（第三册）.tex:11730	469	130	1524	0.949	0.051	replaced
books/assets/algebra-3/fig-p0209-02.png	代数（第三册）	algebra-3	209	T	high	对照 raw 第209页，已改 TikZ	图5-6	tex/books/代数（第三册）.tex:11749	125	123	592	0.910	0.090	replaced
books/assets/algebra-3/fig-p0210-01.png	代数（第三册）	algebra-3	210	T	medium	高留白线稿；正文已取消该 PNG 引用	图示（原PDF第210页）	tex/books/代数（第三册）.tex:11778	337	212	1608	0.951	0.049	replaced
books/assets/algebra-3/fig-p0210-02.png	代数（第三册）	algebra-3	210	T	high	对照 raw 第210页，已改 TikZ	图5.7	tex/books/代数（第三册）.tex:11788	289	212	1521	0.950	0.050	replaced
books/assets/algebra-3/fig-p0212-01.png	代数（第三册）	algebra-3	212	T	high	对照 raw 第212页，已改 TikZ	(3)	tex/books/代数（第三册）.tex:11866	221	169	1388	0.947	0.053	replaced
books/assets/algebra-3/fig-p0212-02.png	代数（第三册）	algebra-3	212	T	high	对照 raw 第212页，已改 TikZ	(4)	tex/books/代数（第三册）.tex:11876	223	172	1135	0.953	0.047	replaced
books/assets/algebra-3/fig-p0212-03.png	代数（第三册）	algebra-3	212	T	high	对照 raw/PNG，已改 TikZ	图示（原PDF第212页）	tex/books/代数（第三册）.tex:11884	218	169	1113	0.954	0.046	replaced
books/assets/algebra-3/fig-p0212-04.png	代数（第三册）	algebra-3	212	T	high	对照 raw/PNG，已改 TikZ	图示（原PDF第212页）	tex/books/代数（第三册）.tex:11890	223	171	1230	0.949	0.051	replaced
books/assets/algebra-3/fig-p0215-01.png	代数（第三册）	algebra-3	215	T	high	对照 raw 第215页，已改 TikZ	图5-8	tex/books/代数（第三册）.tex:12022	256	183	689	0.968	0.032	replaced
books/assets/algebra-3/fig-p0216-01.png	代数（第三册）	algebra-3	216	T	high	对照 raw 第216页，已改 TikZ	图5-9	tex/books/代数（第三册）.tex:12083	252	520	1684	0.968	0.032	replaced
books/assets/algebra-3/fig-p0217-01.png	代数（第三册）	algebra-3	217	T	high	对照 raw 第217页，已改 TikZ	图5-10	tex/books/代数（第三册）.tex:12134	478	377	2205	0.973	0.027	replaced
books/assets/algebra-3/fig-p0219-01.png	代数（第三册）	algebra-3	219	T	high	对照 raw 第219页，已改 TikZ	图5-11	tex/books/代数（第三册）.tex:12237	272	240	972	0.973	0.027	replaced
books/assets/algebra-3/fig-p0224-01.png	代数（第三册）	algebra-3	224	T	high	对照 raw 第224页，已改 TikZ	图5.12	tex/books/代数（第三册）.tex:12518	228	257	841	0.968	0.032	replaced
books/assets/algebra-3/fig-p0226-01.png	代数（第三册）	algebra-3	226	T	low	初分待对照 raw 改轨；正文已取消该 PNG 引用	图示（原PDF第226页）	tex/books/代数（第三册）.tex:12620	223	136	802	0.914	0.086	replaced
books/assets/algebra-3/fig-p0226-02.png	代数（第三册）	algebra-3	226	T	high	对照 raw 第226页，已改 TikZ	图5·13	tex/books/代数（第三册）.tex:12626	243	252	833	0.970	0.030	replaced
books/assets/algebra-3/fig-p0227-01.png	代数（第三册）	algebra-3	227	T	high	对照 raw 第227页，已改 TikZ	图5.14	tex/books/代数（第三册）.tex:12675	226	322	1409	0.963	0.037	replaced
books/assets/algebra-3/fig-p0229-01.png	代数（第三册）	algebra-3	229	T	high	对照 raw 第229页，已改 TikZ	图5·15	tex/books/代数（第三册）.tex:12785	356	214	885	0.982	0.018	replaced
books/assets/algebra-3/fig-p0230-01.png	代数（第三册）	algebra-3	230	T	high	对照 raw 第230页，已改 TikZ	图5-16	tex/books/代数（第三册）.tex:12831	530	201	1441	0.955	0.045	replaced
books/assets/algebra-3/fig-p0231-01.png	代数（第三册）	algebra-3	231	T	low	初分待对照 raw 改轨；正文已取消该 PNG 引用	图示（原PDF第231页）	tex/books/代数（第三册）.tex:12878	255	177	1020	0.917	0.083	replaced
books/assets/algebra-3/fig-p0231-02.png	代数（第三册）	algebra-3	231	T	high	对照 raw 第231页，已改 TikZ	图5·17	tex/books/代数（第三册）.tex:12884	207	158	713	0.960	0.040	replaced
books/assets/algebra-3/fig-p0232-01.png	代数（第三册）	algebra-3	232	T	high	对照 raw 第232页，已改 TikZ	图5-18	tex/books/代数（第三册）.tex:12903	240	234	556	0.977	0.023	replaced
books/assets/algebra-3/fig-p0237-01.png	代数（第三册）	algebra-3	237	T	high	对照 raw/PNG，已改 TikZ	图示（原PDF第237页）	tex/books/代数（第三册）.tex:13161	501	171	2733	0.930	0.070	replaced
books/assets/algebra-3/fig-p0238-01.png	代数（第三册）	algebra-3	238	T	high	对照 raw 第238页，已改 TikZ	图5-19	tex/books/代数（第三册）.tex:13207	314	294	2052	0.965	0.035	replaced
books/assets/algebra-3/fig-p0238-02.png	代数（第三册）	algebra-3	238	T	high	对照 raw 第238页，已改 TikZ	图5-20	tex/books/代数（第三册）.tex:13215	259	294	1570	0.970	0.030	replaced
books/assets/algebra-3/fig-p0239-01.png	代数（第三册）	algebra-3	239	T	high	对照 raw 第239页，已改 TikZ	图 5·21	tex/books/代数（第三册）.tex:13247	389	374	2523	0.973	0.027	replaced
books/assets/algebra-3/fig-p0242-01.png	代数（第三册）	algebra-3	242	T	high	对照 raw 第242页，已改 TikZ	图5-22	tex/books/代数（第三册）.tex:13411	320	318	1659	0.971	0.029	replaced
books/assets/algebra-3/fig-p0257-01.png	代数（第三册）	algebra-3	257	T	high	对照 raw 第257页，已改 TikZ	(a > 0, a \neq 1; N > 0)	tex/books/代数（第三册）.tex:14282	358	185	1623	0.952	0.048	replaced
books/assets/algebra-3/fig-p0299-01.png	代数（第三册）	algebra-3	299	T	high	对照 raw 第299页，已改 TikZ	图7-1	tex/books/代数（第三册）.tex:17361	204	304	1389	0.949	0.051	replaced
books/assets/algebra-3/fig-p0310-01.png	代数（第三册）	algebra-3	310	T	high	对照 raw 第310页，已改 TikZ	图7-2	tex/books/代数（第三册）.tex:18014	289	309	1594	0.972	0.028	replaced
books/assets/algebra-3/fig-p0310-02.png	代数（第三册）	algebra-3	310	T	high	对照 raw 第310页，已改 TikZ	图7-3	tex/books/代数（第三册）.tex:18027	301	215	1514	0.947	0.053	replaced
books/assets/algebra-3/fig-p0320-01.png	代数（第三册）	algebra-3	320	T	high	对照 raw 第320页，已改 TikZ	图7-4	tex/books/代数（第三册）.tex:18816	435	89	809	0.948	0.052	replaced
books/assets/algebra-3/fig-p0325-01.png	代数（第三册）	algebra-3	325	T	high	对照 raw 第325页，已改 TikZ	图7-5	tex/books/代数（第三册）.tex:19133	237	407	1421	0.964	0.036	replaced
books/assets/algebra-3/fig-p0326-01.png	代数（第三册）	algebra-3	326	T	high	对照 raw 第326页，已改 TikZ	图7.6	tex/books/代数（第三册）.tex:19165	404	221	1582	0.969	0.031	replaced
books/assets/algebra-3/fig-p0332-01.png	代数（第三册）	algebra-3	332	T	medium	高留白线稿；正文已取消该 PNG 引用	图示（原PDF第332页）	tex/books/代数（第三册）.tex:19569	623	340	3569	0.959	0.041	replaced
books/assets/algebra-3/fig-p0337-01.png	代数（第三册）	algebra-3	337	T	high	对照 raw 第337页，已改 TikZ	图8-1	tex/books/代数（第三册）.tex:19915	223	177	2022	0.877	0.123	replaced
books/assets/algebra-3/fig-p0341-01.png	代数（第三册）	algebra-3	341	T	high	对照 raw 第341页，已改 TikZ	图8-2	tex/books/代数（第三册）.tex:20160	237	279	1490	0.957	0.043	replaced
books/assets/algebra-3/fig-p0342-01.png	代数（第三册）	algebra-3	342	T	high	对照 raw 第342页，已改 TikZ	图8-3	tex/books/代数（第三册）.tex:20182	322	284	1320	0.974	0.026	replaced
books/assets/algebra-3/fig-p0342-02.png	代数（第三册）	algebra-3	342	T	high	对照 raw 第342页，已改 TikZ	图8-4	tex/books/代数（第三册）.tex:20198	285	256	1114	0.974	0.026	replaced
books/assets/algebra-3/fig-p0350-01.png	代数（第三册）	algebra-3	350	T	high	对照 raw 第350页，已改 TikZ	图8-5	tex/books/代数（第三册）.tex:20633	226	168	1952	0.884	0.116	replaced
books/assets/algebra-3/fig-p0351-01.png	代数（第三册）	algebra-3	351	P	medium	疑似网纹或照片	图8-6	tex/books/代数（第三册）.tex:20683	225	98	1497	0.668	0.332	pending
books/assets/algebra-3/fig-p0378-01.png	代数（第三册）	algebra-3	378	T	high	对照 raw 第378页，已改 TikZ	图8-7	tex/books/代数（第三册）.tex:22267	226	220	1371	0.965	0.035	replaced
books/assets/algebra-3/fig-p0397-01.png	代数（第三册）	algebra-3	397	T	high	对照 raw 第397页，已改 TikZ	图9-1	tex/books/代数（第三册）.tex:23274	268	208	972	0.961	0.039	replaced
books/assets/algebra-3/fig-p0399-01.png	代数（第三册）	algebra-3	399	T	high	对照 raw 第399页，已改 TikZ	图9-2	tex/books/代数（第三册）.tex:23349	324	304	1597	0.963	0.037	replaced
books/assets/algebra-3/fig-p0401-01.png	代数（第三册）	algebra-3	401	T	high	对照 raw 第401页，已改 TikZ	图9-3	tex/books/代数（第三册）.tex:23413	346	234	1305	0.972	0.028	replaced
books/assets/algebra-3/fig-p0402-01.png	代数（第三册）	algebra-3	402	T	high	对照 raw 第402页，已改 TikZ	图9.4	tex/books/代数（第三册）.tex:23476	242	232	843	0.976	0.024	replaced
books/assets/algebra-3/fig-p0402-02.png	代数（第三册）	algebra-3	402	T	high	对照 raw 第402页，已改 TikZ	图9.5	tex/books/代数（第三册）.tex:23484	274	223	1048	0.968	0.032	replaced
books/assets/algebra-3/fig-p0403-01.png	代数（第三册）	algebra-3	403	T	high	对照 raw 第403页，已改 TikZ	图9.6	tex/books/代数（第三册）.tex:23508	215	190	918	0.963	0.037	replaced
books/assets/algebra-3/fig-p0403-02.png	代数（第三册）	algebra-3	403	T	high	对照 raw 第403页，已改 TikZ	图9-7	tex/books/代数（第三册）.tex:23516	278	209	991	0.973	0.027	replaced
books/assets/algebra-3/fig-p0410-01.png	代数（第三册）	algebra-3	410	T	high	对照 raw 第410页，已改 TikZ	图9-8	tex/books/代数（第三册）.tex:23873	201	190	1251	0.926	0.074	replaced
books/assets/algebra-3/fig-p0413-01.png	代数（第三册）	algebra-3	413	T	high	对照 raw 第413页，已改 TikZ	(第5题)	tex/books/代数（第三册）.tex:24074	175	183	1340	0.853	0.147	replaced
books/assets/algebra-3/fig-p0421-01.png	代数（第三册）	algebra-3	421	T	high	对照 raw 第421页，已改 TikZ	(第9题)	tex/books/代数（第三册）.tex:24579	225	202	1249	0.943	0.057	replaced
books/assets/algebra-3/fig-p0421-02.png	代数（第三册）	algebra-3	421	T	high	对照 raw 第421页，已改 TikZ	(第10题)	tex/books/代数（第三册）.tex:24587	168	178	1405	0.879	0.121	replaced
books/assets/algebra-3/fig-p0432-01.png	代数（第三册）	algebra-3	432	T	high	对照 raw 第432页，已改 TikZ	(第13题)	tex/books/代数（第三册）.tex:25653	164	189	957	0.953	0.047	replaced
books/assets/algebra-3/fig-p0434-01.png	代数（第三册）	algebra-3	434	T	high	对照 raw 第434页，已改 TikZ	(第22题)	tex/books/代数（第三册）.tex:25769	198	149	895	0.951	0.049	replaced
books/assets/algebra-4/fig-p0004-01.png	代数（第四册）	algebra-4	4	T	high	对照 raw 第4页，分支图已改 TikZ; 已清除 OCR caption	（已替换图，原 OCR 占位 caption 已清除）	tex/books/代数（第四册）.tex:256	150	76	520	0.928	0.072	replaced
books/assets/algebra-4/fig-p0004-02.png	代数（第四册）	algebra-4	4	T	high	对照 raw 第4页，分支图已改 TikZ; 已清除 OCR caption	（已替换图，原 OCR 占位 caption 已清除）	tex/books/代数（第四册）.tex:264	316	76	904	0.945	0.055	replaced
books/assets/algebra-4/fig-p0005-01.png	代数（第四册）	algebra-4	5	T	high	对照 raw 第5页，分支图已改 TikZ; 已清除 OCR caption	（已替换图，原 OCR 占位 caption 已清除）	tex/books/代数（第四册）.tex:282	279	76	704	0.960	0.040	replaced
books/assets/algebra-4/fig-p0005-02.png	代数（第四册）	algebra-4	5	T	high	对照 raw 第5页，分支图已改 TikZ; 已清除 OCR caption	（已替换图，原 OCR 占位 caption 已清除）	tex/books/代数（第四册）.tex:295	278	115	983	0.962	0.038	replaced
books/assets/algebra-4/fig-p0007-01.png	代数（第四册）	algebra-4	7	T	high	对照 raw 第7页，分支图已改 TikZ; 已清除 OCR caption	（已替换图，原 OCR 占位 caption 已清除）	tex/books/代数（第四册）.tex:395	419	116	1325	0.932	0.068	replaced
books/assets/algebra-4/fig-p0009-01.png	代数（第四册）	algebra-4	9	T	high	对照 raw 第9页，分支图已改 TikZ; 已清除 OCR caption	（已替换图，原 OCR 占位 caption 已清除）	tex/books/代数（第四册）.tex:452	113	67	232	0.946	0.054	replaced
books/assets/algebra-4/fig-p0023-01.png	代数（第四册）	algebra-4	23	T	high	对照 raw 第23页，车票表已改 tabular; 已清除 OCR caption	（已替换图，原 OCR 占位 caption 已清除）	tex/books/代数（第四册）.tex:1296	415	76	1293	0.915	0.085	replaced
books/assets/algebra-4/fig-p0024-01.png	代数（第四册）	algebra-4	24	T	high	对照 raw 第24页，分支图已改 TikZ; 已清除 OCR caption	（已替换图，原 OCR 占位 caption 已清除）	tex/books/代数（第四册）.tex:1344	255	111	739	0.975	0.025	replaced
books/assets/algebra-4/fig-p0029-01.png	代数（第四册）	algebra-4	29	T	high	对照 raw 第29页，已改 TikZ; 已清除 OCR caption	（已替换图，原 OCR 占位 caption 已清除）	tex/books/代数（第四册）.tex:1674	227	125	794	0.968	0.032	replaced
books/assets/algebra-4/fig-p0076-01.png	代数（第四册）	algebra-4	76	T	high	对照 raw 第76页，已改 TikZ; 已清除 OCR caption	（已替换图，原 OCR 占位 caption 已清除）	tex/books/代数（第四册）.tex:4375	192	173	1071	0.930	0.070	replaced
books/assets/algebra-4/fig-p0080-01.png	代数（第四册）	algebra-4	80	T	high	对照 raw 第80页，已改 TikZ; 已清除 OCR caption	（已替换图，原 OCR 占位 caption 已清除）	tex/books/代数（第四册）.tex:4616	105	110	1278	0.684	0.316	replaced
books/assets/algebra-4/fig-p0080-02.png	代数（第四册）	algebra-4	80	T	high	对照 raw 第80页，已改 TikZ; 已清除 OCR caption	（已替换图，原 OCR 占位 caption 已清除）	tex/books/代数（第四册）.tex:4624	105	108	280	0.945	0.055	replaced
books/assets/algebra-4/fig-p0080-03.png	代数（第四册）	algebra-4	80	T	high	对照 raw 第80页，已改 TikZ; 已清除 OCR caption	（已替换图，原 OCR 占位 caption 已清除）	tex/books/代数（第四册）.tex:4632	103	107	689	0.831	0.169	replaced
books/assets/algebra-4/fig-p0080-04.png	代数（第四册）	algebra-4	80	T	high	对照 raw 第80页，已改 TikZ; 已清除 OCR caption	（已替换图，原 OCR 占位 caption 已清除）	tex/books/代数（第四册）.tex:4640	104	108	1095	0.702	0.298	replaced
books/assets/algebra-4/fig-p0080-05.png	代数（第四册）	algebra-4	80	T	high	对照 raw 第80页，已改 TikZ; 已清除 OCR caption	（已替换图，原 OCR 占位 caption 已清除）	tex/books/代数（第四册）.tex:4648	104	108	674	0.849	0.151	replaced
books/assets/algebra-4/fig-p0080-06.png	代数（第四册）	algebra-4	80	T	high	对照 raw 第80页，已改 TikZ; 已清除 OCR caption	（已替换图，原 OCR 占位 caption 已清除）	tex/books/代数（第四册）.tex:4656	103	107	570	0.883	0.117	replaced
books/assets/algebra-4/fig-p0080-07.png	代数（第四册）	algebra-4	80	T	high	对照 raw 页线图，已改 TikZ; 已清除 OCR caption	（已替换图，原 OCR 占位 caption 已清除）	tex/books/代数（第四册）.tex:4664	103	107	506	0.894	0.106	replaced
books/assets/algebra-4/fig-p0080-08.png	代数（第四册）	algebra-4	80	T	high	对照 raw 页线图，已改 TikZ; 已清除 OCR caption	（已替换图，原 OCR 占位 caption 已清除）	tex/books/代数（第四册）.tex:4672	105	107	542	0.889	0.111	replaced
books/assets/algebra-4/fig-p0082-01.png	代数（第四册）	algebra-4	82	T	high	对照 raw 页线图，已改 TikZ; 已清除 OCR caption	（已替换图，原 OCR 占位 caption 已清除）	tex/books/代数（第四册）.tex:4767	159	133	960	0.937	0.063	replaced
books/assets/algebra-4/fig-p0082-02.png	代数（第四册）	algebra-4	82	T	high	对照 raw 页线图，已改 TikZ; 已清除 OCR caption	（已替换图，原 OCR 占位 caption 已清除）	tex/books/代数（第四册）.tex:4775	161	135	962	0.928	0.072	replaced
books/assets/algebra-4/fig-p0083-01.png	代数（第四册）	algebra-4	83	T	high	对照 raw 页线图，已改 TikZ; 已清除 OCR caption	（已替换图，原 OCR 占位 caption 已清除）	tex/books/代数（第四册）.tex:4887	370	203	1157	0.963	0.037	replaced
books/assets/algebra-4/fig-p0095-01.png	代数（第四册）	algebra-4	95	T	high	对照 raw 页线图，已改 TikZ; 已清除 OCR caption	（已替换图，原 OCR 占位 caption 已清除）	tex/books/代数（第四册）.tex:5442	140	131	560	0.950	0.050	replaced
books/assets/algebra-4/fig-p0099-01.png	代数（第四册）	algebra-4	99	T	high	对照 raw 页电路或集合图，已改 TikZ; 已清除 OCR caption	（已替换图，原 OCR 占位 caption 已清除）	tex/books/代数（第四册）.tex:5608	193	176	964	0.936	0.064	replaced
books/assets/algebra-4/fig-p0106-01.png	代数（第四册）	algebra-4	106	T	high	对照 raw 页电路或集合图，已改 TikZ; 已清除 OCR caption	（已替换图，原 OCR 占位 caption 已清除）	tex/books/代数（第四册）.tex:6026	105	104	481	0.903	0.097	replaced
books/assets/algebra-4/fig-p0106-02.png	代数（第四册）	algebra-4	106	T	high	对照 raw 页电路或集合图，已改 TikZ; 已清除 OCR caption	（已替换图，原 OCR 占位 caption 已清除）	tex/books/代数（第四册）.tex:6034	104	101	765	0.835	0.165	replaced
books/assets/algebra-4/fig-p0106-03.png	代数（第四册）	algebra-4	106	T	high	对照 raw 页电路或集合图，已改 TikZ; 已清除 OCR caption	（已替换图，原 OCR 占位 caption 已清除）	tex/books/代数（第四册）.tex:6042	123	116	1487	0.693	0.307	replaced
books/assets/algebra-4/fig-p0106-04.png	代数（第四册）	algebra-4	106	T	high	对照 raw 页电路或集合图，已改 TikZ; 已清除 OCR caption	（已替换图，原 OCR 占位 caption 已清除）	tex/books/代数（第四册）.tex:6050	125	121	1303	0.717	0.283	replaced
books/assets/algebra-4/fig-p0106-05.png	代数（第四册）	algebra-4	106	T	high	对照 raw 页电路或集合图，已改 TikZ; 已清除 OCR caption	（已替换图，原 OCR 占位 caption 已清除）	tex/books/代数（第四册）.tex:6058	106	111	989	0.735	0.265	replaced
books/assets/algebra-4/fig-p0106-06.png	代数（第四册）	algebra-4	106	T	high	对照 raw 第106页电路或分类图，已改 TikZ; 已清除 OCR caption	（已替换图，原 OCR 占位 caption 已清除）	tex/books/代数（第四册）.tex:6066	121	118	1180	0.786	0.214	replaced
books/assets/algebra-4/fig-p0107-01.png	代数（第四册）	algebra-4	107	T	high	对照 raw 第107页电路或分类图，已改 TikZ; 已清除 OCR caption	（已替换图，原 OCR 占位 caption 已清除）	tex/books/代数（第四册）.tex:6141	290	105	672	0.944	0.056	replaced
books/assets/algebra-4/fig-p0108-01.png	代数（第四册）	algebra-4	108	T	high	对照 raw 第108页电路或分类图，已改 TikZ; 已清除 OCR caption	（已替换图，原 OCR 占位 caption 已清除）	tex/books/代数（第四册）.tex:6257	229	95	561	0.904	0.096	replaced
books/assets/algebra-4/fig-p0108-02.png	代数（第四册）	algebra-4	108	T	high	对照 raw 第108页电路或分类图，已改 TikZ; 已清除 OCR caption	（已替换图，原 OCR 占位 caption 已清除）	tex/books/代数（第四册）.tex:6265	227	95	524	0.909	0.091	replaced
books/assets/algebra-4/fig-p0109-01.png	代数（第四册）	algebra-4	109	T	high	对照 raw 第109页电路或分类图，已改 TikZ; 已清除 OCR caption	（已替换图，原 OCR 占位 caption 已清除）	tex/books/代数（第四册）.tex:6330	186	118	567	0.933	0.067	replaced
books/assets/algebra-4/fig-p0110-01.png	代数（第四册）	algebra-4	110	T	high	对照 raw 第110页电路或分类图，已改 TikZ; 已清除 OCR caption	（已替换图，原 OCR 占位 caption 已清除）	tex/books/代数（第四册）.tex:6367	348	206	2062	0.931	0.069	replaced
books/assets/algebra-4/fig-p0117-01.png	代数（第四册）	algebra-4	117	T	high	对照 raw 复平面图，已改 TikZ; 已清除 OCR caption	（已替换图，原 OCR 占位 caption 已清除）	tex/books/代数（第四册）.tex:6779	209	201	585	0.974	0.026	replaced
books/assets/algebra-4/fig-p0119-01.png	代数（第四册）	algebra-4	119	T	high	对照 raw 复平面图，已改 TikZ; 已清除 OCR caption	（已替换图，原 OCR 占位 caption 已清除）	tex/books/代数（第四册）.tex:6839	216	203	678	0.969	0.031	replaced
books/assets/algebra-4/fig-p0120-01.png	代数（第四册）	algebra-4	120	T	high	对照 raw 复平面图，已改 TikZ; 已清除 OCR caption	（已替换图，原 OCR 占位 caption 已清除）	tex/books/代数（第四册）.tex:6931	228	247	934	0.964	0.036	replaced
books/assets/algebra-4/fig-p0121-02.png	代数（第四册）	algebra-4	121	T	high	对照 raw 复平面图，已改 TikZ; 已清除 OCR caption	（已替换图，原 OCR 占位 caption 已清除）	tex/books/代数（第四册）.tex:7000	240	239	1500	0.917	0.083	replaced
books/assets/algebra-4/fig-p0122-01.png	代数（第四册）	algebra-4	122	T	high	对照 raw 复平面图，已改 TikZ; 已清除 OCR caption	（已替换图，原 OCR 占位 caption 已清除）	tex/books/代数（第四册）.tex:7034	201	189	706	0.968	0.032	replaced
books/assets/algebra-4/fig-p0122-02.png	代数（第四册）	algebra-4	122	T	high	对照 raw 复平面图，已改 TikZ; 已清除 OCR caption	（已替换图，原 OCR 占位 caption 已清除）	tex/books/代数（第四册）.tex:7072	249	262	1169	0.962	0.038	replaced
books/assets/algebra-4/fig-p0123-01.png	代数（第四册）	algebra-4	123	T	high	对照 raw 复平面图，已改 TikZ; 已清除 OCR caption	（已替换图，原 OCR 占位 caption 已清除）	tex/books/代数（第四册）.tex:7095	209	194	674	0.977	0.023	replaced
books/assets/algebra-4/fig-p0123-02.png	代数（第四册）	algebra-4	123	T	high	对照 raw 复平面图，已改 TikZ; 已清除 OCR caption	（已替换图，原 OCR 占位 caption 已清除）	tex/books/代数（第四册）.tex:7152	259	268	1700	0.957	0.043	replaced
books/assets/algebra-4/fig-p0126-01.png	代数（第四册）	algebra-4	126	T	high	对照 raw 复平面图，已改 TikZ; 已清除 OCR caption	（已替换图，原 OCR 占位 caption 已清除）	tex/books/代数（第四册）.tex:7362	254	129	1042	0.944	0.056	replaced
books/assets/algebra-4/fig-p0126-02.png	代数（第四册）	algebra-4	126	T	high	对照 raw 复平面图，已改 TikZ; 已清除 OCR caption	（已替换图，原 OCR 占位 caption 已清除）	tex/books/代数（第四册）.tex:7397	236	197	1318	0.959	0.041	replaced
books/assets/algebra-4/fig-p0127-01.png	代数（第四册）	algebra-4	127	T	high	对照 raw 复平面图，已改 TikZ; 已清除 OCR caption	（已替换图，原 OCR 占位 caption 已清除）	tex/books/代数（第四册）.tex:7447	222	184	1045	0.952	0.048	replaced
books/assets/algebra-4/fig-p0128-01.png	代数（第四册）	algebra-4	128	T	high	对照 raw 复平面图，已改 TikZ; 已清除 OCR caption	（已替换图，原 OCR 占位 caption 已清除）	tex/books/代数（第四册）.tex:7487	189	213	885	0.970	0.030	replaced
books/assets/algebra-4/fig-p0131-01.png	代数（第四册）	algebra-4	131	T	high	对照 raw 第131页，已改 TikZ; 已清除 OCR caption	（已替换图，原 OCR 占位 caption 已清除）	tex/books/代数（第四册）.tex:7819	185	124	641	0.951	0.049	replaced
books/assets/algebra-4/fig-p0138-01.png	代数（第四册）	algebra-4	138	T	high	对照 raw 第138页，已改 TikZ; 已清除 OCR caption	（已替换图，原 OCR 占位 caption 已清除）	tex/books/代数（第四册）.tex:8290	254	209	1403	0.951	0.049	replaced
books/assets/algebra-4/fig-p0139-01.png	代数（第四册）	algebra-4	139	T	high	对照 raw 第139页，已改 TikZ; 已清除 OCR caption	（已替换图，原 OCR 占位 caption 已清除）	tex/books/代数（第四册）.tex:8307	220	273	1263	0.963	0.037	replaced
books/assets/algebra-4/fig-p0141-01.png	代数（第四册）	algebra-4	141	T	high	对照 raw 第141页，已改 TikZ; 已清除 OCR caption	（已替换图，原 OCR 占位 caption 已清除）	tex/books/代数（第四册）.tex:8465	202	208	853	0.960	0.040	replaced
books/assets/algebra-4/fig-p0141-02.png	代数（第四册）	algebra-4	141	T	high	对照 raw 第141页，已改 TikZ; 已清除 OCR caption	（已替换图，原 OCR 占位 caption 已清除）	tex/books/代数（第四册）.tex:8485	159	74	547	0.897	0.103	replaced
books/assets/algebra-4/fig-p0141-03.png	代数（第四册）	algebra-4	141	T	high	对照 raw 第141页，已改 TikZ; 已清除 OCR caption	（已替换图，原 OCR 占位 caption 已清除）	tex/books/代数（第四册）.tex:8493	245	128	851	0.935	0.065	replaced
books/assets/algebra-4/fig-p0143-01.png	代数（第四册）	algebra-4	143	T	high	对照 raw 第143页，已改 TikZ; 已清除 OCR caption	（已替换图，原 OCR 占位 caption 已清除）	tex/books/代数（第四册）.tex:8608	212	224	1217	0.951	0.049	replaced
books/assets/algebra-4/fig-p0150-01.png	代数（第四册）	algebra-4	150	T	high	对照 raw 第150页，已改 TikZ; 已清除 OCR caption	（已替换图，原 OCR 占位 caption 已清除）	tex/books/代数（第四册）.tex:8978	249	262	2185	0.949	0.051	replaced
books/assets/algebra-4/fig-p0150-02.png	代数（第四册）	algebra-4	150	T	high	对照 raw 第150页，已改 TikZ; 已清除 OCR caption	（已替换图，原 OCR 占位 caption 已清除）	tex/books/代数（第四册）.tex:8986	249	257	1643	0.957	0.043	replaced
books/assets/algebra-4/fig-p0244-01.png	代数（第四册）	algebra-4	244	T	high	对照 raw/PNG，已改 TikZ; 已清除 OCR caption	（已替换图，原 OCR 占位 caption 已清除）	tex/books/代数（第四册）.tex:15079	274	165	1617	0.956	0.044	replaced
books/assets/algebra-4/fig-p0249-minors.png	代数（第四册）	algebra-4	249	T	high	对照 raw 第249页，已改 TikZ	三阶行列式中划去元素所在行、列后的子行列式示意图	tex/books/代数（第四册）.tex:15322	1500	410	6372	0.970	0.030	replaced
books/assets/algebra-4/fig-p0286-01.png	代数（第四册）	algebra-4	286	T	high	alt 标明文字块；正文已取消该 PNG 引用; 已清除 OCR caption	（已替换图，原 OCR 占位 caption 已清除）	tex/books/代数（第四册）.tex:17067	78	59	308	0.962	0.038	replaced
books/assets/plane-trigonometry/fig-p0006-01.png	平面三角	plane-trigonometry	6	T	high	对照 raw 第6页图1.1，已改 TikZ	图1.1	tex/books/平面三角.tex:355	214	198	924	0.948	0.052	replaced
books/assets/plane-trigonometry/fig-p0008-01.png	平面三角	plane-trigonometry	8	T	high	对照 raw 第8页图1-2，已改 TikZ	图1-2	tex/books/平面三角.tex:425	201	164	722	0.956	0.044	replaced
books/assets/plane-trigonometry/fig-p0009-01.png	平面三角	plane-trigonometry	9	T	high	对照 raw 第9页图1-3，已改 TikZ	图1-3	tex/books/平面三角.tex:494	198	171	776	0.956	0.044	replaced
books/assets/plane-trigonometry/fig-p0011-01.png	平面三角	plane-trigonometry	11	T	high	对照 raw 第11页图1-4，已改 TikZ	图1-4	tex/books/平面三角.tex:623	186	220	862	0.960	0.040	replaced
books/assets/plane-trigonometry/fig-p0012-01.png	平面三角	plane-trigonometry	12	T	high	对照 raw 第12页图1·5，已改 TikZ	图1·5	tex/books/平面三角.tex:650	198	216	936	0.958	0.042	replaced
books/assets/plane-trigonometry/fig-p0012-02.png	平面三角	plane-trigonometry	12	T	high	对照 raw 第12页，已改 TikZ	图1.8	tex/books/平面三角.tex:660	128	246	781	0.952	0.048	replaced
books/assets/plane-trigonometry/fig-p0013-01.png	平面三角	plane-trigonometry	13	T	high	对照 raw 第13页图1-7，已改 TikZ	图1-7	tex/books/平面三角.tex:690	199	178	806	0.959	0.041	replaced
books/assets/plane-trigonometry/fig-p0014-01.png	平面三角	plane-trigonometry	14	T	high	对照 raw 第14页图1-8，已改 TikZ	图1-8	tex/books/平面三角.tex:754	195	173	827	0.953	0.047	replaced
books/assets/plane-trigonometry/fig-p0016-01.png	平面三角	plane-trigonometry	16	T	high	对照 raw 第16页，已改 TikZ	图1-9	tex/books/平面三角.tex:922	210	158	877	0.951	0.049	replaced
books/assets/plane-trigonometry/fig-p0017-01.png	平面三角	plane-trigonometry	17	T	high	对照 raw 第17页，已改 TikZ	图1-10	tex/books/平面三角.tex:981	177	191	883	0.956	0.044	replaced
books/assets/plane-trigonometry/fig-p0019-01.png	平面三角	plane-trigonometry	19	T	high	对照 raw 第19页，已改 TikZ	图1-11	tex/books/平面三角.tex:1064	497	190	1657	0.966	0.034	replaced
books/assets/plane-trigonometry/fig-p0024-01.png	平面三角	plane-trigonometry	24	T	high	对照 raw 第24页，已改 TikZ	图1-12	tex/books/平面三角.tex:1511	236	261	2650	0.887	0.113	replaced
books/assets/plane-trigonometry/fig-p0033-01.png	平面三角	plane-trigonometry	33	T	high	对照 raw 第33页，已改 TikZ	图1·13	tex/books/平面三角.tex:2170	191	177	795	0.954	0.046	replaced
books/assets/plane-trigonometry/fig-p0037-01.png	平面三角	plane-trigonometry	37	T	high	对照 raw 第37页，已改 TikZ	图2-1	tex/books/平面三角.tex:2423	217	193	778	0.956	0.044	replaced
books/assets/plane-trigonometry/fig-p0038-01.png	平面三角	plane-trigonometry	38	T	high	对照 raw 第38页线图，已改 TikZ	图2-2	tex/books/平面三角.tex:2500	171	208	872	0.950	0.050	replaced
books/assets/plane-trigonometry/fig-p0038-02.png	平面三角	plane-trigonometry	38	T	high	对照 raw 第38页线图，已改 TikZ	图2.8	tex/books/平面三角.tex:2517	305	133	909	0.954	0.046	replaced
books/assets/plane-trigonometry/fig-p0039-01.png	平面三角	plane-trigonometry	39	T	high	对照 raw 第39页线图，已改 TikZ	图2-4	tex/books/平面三角.tex:2597	288	118	759	0.943	0.057	replaced
books/assets/plane-trigonometry/fig-p0040-01.png	平面三角	plane-trigonometry	40	T	high	对照 raw 第40页线图，已改 TikZ	图2-5	tex/books/平面三角.tex:2643	135	262	906	0.952	0.048	replaced
books/assets/plane-trigonometry/fig-p0040-02.png	平面三角	plane-trigonometry	40	T	high	对照 raw 第40页线图，已改 TikZ	图2-6	tex/books/平面三角.tex:2656	309	183	2413	0.901	0.099	replaced
books/assets/plane-trigonometry/fig-p0041-01.png	平面三角	plane-trigonometry	41	T	high	对照 raw 第41页线图，已改 TikZ	图2-7	tex/books/平面三角.tex:2678	315	155	1638	0.908	0.092	replaced
books/assets/plane-trigonometry/fig-p0041-02.png	平面三角	plane-trigonometry	41	T	high	对照 raw 第41页角图，已改 TikZ	图2·8	tex/books/平面三角.tex:2714	470	144	2127	0.921	0.079	replaced
books/assets/plane-trigonometry/fig-p0042-01.png	平面三角	plane-trigonometry	42	T	high	对照 raw 第42页角图，已改 TikZ	图2-9	tex/books/平面三角.tex:2804	189	184	891	0.956	0.044	replaced
books/assets/plane-trigonometry/fig-p0043-01.png	平面三角	plane-trigonometry	43	T	high	对照 raw 第43页角图，已改 TikZ	图2-10	tex/books/平面三角.tex:2830	227	154	725	0.966	0.034	replaced
books/assets/plane-trigonometry/fig-p0044-01.png	平面三角	plane-trigonometry	44	T	high	对照 raw 第44页角图，已改 TikZ	图2·11	tex/books/平面三角.tex:2902	142	283	785	0.964	0.036	replaced
books/assets/plane-trigonometry/fig-p0049-01.png	平面三角	plane-trigonometry	49	T	high	对照 raw 第49页角图，已改 TikZ	图2-12	tex/books/平面三角.tex:3241	131	218	864	0.939	0.061	replaced
books/assets/plane-trigonometry/fig-p0050-01.png	平面三角	plane-trigonometry	50	T	high	对照 raw 第50页角图，已改 TikZ	图2·13	tex/books/平面三角.tex:3271	281	122	747	0.949	0.051	replaced
books/assets/plane-trigonometry/fig-p0050-02.png	平面三角	plane-trigonometry	50	T	high	对照 raw 第50页角图，已改 TikZ	图2-14	tex/books/平面三角.tex:3326	189	187	1357	0.918	0.082	replaced
books/assets/plane-trigonometry/fig-p0053-01.png	平面三角	plane-trigonometry	53	T	high	对照 raw 第53页角图，已改 TikZ	(第4题)	tex/books/平面三角.tex:3499	218	246	1434	0.953	0.047	replaced
books/assets/plane-trigonometry/fig-p0054-01.png	平面三角	plane-trigonometry	54	T	high	对照 raw 第54页角图，已改 TikZ	(第3题)	tex/books/平面三角.tex:3547	193	266	1329	0.933	0.067	replaced
books/assets/plane-trigonometry/fig-p0054-02.png	平面三角	plane-trigonometry	54	T	high	对照 raw 第54页角图，已改 TikZ	(第4题)	tex/books/平面三角.tex:3557	224	200	1231	0.936	0.064	replaced
books/assets/plane-trigonometry/fig-p0054-03.png	平面三角	plane-trigonometry	54	V	high	对照 raw 第54页，已改 TikZ	(第5题)	tex/books/平面三角.tex:3582	330	154	2488	0.840	0.160	replaced
books/assets/plane-trigonometry/fig-p0056-01.png	平面三角	plane-trigonometry	56	T	high	对照 raw 第56页角图，已改 TikZ	图3·1	tex/books/平面三角.tex:3664	203	130	615	0.962	0.038	replaced
books/assets/plane-trigonometry/fig-p0056-02.png	平面三角	plane-trigonometry	56	T	high	对照 raw/PNG，已改 TikZ	图3·2	tex/books/平面三角.tex:3674	202	120	1363	0.853	0.147	replaced
books/assets/plane-trigonometry/fig-p0058-01.png	平面三角	plane-trigonometry	58	T	high	对照 raw 第58页角图，已改 TikZ	图3-3	tex/books/平面三角.tex:3733	242	156	978	0.956	0.044	replaced
books/assets/plane-trigonometry/fig-p0058-02.png	平面三角	plane-trigonometry	58	T	high	对照 raw 角图，已改 TikZ	图3-4	tex/books/平面三角.tex:3743	180	188	951	0.952	0.048	replaced
books/assets/plane-trigonometry/fig-p0059-01.png	平面三角	plane-trigonometry	59	T	high	对照 raw 角图，已改 TikZ	图3-5	tex/books/平面三角.tex:3829	220	210	1114	0.961	0.039	replaced
books/assets/plane-trigonometry/fig-p0059-02.png	平面三角	plane-trigonometry	59	T	high	对照 raw 角图，已改 TikZ	图3-6	tex/books/平面三角.tex:3839	238	209	902	0.966	0.034	replaced
books/assets/plane-trigonometry/fig-p0060-01.png	平面三角	plane-trigonometry	60	T	high	对照 raw 角图，已改 TikZ	图3-7	tex/books/平面三角.tex:3865	185	220	552	0.968	0.032	replaced
books/assets/plane-trigonometry/fig-p0061-01.png	平面三角	plane-trigonometry	61	T	high	对照 raw 角图，已改 TikZ	图3-8	tex/books/平面三角.tex:3920	177	203	556	0.963	0.037	replaced
books/assets/plane-trigonometry/fig-p0061-02.png	平面三角	plane-trigonometry	61	T	high	对照 raw 角图，已改 TikZ	图3-9	tex/books/平面三角.tex:3930	221	163	584	0.964	0.036	replaced
books/assets/plane-trigonometry/fig-p0061-03.png	平面三角	plane-trigonometry	61	T	high	对照 raw 角图，已改 TikZ	图3-10	tex/books/平面三角.tex:3952	203	113	521	0.948	0.052	replaced
books/assets/plane-trigonometry/fig-p0062-01.png	平面三角	plane-trigonometry	62	T	high	对照 raw 角图，已改 TikZ	图3-11	tex/books/平面三角.tex:3998	200	178	707	0.949	0.051	replaced
books/assets/plane-trigonometry/fig-p0062-02.png	平面三角	plane-trigonometry	62	T	high	对照 raw 角图，已改 TikZ	图3-12	tex/books/平面三角.tex:4008	191	168	1023	0.925	0.075	replaced
books/assets/plane-trigonometry/fig-p0063-01.png	平面三角	plane-trigonometry	63	T	high	对照 raw 角图，已改 TikZ	图3·13	tex/books/平面三角.tex:4065	224	187	819	0.967	0.033	replaced
books/assets/plane-trigonometry/fig-p0063-02.png	平面三角	plane-trigonometry	63	T	high	对照 raw 角图，已改 TikZ	图3-14	tex/books/平面三角.tex:4084	227	236	956	0.962	0.038	replaced
books/assets/plane-trigonometry/fig-p0063-03.png	平面三角	plane-trigonometry	63	T	high	对照 raw 角图，已改 TikZ	图3-15	tex/books/平面三角.tex:4094	222	232	836	0.964	0.036	replaced
books/assets/plane-trigonometry/fig-p0064-01.png	平面三角	plane-trigonometry	64	T	high	对照 raw 角图，已改 TikZ	图3-16	tex/books/平面三角.tex:4170	215	202	834	0.960	0.040	replaced
books/assets/plane-trigonometry/fig-p0065-01.png	平面三角	plane-trigonometry	65	T	high	对照 raw 角图，已改 TikZ	图3·17	tex/books/平面三角.tex:4214	205	197	779	0.969	0.031	replaced
books/assets/plane-trigonometry/fig-p0065-02.png	平面三角	plane-trigonometry	65	T	high	对照 raw 角图，已改 TikZ	图3-18	tex/books/平面三角.tex:4227	204	187	815	0.956	0.044	replaced
books/assets/plane-trigonometry/fig-p0065-03.png	平面三角	plane-trigonometry	65	T	high	对照 raw 角图，已改 TikZ	图3-19	tex/books/平面三角.tex:4237	194	188	826	0.960	0.040	replaced
books/assets/plane-trigonometry/fig-p0066-01.png	平面三角	plane-trigonometry	66	T	high	对照 raw 角图，已改 TikZ	图3-20	tex/books/平面三角.tex:4275	238	213	955	0.962	0.038	replaced
books/assets/plane-trigonometry/fig-p0068-01.png	平面三角	plane-trigonometry	68	T	high	对照 raw 角图，已改 TikZ	图3-21	tex/books/平面三角.tex:4381	234	236	545	0.983	0.017	replaced
books/assets/plane-trigonometry/fig-p0069-01.png	平面三角	plane-trigonometry	69	T	high	对照 raw 角图，已改 TikZ	图3-22	tex/books/平面三角.tex:4427	376	379	4051	0.934	0.066	replaced
books/assets/plane-trigonometry/fig-p0070-01.png	平面三角	plane-trigonometry	70	T	high	对照 raw/PNG，已改 TikZ	图示（原PDF第70页）	tex/books/平面三角.tex:4559	184	179	1060	0.935	0.065	replaced
books/assets/plane-trigonometry/fig-p0070-02.png	平面三角	plane-trigonometry	70	T	high	对照 raw/PNG，已改 TikZ	图示（原PDF第70页）	tex/books/平面三角.tex:4565	187	179	1134	0.929	0.071	replaced
books/assets/plane-trigonometry/fig-p0071-01.png	平面三角	plane-trigonometry	71	T	high	对照 raw/PNG，已改 TikZ	图示（原PDF第71页）	tex/books/平面三角.tex:4571	178	185	1168	0.935	0.065	replaced
books/assets/plane-trigonometry/fig-p0071-02.png	平面三角	plane-trigonometry	71	T	high	对照 raw 第71页，已改 TikZ	(第9题)	tex/books/平面三角.tex:4577	181	184	1227	0.931	0.069	replaced
books/assets/plane-trigonometry/fig-p0071-03.png	平面三角	plane-trigonometry	71	T	high	对照 raw/PNG，已改 TikZ	图示（原PDF第71页）	tex/books/平面三角.tex:4596	184	190	1114	0.942	0.058	replaced
books/assets/plane-trigonometry/fig-p0071-04.png	平面三角	plane-trigonometry	71	T	high	对照 raw/PNG，已改 TikZ	图示（原PDF第71页）	tex/books/平面三角.tex:4602	178	189	1112	0.941	0.059	replaced
books/assets/plane-trigonometry/fig-p0071-05.png	平面三角	plane-trigonometry	71	T	high	对照 raw/PNG，已改 TikZ	图示（原PDF第71页）	tex/books/平面三角.tex:4608	181	187	1232	0.941	0.059	replaced
books/assets/plane-trigonometry/fig-p0071-06.png	平面三角	plane-trigonometry	71	T	high	对照 raw 第71页，已改 TikZ	(第10题)	tex/books/平面三角.tex:4614	181	186	1224	0.934	0.066	replaced
books/assets/plane-trigonometry/fig-p0072-01.png	平面三角	plane-trigonometry	72	T	high	对照 raw 第72页，已改 TikZ	图 3·23	tex/books/平面三角.tex:4658	291	262	1395	0.963	0.037	replaced
books/assets/plane-trigonometry/fig-p0072-02.png	平面三角	plane-trigonometry	72	T	high	对照 raw 第72页，已改 TikZ	图 3·24	tex/books/平面三角.tex:4668	263	273	1437	0.964	0.036	replaced
books/assets/plane-trigonometry/fig-p0073-01.png	平面三角	plane-trigonometry	73	T	high	对照 raw 第73页，已改 TikZ	图3·25	tex/books/平面三角.tex:4712	237	287	871	0.962	0.038	replaced
books/assets/plane-trigonometry/fig-p0073-02.png	平面三角	plane-trigonometry	73	T	high	对照 raw 第73页，已改 TikZ	图3·26	tex/books/平面三角.tex:4722	281	210	852	0.960	0.040	replaced
books/assets/plane-trigonometry/fig-p0076-01.png	平面三角	plane-trigonometry	76	T	high	对照 raw 第76页，已改 TikZ	图3·27	tex/books/平面三角.tex:4928	308	190	1100	0.963	0.037	replaced
books/assets/plane-trigonometry/fig-p0078-01.png	平面三角	plane-trigonometry	78	T	high	对照 raw 第78页，已改 TikZ	图3.28	tex/books/平面三角.tex:5012	292	219	1233	0.958	0.042	replaced
books/assets/plane-trigonometry/fig-p0079-01.png	平面三角	plane-trigonometry	79	T	high	对照 raw 第79页，已改 TikZ	图3·29	tex/books/平面三角.tex:5099	242	245	1340	0.962	0.038	replaced
books/assets/plane-trigonometry/fig-p0081-01.png	平面三角	plane-trigonometry	81	T	medium	高留白线稿	图示（原PDF第81页）	tex/books/平面三角.tex:5274	433	243	2468	0.942	0.058	pending
books/assets/plane-trigonometry/fig-p0081-02.png	平面三角	plane-trigonometry	81	T	high	对照 raw 第81页，已改 TikZ	图3·30	tex/books/平面三角.tex:5280	429	236	2434	0.941	0.059	replaced
books/assets/plane-trigonometry/fig-p0087-01.png	平面三角	plane-trigonometry	87	T	medium	高留白线稿	图示（原PDF第87页）	tex/books/平面三角.tex:5713	284	194	1350	0.957	0.043	pending
books/assets/plane-trigonometry/fig-p0087-02.png	平面三角	plane-trigonometry	87	T	medium	高留白线稿	图示（原PDF第87页）	tex/books/平面三角.tex:5719	209	261	1302	0.960	0.040	pending
books/assets/plane-trigonometry/fig-p0087-03.png	平面三角	plane-trigonometry	87	T	medium	高留白线稿	图示（原PDF第87页）	tex/books/平面三角.tex:5725	266	245	1351	0.964	0.036	pending
books/assets/plane-trigonometry/fig-p0087-04.png	平面三角	plane-trigonometry	87	T	high	对照 raw 第87页，已改 TikZ	图3-31	tex/books/平面三角.tex:5731	196	255	1384	0.956	0.044	replaced
books/assets/plane-trigonometry/fig-p0104-01.png	平面三角	plane-trigonometry	104	T	high	对照 raw 第104页，已改 TikZ	(I)	tex/books/平面三角.tex:6958	164	183	1273	0.928	0.072	replaced
books/assets/plane-trigonometry/fig-p0104-02.png	平面三角	plane-trigonometry	104	T	high	对照 raw 第104页，已改 TikZ	(II)	tex/books/平面三角.tex:6968	169	187	1401	0.924	0.076	replaced
books/assets/plane-trigonometry/fig-p0104-03.png	平面三角	plane-trigonometry	104	T	high	对照 raw 第104页，已改 TikZ	(11)	tex/books/平面三角.tex:6978	187	181	1214	0.937	0.063	replaced
books/assets/plane-trigonometry/fig-p0106-01.png	平面三角	plane-trigonometry	106	T	high	对照 raw 第106页，已改 TikZ	图4·2	tex/books/平面三角.tex:7138	153	274	1026	0.961	0.039	replaced
books/assets/plane-trigonometry/fig-p0107-01.png	平面三角	plane-trigonometry	107	T	high	对照 raw 第107页，已改 TikZ	图4-3	tex/books/平面三角.tex:7178	333	117	982	0.941	0.059	replaced
books/assets/plane-trigonometry/fig-p0108-01.png	平面三角	plane-trigonometry	108	T	high	对照 raw 第108页，已改 TikZ	图4-4	tex/books/平面三角.tex:7221	241	213	1451	0.937	0.063	replaced
books/assets/plane-trigonometry/fig-p0109-01.png	平面三角	plane-trigonometry	109	T	high	对照 raw 第109页，已改 TikZ	(第7题)	tex/books/平面三角.tex:7300	279	205	1730	0.941	0.059	replaced
books/assets/plane-trigonometry/fig-p0109-02.png	平面三角	plane-trigonometry	109	T	high	对照 raw 第109页，已改 TikZ	(第9题)	tex/books/平面三角.tex:7310	146	273	1020	0.953	0.047	replaced
books/assets/plane-trigonometry/fig-p0110-01.png	平面三角	plane-trigonometry	110	T	high	对照 raw 第110页，已改 TikZ	(1)	tex/books/平面三角.tex:7348	231	203	1129	0.970	0.030	replaced
books/assets/plane-trigonometry/fig-p0110-02.png	平面三角	plane-trigonometry	110	T	high	对照 raw 第110页，已改 TikZ	(II)	tex/books/平面三角.tex:7358	157	192	937	0.965	0.035	replaced
books/assets/plane-trigonometry/fig-p0110-03.png	平面三角	plane-trigonometry	110	T	high	对照 raw 第110页，已改 TikZ	(II)	tex/books/平面三角.tex:7368	171	183	872	0.964	0.036	replaced
books/assets/plane-trigonometry/fig-p0111-01.png	平面三角	plane-trigonometry	111	T	high	对照 raw 第111页，已改 TikZ	(I)	tex/books/平面三角.tex:7398	219	187	921	0.965	0.035	replaced
books/assets/plane-trigonometry/fig-p0111-02.png	平面三角	plane-trigonometry	111	T	high	对照 raw 第111页，已改 TikZ	(II)	tex/books/平面三角.tex:7408	176	213	870	0.962	0.038	replaced
books/assets/plane-trigonometry/fig-p0111-03.png	平面三角	plane-trigonometry	111	T	high	对照 raw 第111页，已改 TikZ	(1)	tex/books/平面三角.tex:7418	166	209	763	0.968	0.032	replaced
books/assets/plane-trigonometry/fig-p0111-04.png	平面三角	plane-trigonometry	111	T	high	对照 raw 第111页，已改 TikZ	(I)	tex/books/平面三角.tex:7437	208	146	907	0.957	0.043	replaced
books/assets/plane-trigonometry/fig-p0111-05.png	平面三角	plane-trigonometry	111	T	high	对照 raw 第111页，已改 TikZ	(II)	tex/books/平面三角.tex:7447	217	149	955	0.956	0.044	replaced
books/assets/plane-trigonometry/fig-p0111-06.png	平面三角	plane-trigonometry	111	T	high	对照 raw 第111页，已改 TikZ	(Ⅲ)	tex/books/平面三角.tex:7457	250	168	1341	0.944	0.056	replaced
books/assets/plane-trigonometry/fig-p0111-07.png	平面三角	plane-trigonometry	111	T	high	对照 raw 第111页，已改 TikZ	(IV)	tex/books/平面三角.tex:7467	227	157	847	0.957	0.043	replaced
books/assets/plane-trigonometry/fig-p0111-08.png	平面三角	plane-trigonometry	111	T	high	对照 raw 第111页，已改 TikZ	(V)	tex/books/平面三角.tex:7477	240	156	835	0.960	0.040	replaced
books/assets/plane-trigonometry/fig-p0113-01.png	平面三角	plane-trigonometry	113	T	high	对照 raw 第113页，已改 TikZ	图4-8	tex/books/平面三角.tex:7573	238	176	1185	0.960	0.040	replaced
books/assets/plane-trigonometry/fig-p0114-01.png	平面三角	plane-trigonometry	114	T	high	对照 raw 第114页，已改 TikZ	图4-9	tex/books/平面三角.tex:7616	299	194	1599	0.938	0.062	replaced
books/assets/plane-trigonometry/fig-p0116-01.png	平面三角	plane-trigonometry	116	T	high	对照 raw 第116页，已改 TikZ	(I)	tex/books/平面三角.tex:7760	149	204	970	0.947	0.053	replaced
books/assets/plane-trigonometry/fig-p0116-02.png	平面三角	plane-trigonometry	116	T	high	对照 raw 第116页，已改 TikZ	(II)	tex/books/平面三角.tex:7770	148	124	658	0.949	0.051	replaced
books/assets/plane-trigonometry/fig-p0116-03.png	平面三角	plane-trigonometry	116	T	high	对照 raw 第116页，已改 TikZ	(III)	tex/books/平面三角.tex:7780	151	163	728	0.953	0.047	replaced
books/assets/plane-trigonometry/fig-p0117-01.png	平面三角	plane-trigonometry	117	T	high	对照 raw 第117页，已改 TikZ	(1)	tex/books/平面三角.tex:7831	206	198	960	0.960	0.040	replaced
books/assets/plane-trigonometry/fig-p0117-02.png	平面三角	plane-trigonometry	117	T	high	对照 raw 第117页，已改 TikZ	(II)	tex/books/平面三角.tex:7841	161	195	868	0.957	0.043	replaced
books/assets/plane-trigonometry/fig-p0117-03.png	平面三角	plane-trigonometry	117	T	high	对照 raw 第117页，已改 TikZ	(III)	tex/books/平面三角.tex:7851	189	201	911	0.957	0.043	replaced
books/assets/plane-trigonometry/fig-p0120-01.png	平面三角	plane-trigonometry	120	T	high	对照 raw 第120页，已改 TikZ	图4-12	tex/books/平面三角.tex:7999	252	197	1124	0.965	0.035	replaced
books/assets/plane-trigonometry/fig-p0121-01.png	平面三角	plane-trigonometry	121	T	high	对照 raw/PNG，已改 TikZ	图4-13	tex/books/平面三角.tex:8108	192	244	1701	0.945	0.055	replaced
books/assets/plane-trigonometry/fig-p0123-01.png	平面三角	plane-trigonometry	123	T	high	对照 raw 第123页，已改 TikZ	图4-14	tex/books/平面三角.tex:8229	288	117	814	0.956	0.044	replaced
books/assets/plane-trigonometry/fig-p0125-01.png	平面三角	plane-trigonometry	125	T	low	初分待对照 raw 改轨	图 4·15	tex/books/平面三角.tex:8306	245	200	1702	0.900	0.100	pending
books/assets/plane-trigonometry/fig-p0127-01.png	平面三角	plane-trigonometry	127	T	high	对照 raw 第127页，已改 TikZ	(第2题)	tex/books/平面三角.tex:8459	236	168	1229	0.951	0.049	replaced
books/assets/plane-trigonometry/fig-p0127-02.png	平面三角	plane-trigonometry	127	T	high	对照 raw 第127页，已改 TikZ	(第4题)	tex/books/平面三角.tex:8485	137	271	1015	0.952	0.048	replaced
books/assets/plane-trigonometry/fig-p0128-01.png	平面三角	plane-trigonometry	128	T	high	对照 raw 第128页，已改 TikZ	(第5题)	tex/books/平面三角.tex:8505	301	126	974	0.946	0.054	replaced
books/assets/plane-trigonometry/fig-p0128-02.png	平面三角	plane-trigonometry	128	T	high	对照 raw 第128页，已改 TikZ	(第3题)	tex/books/平面三角.tex:8563	204	189	1679	0.903	0.097	replaced
books/assets/plane-trigonometry/fig-p0129-01.png	平面三角	plane-trigonometry	129	T	high	对照 raw 第129页，已改 TikZ	(第7题)	tex/books/平面三角.tex:8613	192	244	1269	0.952	0.048	replaced
books/assets/plane-trigonometry/fig-p0132-01.png	平面三角	plane-trigonometry	132	T	high	对照 raw 第132页，已改 TikZ	图5-1	tex/books/平面三角.tex:8718	224	183	1094	0.949	0.051	replaced
books/assets/plane-trigonometry/fig-p0132-02.png	平面三角	plane-trigonometry	132	T	high	对照 raw 第132页，已改 TikZ	图5-2	tex/books/平面三角.tex:8728	241	175	1139	0.957	0.043	replaced
books/assets/plane-trigonometry/fig-p0164-01.png	平面三角	plane-trigonometry	164	T	high	对照 raw 第164页，已改 TikZ	图5-3	tex/books/平面三角.tex:10655	193	130	682	0.935	0.065	replaced
books/assets/plane-trigonometry/fig-p0167-01.png	平面三角	plane-trigonometry	167	T	medium	高留白线稿	图示（原PDF第167页）	tex/books/平面三角.tex:10830	530	341	3861	0.943	0.057	pending
books/assets/plane-trigonometry/fig-p0183-01.png	平面三角	plane-trigonometry	183	T	high	对照 raw 第183页，已改 TikZ	(I)	tex/books/平面三角.tex:11789	214	140	819	0.963	0.037	replaced
books/assets/plane-trigonometry/fig-p0183-02.png	平面三角	plane-trigonometry	183	T	high	对照 raw 第183页，已改 TikZ	(II)	tex/books/平面三角.tex:11799	209	139	832	0.958	0.042	replaced
books/assets/plane-trigonometry/fig-p0183-03.png	平面三角	plane-trigonometry	183	T	high	对照 raw 第183页，已改 TikZ	(III)	tex/books/平面三角.tex:11809	164	140	672	0.958	0.042	replaced
books/assets/plane-trigonometry/fig-p0186-01.png	平面三角	plane-trigonometry	186	T	high	对照 raw 第186页，已改 TikZ	(第4题)	tex/books/平面三角.tex:11991	218	186	1238	0.948	0.052	replaced
books/assets/plane-trigonometry/fig-p0188-01.png	平面三角	plane-trigonometry	188	T	high	对照 raw 第188页，已改 TikZ	图6·2	tex/books/平面三角.tex:12069	255	166	1388	0.947	0.053	replaced
books/assets/plane-trigonometry/fig-p0194-01.png	平面三角	plane-trigonometry	194	T	high	对照 raw 第194页，已改 TikZ	图7·1	tex/books/平面三角.tex:12421	191	166	1005	0.949	0.051	replaced
books/assets/plane-trigonometry/fig-p0195-01.png	平面三角	plane-trigonometry	195	T	high	对照 raw 第195页，已改 TikZ	图7-2	tex/books/平面三角.tex:12446	167	158	1021	0.933	0.067	replaced
books/assets/plane-trigonometry/fig-p0197-01.png	平面三角	plane-trigonometry	197	T	high	对照 raw 第197页，已改 TikZ	图7-3	tex/books/平面三角.tex:12556	158	166	1006	0.934	0.066	replaced
books/assets/plane-trigonometry/fig-p0199-01.png	平面三角	plane-trigonometry	199	T	medium	高留白线稿	图示（原PDF第199页）	tex/books/平面三角.tex:12702	429	460	3450	0.971	0.029	pending
books/assets/plane-trigonometry/fig-p0199-02.png	平面三角	plane-trigonometry	199	T	medium	高留白线稿	图示（原PDF第199页）	tex/books/平面三角.tex:12708	209	220	986	0.967	0.033	pending
books/assets/plane-trigonometry/fig-p0199-03.png	平面三角	plane-trigonometry	199	T	medium	高留白线稿	图示（原PDF第199页）	tex/books/平面三角.tex:12714	203	216	981	0.971	0.029	pending
books/assets/plane-trigonometry/fig-p0199-04.png	平面三角	plane-trigonometry	199	T	medium	高留白线稿	图示（原PDF第199页）	tex/books/平面三角.tex:12720	211	211	979	0.964	0.036	pending
books/assets/plane-trigonometry/fig-p0199-05.png	平面三角	plane-trigonometry	199	T	high	对照 raw 第199页，已改 TikZ	图7-4	tex/books/平面三角.tex:12726	205	209	939	0.968	0.032	replaced
books/assets/plane-trigonometry/fig-p0200-01.png	平面三角	plane-trigonometry	200	T	high	对照 raw 第200页，已改 TikZ	图7-5	tex/books/平面三角.tex:12770	434	470	3946	0.967	0.033	replaced
books/assets/plane-trigonometry/fig-p0201-01.png	平面三角	plane-trigonometry	201	T	medium	高留白线稿	图示（原PDF第201页）	tex/books/平面三角.tex:12800	436	439	4529	0.947	0.053	pending
books/assets/plane-trigonometry/fig-p0201-02.png	平面三角	plane-trigonometry	201	T	medium	高留白线稿	图示（原PDF第201页）	tex/books/平面三角.tex:12806	214	213	1221	0.946	0.054	pending
books/assets/plane-trigonometry/fig-p0201-03.png	平面三角	plane-trigonometry	201	T	medium	高留白线稿	图示（原PDF第201页）	tex/books/平面三角.tex:12812	219	213	1265	0.946	0.054	pending
books/assets/plane-trigonometry/fig-p0201-04.png	平面三角	plane-trigonometry	201	T	medium	高留白线稿	图示（原PDF第201页）	tex/books/平面三角.tex:12818	206	215	1326	0.940	0.060	pending
books/assets/plane-trigonometry/fig-p0201-05.png	平面三角	plane-trigonometry	201	T	medium	高留白线稿	图示（原PDF第201页）	tex/books/平面三角.tex:12824	217	215	1270	0.948	0.052	pending
books/assets/plane-trigonometry/fig-p0206-01.png	平面三角	plane-trigonometry	206	T	high	对照 raw 第206页，已改 TikZ	图7-7	tex/books/平面三角.tex:13066	211	217	1153	0.954	0.046	replaced
books/assets/plane-trigonometry/fig-p0219-01.png	平面三角	plane-trigonometry	219	T	high	对照 raw 第219页，已改 TikZ	图7-8	tex/books/平面三角.tex:13834	344	173	1091	0.967	0.033	replaced
books/assets/plane-trigonometry/fig-p0220-01.png	平面三角	plane-trigonometry	220	T	high	对照 raw 第220页，已改 TikZ	图7-9	tex/books/平面三角.tex:13851	402	158	965	0.963	0.037	replaced
books/assets/plane-trigonometry/fig-p0220-02.png	平面三角	plane-trigonometry	220	T	high	对照 raw 第220页，已改 TikZ	图7-10	tex/books/平面三角.tex:13870	204	213	1960	0.903	0.097	replaced
books/assets/plane-trigonometry/fig-p0221-01.png	平面三角	plane-trigonometry	221	T	high	对照 raw 第221页，已改 TikZ	图7-11	tex/books/平面三角.tex:13951	337	187	1134	0.967	0.033	replaced
books/assets/plane-trigonometry/fig-p0222-01.png	平面三角	plane-trigonometry	222	T	high	对照 raw 第222页，已改 TikZ	图7-12	tex/books/平面三角.tex:13966	454	150	1157	0.967	0.033	replaced
books/assets/plane-trigonometry/fig-p0222-02.png	平面三角	plane-trigonometry	222	T	high	对照 raw 第222页，已改 TikZ	图7-13	tex/books/平面三角.tex:14034	178	245	1001	0.952	0.048	replaced
books/assets/plane-trigonometry/fig-p0223-01.png	平面三角	plane-trigonometry	223	T	high	对照 raw 第223页，已改 TikZ	图7-14	tex/books/平面三角.tex:14050	490	249	2318	0.961	0.039	replaced
books/assets/plane-trigonometry/fig-p0223-02.png	平面三角	plane-trigonometry	223	T	high	对照 raw 第223页，已改 TikZ	图7-15	tex/books/平面三角.tex:14070	168	311	1452	0.960	0.040	replaced
books/assets/plane-trigonometry/fig-p0224-01.png	平面三角	plane-trigonometry	224	T	high	对照 raw 第224页，已改 TikZ	图7-16	tex/books/平面三角.tex:14141	177	242	722	0.966	0.034	replaced
books/assets/plane-trigonometry/fig-p0224-02.png	平面三角	plane-trigonometry	224	T	high	对照 raw 第224页，已改 TikZ	图7-17	tex/books/平面三角.tex:14155	484	253	2046	0.968	0.032	replaced
books/assets/plane-trigonometry/fig-p0225-01.png	平面三角	plane-trigonometry	225	T	high	对照 raw 第225页，已改 TikZ	图7-18	tex/books/平面三角.tex:14168	297	175	1513	0.951	0.049	replaced
books/assets/plane-trigonometry/fig-p0226-01.png	平面三角	plane-trigonometry	226	T	high	对照 raw 第226页，已改 TikZ	图7-18	tex/books/平面三角.tex:14259	359	180	1273	0.967	0.033	replaced
books/assets/plane-trigonometry/fig-p0227-01.png	平面三角	plane-trigonometry	227	T	high	对照 raw 第227页，已改 TikZ	图7-20	tex/books/平面三角.tex:14323	358	163	1145	0.967	0.033	replaced
books/assets/plane-trigonometry/fig-p0227-02.png	平面三角	plane-trigonometry	227	T	high	对照 raw 第227页，已改 TikZ	图7·21	tex/books/平面三角.tex:14375	176	274	1099	0.956	0.044	replaced
books/assets/plane-trigonometry/fig-p0227-03.png	平面三角	plane-trigonometry	227	T	high	对照 raw 第227页，已改 TikZ	图7·22	tex/books/平面三角.tex:14385	164	290	1036	0.964	0.036	replaced
books/assets/plane-trigonometry/fig-p0228-01.png	平面三角	plane-trigonometry	228	T	high	对照 raw 第228页，已改 TikZ	图7·23	tex/books/平面三角.tex:14448	243	253	1398	0.961	0.039	replaced
books/assets/plane-trigonometry/fig-p0229-01.png	平面三角	plane-trigonometry	229	T	high	对照 raw 第229页，已改 TikZ	图7·24	tex/books/平面三角.tex:14516	350	170	1339	0.956	0.044	replaced
books/assets/plane-trigonometry/fig-p0230-01.png	平面三角	plane-trigonometry	230	T	high	对照 raw 第230页，已改 TikZ	图7·25	tex/books/平面三角.tex:14572	480	138	1410	0.952	0.048	replaced
books/assets/plane-trigonometry/fig-p0231-01.png	平面三角	plane-trigonometry	231	T	high	对照 raw 第231页，已改 TikZ	图7·26	tex/books/平面三角.tex:14635	310	204	1636	0.954	0.046	replaced
books/assets/plane-trigonometry/fig-p0231-02.png	平面三角	plane-trigonometry	231	T	medium	高留白线稿	图示（原PDF第231页）	tex/books/平面三角.tex:14685	517	139	1754	0.933	0.067	pending
books/assets/plane-trigonometry/fig-p0232-01.png	平面三角	plane-trigonometry	232	T	high	对照 raw 第232页，已改 TikZ	图7·28	tex/books/平面三角.tex:14750	486	200	2148	0.969	0.031	replaced
books/assets/plane-trigonometry/fig-p0233-01.png	平面三角	plane-trigonometry	233	T	high	对照 raw 第233页，已改 TikZ	图7·29	tex/books/平面三角.tex:14817	267	249	1119	0.965	0.035	replaced
books/assets/plane-trigonometry/fig-p0235-01.png	平面三角	plane-trigonometry	235	T	medium	高留白线稿	图示（原PDF第235页）	tex/books/平面三角.tex:14911	449	430	4863	0.951	0.049	pending
books/assets/plane-trigonometry/fig-p0235-02.png	平面三角	plane-trigonometry	235	T	medium	高留白线稿	图示（原PDF第235页）	tex/books/平面三角.tex:14917	208	215	1368	0.946	0.054	pending
books/assets/plane-trigonometry/fig-p0235-03.png	平面三角	plane-trigonometry	235	T	medium	高留白线稿	图示（原PDF第235页）	tex/books/平面三角.tex:14923	226	213	1395	0.952	0.048	pending
books/assets/plane-trigonometry/fig-p0235-04.png	平面三角	plane-trigonometry	235	T	medium	高留白线稿	图示（原PDF第235页）	tex/books/平面三角.tex:14929	219	205	1408	0.949	0.051	pending
books/assets/plane-trigonometry/fig-p0235-05.png	平面三角	plane-trigonometry	235	T	high	对照 raw 第235页，已改 TikZ	图7-80	tex/books/平面三角.tex:14935	234	213	1410	0.950	0.050	replaced
books/assets/plane-trigonometry/fig-p0239-01.png	平面三角	plane-trigonometry	239	T	high	对照 raw 第239页，已改 TikZ	图8-1	tex/books/平面三角.tex:15183	505	225	1974	0.972	0.028	replaced
books/assets/plane-trigonometry/fig-p0242-01.png	平面三角	plane-trigonometry	242	T	high	对照 raw 第242页，已改 TikZ	图8.2	tex/books/平面三角.tex:15356	486	212	1866	0.972	0.028	replaced
books/assets/plane-trigonometry/fig-p0244-01.png	平面三角	plane-trigonometry	244	T	high	对照 raw 第244页，已改 TikZ	图8.3	tex/books/平面三角.tex:15540	496	275	2315	0.967	0.033	replaced
books/assets/plane-trigonometry/fig-p0247-01.png	平面三角	plane-trigonometry	247	T	high	对照 raw 第247页，已改 TikZ	图8-4	tex/books/平面三角.tex:15703	501	253	2014	0.977	0.023	replaced
books/assets/plane-trigonometry/fig-p0250-01.png	平面三角	plane-trigonometry	250	T	high	对照 raw 第250页，已改 TikZ	图8·5	tex/books/平面三角.tex:15886	228	260	1054	0.965	0.035	replaced
books/assets/plane-trigonometry/fig-p0251-01.png	平面三角	plane-trigonometry	251	T	high	对照 raw 第251页，已改 TikZ	图8-6	tex/books/平面三角.tex:15936	270	213	993	0.971	0.029	replaced
books/assets/plane-trigonometry/fig-p0252-01.png	平面三角	plane-trigonometry	252	T	high	对照 raw 第252页，已改 TikZ	图 B·7	tex/books/平面三角.tex:16001	257	182	797	0.973	0.027	replaced
books/assets/plane-trigonometry/fig-p0253-01.png	平面三角	plane-trigonometry	253	T	high	对照 raw 第253页，已改 TikZ	图8-8	tex/books/平面三角.tex:16058	219	257	1160	0.962	0.038	replaced
books/assets/plane-trigonometry/fig-p0254-01.png	平面三角	plane-trigonometry	254	T	high	对照 raw 第254页，已改 TikZ	图 8·9	tex/books/平面三角.tex:16124	206	270	927	0.970	0.030	replaced
books/assets/plane-trigonometry/fig-p0256-01.png	平面三角	plane-trigonometry	256	T	high	对照 raw 第256页，已改 TikZ	图 8·10	tex/books/平面三角.tex:16324	241	283	1011	0.970	0.030	replaced
books/assets/plane-trigonometry/fig-p0256-02.png	平面三角	plane-trigonometry	256	T	high	对照 raw 第256页，已改 TikZ	图 8·11	tex/books/平面三角.tex:16334	207	274	817	0.976	0.024	replaced
books/assets/plane-trigonometry/fig-p0257-01.png	平面三角	plane-trigonometry	257	T	high	对照 raw 第257页，已改 TikZ	图8-12	tex/books/平面三角.tex:16351	284	228	996	0.973	0.027	replaced
books/assets/plane-trigonometry/fig-p0257-02.png	平面三角	plane-trigonometry	257	T	high	对照 raw 第257页，已改 TikZ	图8-13	tex/books/平面三角.tex:16361	282	214	806	0.978	0.022	replaced
books/assets/plane-trigonometry/fig-p0273-01.png	平面三角	plane-trigonometry	273	T	high	对照 raw 第273页，已改 TikZ	0< a<1	tex/books/平面三角.tex:17389	211	163	761	0.964	0.036	replaced
books/assets/plane-trigonometry/fig-p0273-02.png	平面三角	plane-trigonometry	273	T	high	对照 raw 第273页，已改 TikZ	-1< a<0	tex/books/平面三角.tex:17403	213	167	893	0.955	0.045	replaced
books/assets/plane-trigonometry/fig-p0274-01.png	平面三角	plane-trigonometry	274	T	high	对照 raw 第274页，已改 TikZ	sin x = 0	tex/books/平面三角.tex:17440	126	134	264	0.970	0.030	replaced
books/assets/plane-trigonometry/fig-p0274-02.png	平面三角	plane-trigonometry	274	T	high	对照 raw 第274页，已改 TikZ	sin x = 1	tex/books/平面三角.tex:17454	130	132	252	0.971	0.029	replaced
books/assets/plane-trigonometry/fig-p0274-03.png	平面三角	plane-trigonometry	274	T	high	对照 raw 第274页，已改 TikZ	sin x = -1	tex/books/平面三角.tex:17468	128	126	210	0.970	0.030	replaced
books/assets/plane-trigonometry/fig-p0275-01.png	平面三角	plane-trigonometry	275	T	high	对照 raw 第275页，已改 TikZ	(1)	tex/books/平面三角.tex:17540	229	233	912	0.976	0.024	replaced
books/assets/plane-trigonometry/fig-p0275-02.png	平面三角	plane-trigonometry	275	T	high	对照 raw 第275页，已改 TikZ	(11)	tex/books/平面三角.tex:17550	202	234	1083	0.968	0.032	replaced
books/assets/plane-trigonometry/fig-p0276-01.png	平面三角	plane-trigonometry	276	T	medium	高留白线稿	图示（原PDF第276页）	tex/books/平面三角.tex:17580	137	147	269	0.977	0.023	pending
books/assets/plane-trigonometry/fig-p0276-02.png	平面三角	plane-trigonometry	276	T	medium	高留白线稿	图示（原PDF第276页）	tex/books/平面三角.tex:17592	136	146	262	0.977	0.023	pending
books/assets/plane-trigonometry/fig-p0276-03.png	平面三角	plane-trigonometry	276	T	high	对照 raw 第276页，已改 TikZ	图9-4	tex/books/平面三角.tex:17604	131	145	229	0.977	0.023	replaced
books/assets/plane-trigonometry/fig-p0277-01.png	平面三角	plane-trigonometry	277	T	high	对照 raw 第277页，已改 TikZ	a>0	tex/books/平面三角.tex:17667	208	211	949	0.965	0.035	replaced
books/assets/plane-trigonometry/fig-p0277-02.png	平面三角	plane-trigonometry	277	T	high	对照 raw 第277页，已改 TikZ	a<0	tex/books/平面三角.tex:17681	204	211	881	0.969	0.031	replaced
books/assets/plane-trigonometry/fig-p0278-01.png	平面三角	plane-trigonometry	278	T	high	对照 raw 第278页，已改 TikZ	(I)	tex/books/平面三角.tex:17754	216	237	903	0.977	0.023	replaced
books/assets/plane-trigonometry/fig-p0278-02.png	平面三角	plane-trigonometry	278	T	high	对照 raw 第278页，已改 TikZ	a<0	tex/books/平面三角.tex:17764	209	210	1022	0.967	0.033	replaced
books/assets/plane-trigonometry/fig-p0296-01.png	平面三角	plane-trigonometry	296	T	high	对照 raw 第296页，已改 TikZ	图 9·7	tex/books/平面三角.tex:18826	460	260	2994	0.950	0.050	replaced
books/assets/plane-trigonometry/fig-p0296-02.png	平面三角	plane-trigonometry	296	T	high	对照 raw 第296页，已改 TikZ	图9-8	tex/books/平面三角.tex:18854	176	176	1143	0.939	0.061	replaced
books/assets/plane-trigonometry/fig-p0297-01.png	平面三角	plane-trigonometry	297	T	high	对照 raw 第297页，已改 TikZ	图9.9	tex/books/平面三角.tex:18891	416	380	3299	0.937	0.063	replaced
books/assets/plane-trigonometry/fig-p0298-01.png	平面三角	plane-trigonometry	298	T	high	对照 raw 第298页，已改 TikZ	图9-10	tex/books/平面三角.tex:18913	393	461	6103	0.885	0.115	replaced
books/assets/plane-trigonometry/fig-p0302-01.png	平面三角	plane-trigonometry	302	T	high	对照 raw 第302页，已改 TikZ	(第1题)	tex/books/平面三角.tex:19182	235	124	794	0.958	0.042	replaced
books/assets/plane-trigonometry/fig-p0303-01.png	平面三角	plane-trigonometry	303	T	high	对照 raw 第303页，已改 TikZ	(第20题)	tex/books/平面三角.tex:19306	183	200	1243	0.951	0.049	replaced
books/assets/plane-trigonometry/fig-p0304-01.png	平面三角	plane-trigonometry	304	T	high	对照 raw 第304页，已改 TikZ	(第22题)	tex/books/平面三角.tex:19327	147	218	1010	0.957	0.043	replaced
books/assets/plane-trigonometry/fig-p0304-02.png	平面三角	plane-trigonometry	304	T	high	对照 raw 第304页，已改 TikZ	(第23题)	tex/books/平面三角.tex:19337	223	206	1089	0.968	0.032	replaced
books/assets/plane-trigonometry/fig-p0304-03.png	平面三角	plane-trigonometry	304	T	high	对照 raw 第304页，已改 TikZ	(第 28 题)	tex/books/平面三角.tex:19394	213	214	1330	0.943	0.057	replaced
books/assets/plane-trigonometry/fig-p0308-01.png	平面三角	plane-trigonometry	308	T	high	对照 raw 第308页，已改 TikZ	(第1题)	tex/books/平面三角.tex:19714	295	126	1064	0.938	0.062	replaced
books/assets/plane-trigonometry/fig-p0308-02.png	平面三角	plane-trigonometry	308	T	high	对照 raw 第308页，已改 TikZ	(第4题)	tex/books/平面三角.tex:19739	240	185	1577	0.916	0.084	replaced
books/assets/plane-trigonometry/fig-p0310-01.png	平面三角	plane-trigonometry	310	T	high	对照 raw 第310页，已改 TikZ	(第18题)	tex/books/平面三角.tex:19852	135	209	885	0.946	0.054	replaced
books/assets/plane-trigonometry/fig-p0310-02.png	平面三角	plane-trigonometry	310	T	high	对照 raw 第310页，已改 TikZ	(第19题)	tex/books/平面三角.tex:19862	175	171	1231	0.908	0.092	replaced
books/assets/plane-trigonometry/fig-p0310-03.png	平面三角	plane-trigonometry	310	T	high	对照 raw 第310页，已改 TikZ	(第23题)	tex/books/平面三角.tex:19908	157	210	1018	0.952	0.048	replaced
books/assets/plane-trigonometry/fig-p0311-01.png	平面三角	plane-trigonometry	311	T	high	对照 raw 第311页，已改 TikZ	(第25题)	tex/books/平面三角.tex:19934	268	126	894	0.951	0.049	replaced
books/assets/plane-trigonometry/fig-p0311-02.png	平面三角	plane-trigonometry	311	T	high	对照 raw 第311页，已改 TikZ	(第28题)	tex/books/平面三角.tex:19961	245	148	1133	0.931	0.069	replaced
books/assets/plane-trigonometry/fig-p0313-01.png	平面三角	plane-trigonometry	313	T	high	对照 raw 第313页，已改 TikZ	(第44题)	tex/books/平面三角.tex:20135	236	163	1014	0.942	0.058	replaced
books/assets/plane-trigonometry/fig-p0314-01.png	平面三角	plane-trigonometry	314	T	high	对照 raw 第314页，已改 TikZ	(第 52 题)	tex/books/平面三角.tex:20225	178	183	1501	0.905	0.095	replaced
books/assets/plane-trigonometry/fig-p0314-02.png	平面三角	plane-trigonometry	314	T	high	对照 raw 第314页，已改 TikZ	(第56题)	tex/books/平面三角.tex:20262	225	243	1394	0.938	0.062	replaced
books/assets/plane-geometry-1/fig-p0005-01.png	平面几何（第一册）	plane-geometry-1	5	V	low	初分待对照 raw 改轨	图1	tex/books/平面几何（第一册）.tex:340	480	156	2136	0.803	0.197	pending
books/assets/plane-geometry-1/fig-p0006-01.png	平面几何（第一册）	plane-geometry-1	6	V	low	初分待对照 raw 改轨	图示（原PDF第6页）	tex/books/平面几何（第一册）.tex:352	229	260	3697	0.742	0.258	pending
books/assets/plane-geometry-1/fig-p0006-02.png	平面几何（第一册）	plane-geometry-1	6	V	low	初分待对照 raw 改轨	图2	tex/books/平面几何（第一册）.tex:358	234	264	4280	0.740	0.260	pending
books/assets/plane-geometry-1/fig-p0007-01.png	平面几何（第一册）	plane-geometry-1	7	V	low	初分待对照 raw 改轨	图3	tex/books/平面几何（第一册）.tex:388	279	151	1970	0.676	0.324	pending
books/assets/plane-geometry-1/fig-p0007-02.png	平面几何（第一册）	plane-geometry-1	7	T	low	初分待对照 raw 改轨；正文已取消该 PNG 引用	图4	tex/books/平面几何（第一册）.tex:396	246	274	2238	0.895	0.105	replaced
books/assets/plane-geometry-1/fig-p0008-01.png	平面几何（第一册）	plane-geometry-1	8	P	medium	疑似网纹或照片	图5	tex/books/平面几何（第一册）.tex:413	329	168	2314	0.839	0.161	pending
books/assets/plane-geometry-1/fig-p0008-02.png	平面几何（第一册）	plane-geometry-1	8	R	medium	alt 是实物写生词	皮球	tex/books/平面几何（第一册）.tex:425	123	133	1327	0.766	0.234	pending
books/assets/plane-geometry-1/fig-p0008-03.png	平面几何（第一册）	plane-geometry-1	8	R	medium	alt 是实物写生词	木球	tex/books/平面几何（第一册）.tex:433	122	133	1494	0.761	0.239	pending
books/assets/plane-geometry-1/fig-p0009-01.png	平面几何（第一册）	plane-geometry-1	9	T	low	初分待对照 raw 改轨；正文已取消该 PNG 引用	图7	tex/books/平面几何（第一册）.tex:443	166	195	1311	0.918	0.082	replaced
books/assets/plane-geometry-1/fig-p0009-02.png	平面几何（第一册）	plane-geometry-1	9	V	low	初分待对照 raw 改轨	图示（原PDF第9页）	tex/books/平面几何（第一册）.tex:453	235	116	1384	0.624	0.376	pending
books/assets/plane-geometry-1/fig-p0009-03.png	平面几何（第一册）	plane-geometry-1	9	V	low	初分待对照 raw 改轨	图8	tex/books/平面几何（第一册）.tex:459	225	121	879	0.848	0.152	pending
books/assets/plane-geometry-1/fig-p0009-04.png	平面几何（第一册）	plane-geometry-1	9	T	medium	高留白线稿；正文已取消该 PNG 引用	图9	tex/books/平面几何（第一册）.tex:471	414	151	1360	0.954	0.046	replaced
books/assets/plane-geometry-1/fig-p0010-01.png	平面几何（第一册）	plane-geometry-1	10	T	low	初分待对照 raw 改轨；正文已取消该 PNG 引用	图10	tex/books/平面几何（第一册）.tex:487	522	111	1627	0.897	0.103	replaced
books/assets/plane-geometry-1/fig-p0011-01.png	平面几何（第一册）	plane-geometry-1	11	T	high	对照 raw 第11页图1·1，已改 TikZ	图1-1	tex/books/平面几何（第一册）.tex:521	384	81	406	0.965	0.035	replaced
books/assets/plane-geometry-1/fig-p0012-01.png	平面几何（第一册）	plane-geometry-1	12	T	medium	高留白线稿；正文已取消该 PNG 引用	(1)	tex/books/平面几何（第一册）.tex:538	190	69	318	0.923	0.077	replaced
books/assets/plane-geometry-1/fig-p0012-02.png	平面几何（第一册）	plane-geometry-1	12	T	low	初分待对照 raw 改轨；正文已取消该 PNG 引用	(2)	tex/books/平面几何（第一册）.tex:546	152	68	354	0.889	0.111	replaced
books/assets/plane-geometry-1/fig-p0012-03.png	平面几何（第一册）	plane-geometry-1	12	T	high	对照 raw 第12页图1·3，已改 TikZ	图1-3	tex/books/平面几何（第一册）.tex:575	160	53	263	0.942	0.058	replaced
books/assets/plane-geometry-1/fig-p0012-04.png	平面几何（第一册）	plane-geometry-1	12	T	high	对照 raw 第12页图1·4（1），已改 TikZ	图示（原PDF第12页）	tex/books/平面几何（第一册）.tex:598	155	84	306	0.964	0.036	replaced
books/assets/plane-geometry-1/fig-p0012-05.png	平面几何（第一册）	plane-geometry-1	12	T	high	对照 raw 第12页图1·4（2），已改 TikZ	图1-4	tex/books/平面几何（第一册）.tex:614	145	86	319	0.955	0.045	replaced
books/assets/plane-geometry-1/fig-p0013-01.png	平面几何（第一册）	plane-geometry-1	13	T	high	对照 raw 第13页图1·5，已改 TikZ	图1-5	tex/books/平面几何（第一册）.tex:641	282	78	496	0.959	0.041	replaced
books/assets/plane-geometry-1/fig-p0013-02.png	平面几何（第一册）	plane-geometry-1	13	T	high	对照 raw 第13页图1·6，已改 TikZ	图1-6	tex/books/平面几何（第一册）.tex:674	275	129	695	0.973	0.027	replaced
books/assets/plane-geometry-1/fig-p0013-03.png	平面几何（第一册）	plane-geometry-1	13	T	high	对照 raw 第13页图1·7（1），已改 TikZ	(1)	tex/books/平面几何（第一册）.tex:700	149	96	393	0.969	0.031	replaced
books/assets/plane-geometry-1/fig-p0013-04.png	平面几何（第一册）	plane-geometry-1	13	T	high	对照 raw 第13页图1·7（2），已改 TikZ	(2)	tex/books/平面几何（第一册）.tex:717	159	97	451	0.966	0.034	replaced
books/assets/plane-geometry-1/fig-p0014-01.png	平面几何（第一册）	plane-geometry-1	14	T	high	对照 raw 第14页图1·8，已改 TikZ	(1)	tex/books/平面几何（第一册）.tex:738	261	108	590	0.964	0.036	replaced
books/assets/plane-geometry-1/fig-p0015-01.png	平面几何（第一册）	plane-geometry-1	15	T	high	对照 raw 第15页图1·9，已改 TikZ	图1-9	tex/books/平面几何（第一册）.tex:795	355	60	459	0.952	0.048	replaced
books/assets/plane-geometry-1/fig-p0015-02.png	平面几何（第一册）	plane-geometry-1	15	T	high	对照 raw 第15页图1·10，已改 TikZ	图1-10	tex/books/平面几何（第一册）.tex:828	337	56	464	0.950	0.050	replaced
books/assets/plane-geometry-1/fig-p0015-03.png	平面几何（第一册）	plane-geometry-1	15	T	high	对照 raw 第15页图1·11，已改 TikZ	图1-11	tex/books/平面几何（第一册）.tex:862	342	56	471	0.943	0.057	replaced
books/assets/plane-geometry-1/fig-p0015-04.png	平面几何（第一册）	plane-geometry-1	15	T	low	初分待对照 raw 改轨；正文已取消该 PNG 引用	图1-12	tex/books/平面几何（第一册）.tex:737	197	97	751	0.865	0.135	replaced
books/assets/plane-geometry-1/fig-p0016-01.png	平面几何（第一册）	plane-geometry-1	16	T	medium	高留白线稿；正文已取消该 PNG 引用	(1)	tex/books/平面几何（第一册）.tex:745	118	292	1306	0.928	0.072	replaced
books/assets/plane-geometry-1/fig-p0016-02.png	平面几何（第一册）	plane-geometry-1	16	T	medium	高留白线稿	(2)	tex/books/平面几何（第一册）.tex:753	177	330	1430	0.929	0.071	pending
books/assets/plane-geometry-1/fig-p0016-03.png	平面几何（第一册）	plane-geometry-1	16	T	low	初分待对照 raw 改轨	图1-14	tex/books/平面几何（第一册）.tex:763	133	159	718	0.907	0.093	pending
books/assets/plane-geometry-1/fig-p0016-04.png	平面几何（第一册）	plane-geometry-1	16	V	low	初分待对照 raw 改轨	图1-15	tex/books/平面几何（第一册）.tex:771	215	152	974	0.846	0.154	pending
books/assets/plane-geometry-1/fig-p0017-01.png	平面几何（第一册）	plane-geometry-1	17	T	high	对照 raw 第17页图1·16，已改 TikZ	图1-16	tex/books/平面几何（第一册）.tex:963	409	90	619	0.958	0.042	replaced
books/assets/plane-geometry-1/fig-p0017-02.png	平面几何（第一册）	plane-geometry-1	17	T	high	对照 raw 第17页图1·17，已改 TikZ	图1-17	tex/books/平面几何（第一册）.tex:1010	540	82	876	0.940	0.060	replaced
books/assets/plane-geometry-1/fig-p0018-01.png	平面几何（第一册）	plane-geometry-1	18	T	low	初分待对照 raw 改轨	图1-18	tex/books/平面几何（第一册）.tex:834	231	280	1904	0.896	0.104	pending
books/assets/plane-geometry-1/fig-p0018-02.png	平面几何（第一册）	plane-geometry-1	18	T	high	对照 raw 第18页图1·19（1），已改 TikZ	(1)	tex/books/平面几何（第一册）.tex:1077	332	162	850	0.966	0.034	replaced
books/assets/plane-geometry-1/fig-p0018-03.png	平面几何（第一册）	plane-geometry-1	18	T	high	对照 raw 第18页图1·19（2），已改 TikZ	(2)	tex/books/平面几何（第一册）.tex:1105	345	165	999	0.963	0.037	replaced
books/assets/plane-geometry-1/fig-p0019-01.png	平面几何（第一册）	plane-geometry-1	19	T	high	对照 raw 第19页图1·20，已改 TikZ	图1-20	tex/books/平面几何（第一册）.tex:866	393	50	522	0.918	0.082	replaced
books/assets/plane-geometry-1/fig-p0019-02.png	平面几何（第一册）	plane-geometry-1	19	T	high	对照 raw 第19页图1·21，已改 TikZ	图1-21	tex/books/平面几何（第一册）.tex:903	458	137	1265	0.904	0.096	replaced
books/assets/plane-geometry-1/fig-p0020-01.png	平面几何（第一册）	plane-geometry-1	20	T	high	对照 raw 第20页图1·22左（线段AB、CD），已改 TikZ	图示（原PDF第20页）	tex/books/平面几何（第一册）.tex:937	243	98	570	0.943	0.057	replaced
books/assets/plane-geometry-1/fig-p0020-02.png	平面几何（第一册）	plane-geometry-1	20	T	high	对照 raw 第20页图1·22右，已改 TikZ	图1-22	tex/books/平面几何（第一册）.tex:943	237	79	623	0.909	0.091	replaced
books/assets/plane-geometry-1/fig-p0020-03.png	平面几何（第一册）	plane-geometry-1	20	T	high	对照 raw 第20页第4题，已改 TikZ	线段 AD 上依次标有 A、B、C、D 四点（第4题）	tex/books/平面几何（第一册）.tex:966	347	44	369	0.922	0.078	replaced
books/assets/plane-geometry-1/fig-p0021-01.png	平面几何（第一册）	plane-geometry-1	21	T	high	对照 raw 第21页第6题，已改 TikZ	线段 AB 及其中点 M（第6题）	tex/books/平面几何（第一册）.tex:1010	190	44	304	0.930	0.070	replaced
books/assets/plane-geometry-1/fig-p0021-02.png	平面几何（第一册）	plane-geometry-1	21	T	high	对照 raw 第21页第10题，已改 TikZ	同一直线上的 A、C、B、D 四点（第10题）	tex/books/平面几何（第一册）.tex:1035	268	42	344	0.921	0.079	replaced
books/assets/plane-geometry-1/fig-p0021-03.png	平面几何（第一册）	plane-geometry-1	21	T	high	对照 raw 第21页第11题，已改 TikZ	(第11题)	tex/books/平面几何（第一册）.tex:1048	307	60	485	0.934	0.066	replaced
books/assets/plane-geometry-1/fig-p0022-01.png	平面几何（第一册）	plane-geometry-1	22	T	high	对照 raw 第22页图1·23，已改 TikZ	图1·23	tex/books/平面几何（第一册）.tex:1062	163	159	988	0.931	0.069	replaced
books/assets/plane-geometry-1/fig-p0022-02.png	平面几何（第一册）	plane-geometry-1	22	T	low	初分待对照 raw 改轨	图1·24	tex/books/平面几何（第一册）.tex:1070	178	162	1141	0.898	0.102	pending
books/assets/plane-geometry-1/fig-p0023-01.png	平面几何（第一册）	plane-geometry-1	23	T	high	对照 raw 第23页图1·25，已改 TikZ	图1-25	tex/books/平面几何（第一册）.tex:1099	250	136	1105	0.935	0.065	replaced
books/assets/plane-geometry-1/fig-p0024-01.png	平面几何（第一册）	plane-geometry-1	24	T	high	对照 raw 第24页图1·26，已改 TikZ	图1-26	tex/books/平面几何（第一册）.tex:1160	185	130	589	0.955	0.045	replaced
books/assets/plane-geometry-1/fig-p0024-02.png	平面几何（第一册）	plane-geometry-1	24	T	high	对照 raw 第24页图1·27，已改 TikZ	图1-27	tex/books/平面几何（第一册）.tex:1168	257	155	906	0.965	0.035	replaced
books/assets/plane-geometry-1/fig-p0024-03.png	平面几何（第一册）	plane-geometry-1	24	T	low	初分待对照 raw 改轨	图1-28	tex/books/平面几何（第一册）.tex:1184	193	120	1179	0.890	0.110	pending
books/assets/plane-geometry-1/fig-p0024-04.png	平面几何（第一册）	plane-geometry-1	24	T	high	对照 raw 第24页卡钳图示，已改 TikZ	图示（原PDF第24页）	tex/books/平面几何（第一册）.tex:1192	70	114	420	0.912	0.088	replaced
books/assets/plane-geometry-1/fig-p0024-05.png	平面几何（第一册）	plane-geometry-1	24	T	high	对照 raw 第24页图1·29，已改 TikZ	图1-29	tex/books/平面几何（第一册）.tex:1198	141	101	476	0.952	0.048	replaced
books/assets/plane-geometry-1/fig-p0025-01.png	平面几何（第一册）	plane-geometry-1	25	T	high	对照 raw 第25页图1·30，已改 TikZ	图 1·30	tex/books/平面几何（第一册）.tex:1214	196	60	360	0.948	0.052	replaced
books/assets/plane-geometry-1/fig-p0025-02.png	平面几何（第一册）	plane-geometry-1	25	T	high	对照 raw 第25页图1·31，已改 TikZ	图 1·31	tex/books/平面几何（第一册）.tex:1222	131	63	423	0.933	0.067	replaced
books/assets/plane-geometry-1/fig-p0025-03.png	平面几何（第一册）	plane-geometry-1	25	T	high	对照 raw 第25页图1·32，已改 TikZ	图 1·32	tex/books/平面几何（第一册）.tex:1241	187	135	789	0.944	0.056	replaced
books/assets/plane-geometry-1/fig-p0025-04.png	平面几何（第一册）	plane-geometry-1	25	T	high	对照 raw 第25页图1·33，已改 TikZ	图 1·33	tex/books/平面几何（第一册）.tex:1249	200	140	829	0.942	0.058	replaced
books/assets/plane-geometry-1/fig-p0026-01.png	平面几何（第一册）	plane-geometry-1	26	T	high	对照 raw 第26页第2题，已改 TikZ	(第2题)	tex/books/平面几何（第一册）.tex:1275	206	149	715	0.956	0.044	replaced
books/assets/plane-geometry-1/fig-p0026-02.png	平面几何（第一册）	plane-geometry-1	26	T	high	对照 raw 第26页第3题，已改 TikZ	(第3题)	tex/books/平面几何（第一册）.tex:1283	184	173	1009	0.926	0.074	replaced
books/assets/plane-geometry-1/fig-p0026-03.png	平面几何（第一册）	plane-geometry-1	26	T	medium	高留白线稿	图1.34	tex/books/平面几何（第一册）.tex:1297	478	156	1387	0.960	0.040	pending
books/assets/plane-geometry-1/fig-p0027-01.png	平面几何（第一册）	plane-geometry-1	27	T	high	对照 raw 第27页图1·35，已改 TikZ	图1-35	tex/books/平面几何（第一册）.tex:1315	472	160	2163	0.940	0.060	replaced
books/assets/plane-geometry-1/fig-p0027-02.png	平面几何（第一册）	plane-geometry-1	27	P	medium	疑似网纹或照片	图1·38	tex/books/平面几何（第一册）.tex:1323	503	162	2572	0.908	0.092	pending
books/assets/plane-geometry-1/fig-p0028-01.png	平面几何（第一册）	plane-geometry-1	28	V	low	初分待对照 raw 改轨	图1-37	tex/books/平面几何（第一册）.tex:1344	310	186	3635	0.820	0.180	pending
books/assets/plane-geometry-1/fig-p0028-02.png	平面几何（第一册）	plane-geometry-1	28	T	low	初分待对照 raw 改轨	图1-38	tex/books/平面几何（第一册）.tex:1357	348	206	3772	0.861	0.139	pending
books/assets/plane-geometry-1/fig-p0028-03.png	平面几何（第一册）	plane-geometry-1	28	V	low	初分待对照 raw 改轨	图1-39	tex/books/平面几何（第一册）.tex:1370	352	181	3849	0.806	0.194	pending
books/assets/plane-geometry-1/fig-p0029-01.png	平面几何（第一册）	plane-geometry-1	29	T	high	对照 raw 第29页图1·40左侧分角1、2、3，已改 TikZ	图示（原PDF第29页）	tex/books/平面几何（第一册）.tex:1384	204	88	582	0.929	0.071	replaced
books/assets/plane-geometry-1/fig-p0029-02.png	平面几何（第一册）	plane-geometry-1	29	T	high	对照 raw 第29页图1·40，已改 TikZ	图 1·40	tex/books/平面几何（第一册）.tex:1390	185	153	857	0.931	0.069	replaced
books/assets/plane-geometry-1/fig-p0029-03.png	平面几何（第一册）	plane-geometry-1	29	T	high	对照 raw 第29页图1·41左侧分角4与5，已改 TikZ	图示（原PDF第29页）	tex/books/平面几何（第一册）.tex:1404	149	204	773	0.943	0.057	replaced
books/assets/plane-geometry-1/fig-p0029-04.png	平面几何（第一册）	plane-geometry-1	29	T	high	对照 raw 第29页图1·41中图，已改 TikZ	图示（原PDF第29页）	tex/books/平面几何（第一册）.tex:1410	180	145	749	0.939	0.061	replaced
books/assets/plane-geometry-1/fig-p0029-05.png	平面几何（第一册）	plane-geometry-1	29	T	high	对照 raw 第29页图1·41，已改 TikZ	图 1·41	tex/books/平面几何（第一册）.tex:1416	199	145	811	0.940	0.060	replaced
books/assets/plane-geometry-1/fig-p0030-01.png	平面几何（第一册）	plane-geometry-1	30	T	high	对照 raw 第30页图1·42，已改 TikZ	图1-42	tex/books/平面几何（第一册）.tex:1437	311	148	1065	0.939	0.061	replaced
books/assets/plane-geometry-1/fig-p0030-02.png	平面几何（第一册）	plane-geometry-1	30	T	high	对照 raw 第30页图1·43，已改 TikZ	图1-43	tex/books/平面几何（第一册）.tex:1447	203	177	1112	0.934	0.066	replaced
books/assets/plane-geometry-1/fig-p0030-03.png	平面几何（第一册）	plane-geometry-1	30	T	high	对照 raw 第30页图1·44，已改 TikZ	图1-44	tex/books/平面几何（第一册）.tex:1455	204	150	811	0.949	0.051	replaced
books/assets/plane-geometry-1/fig-p0031-01.png	平面几何（第一册）	plane-geometry-1	31	T	high	对照 raw 第31页图1·45，已改 TikZ	图 1·45	tex/books/平面几何（第一册）.tex:1474	232	133	522	0.943	0.057	replaced
books/assets/plane-geometry-1/fig-p0031-02.png	平面几何（第一册）	plane-geometry-1	31	T	high	对照 raw 第31页图1·46，已改 TikZ	图1-48	tex/books/平面几何（第一册）.tex:1499	555	162	1551	0.968	0.032	replaced
books/assets/plane-geometry-1/fig-p0031-03.png	平面几何（第一册）	plane-geometry-1	31	V	low	初分待对照 raw 改轨	图示（原PDF第31页）	tex/books/平面几何（第一册）.tex:1507	63	62	314	0.811	0.189	pending
books/assets/plane-geometry-1/fig-p0032-01.png	平面几何（第一册）	plane-geometry-1	32	T	high	对照 raw 第32页图1·47，已改 TikZ	图1-47	tex/books/平面几何（第一册）.tex:1517	142	105	604	0.927	0.073	replaced
books/assets/plane-geometry-1/fig-p0032-02.png	平面几何（第一册）	plane-geometry-1	32	T	high	对照 raw 第32页图1·48，已改 TikZ	图1-48	tex/books/平面几何（第一册）.tex:1545	279	126	830	0.954	0.046	replaced
books/assets/plane-geometry-1/fig-p0032-03.png	平面几何（第一册）	plane-geometry-1	32	T	high	对照 raw 第32页图1·49，已改 TikZ	图1-49	tex/books/平面几何（第一册）.tex:1553	259	181	981	0.962	0.038	replaced
books/assets/plane-geometry-1/fig-p0033-01.png	平面几何（第一册）	plane-geometry-1	33	T	low	初分待对照 raw 改轨	图1-50	tex/books/平面几何（第一册）.tex:1590	271	165	1943	0.871	0.129	pending
books/assets/plane-geometry-1/fig-p0033-02.png	平面几何（第一册）	plane-geometry-1	33	T	high	对照 raw 第33页图1·51，已改 TikZ	图1-51	tex/books/平面几何（第一册）.tex:1598	154	164	640	0.949	0.051	replaced
books/assets/plane-geometry-1/fig-p0034-01.png	平面几何（第一册）	plane-geometry-1	34	T	high	对照 raw 第34页第1题，已改 TikZ	(第1题)	tex/books/平面几何（第一册）.tex:1651	157	115	673	0.931	0.069	replaced
books/assets/plane-geometry-1/fig-p0034-02.png	平面几何（第一册）	plane-geometry-1	34	T	high	对照 raw 第34页第2题，已改 TikZ	(第2题)	tex/books/平面几何（第一册）.tex:1669	182	171	988	0.934	0.066	replaced
books/assets/plane-geometry-1/fig-p0034-03.png	平面几何（第一册）	plane-geometry-1	34	T	high	对照 raw 第34页第3题，已改 TikZ	(第3题)	tex/books/平面几何（第一册）.tex:1677	209	148	664	0.952	0.048	replaced
books/assets/plane-geometry-1/fig-p0034-04.png	平面几何（第一册）	plane-geometry-1	34	T	high	对照 raw 第34页第6题，已改 TikZ	(第6题)	tex/books/平面几何（第一册）.tex:1715	190	111	653	0.931	0.069	replaced
books/assets/plane-geometry-1/fig-p0035-01.png	平面几何（第一册）	plane-geometry-1	35	T	high	对照 raw 第35页第8题，已改 TikZ	(第8题)	tex/books/平面几何（第一册）.tex:1732	270	277	1641	0.954	0.046	replaced
books/assets/plane-geometry-1/fig-p0035-02.png	平面几何（第一册）	plane-geometry-1	35	T	high	对照 raw 第35页第10题，已改 TikZ	(第10题)	tex/books/平面几何（第一册）.tex:1750	240	164	1024	0.951	0.049	replaced
books/assets/plane-geometry-1/fig-p0035-03.png	平面几何（第一册）	plane-geometry-1	35	T	low	初分待对照 raw 改轨	(第 16 题)	tex/books/平面几何（第一册）.tex:1772	159	152	999	0.904	0.096	pending
books/assets/plane-geometry-1/fig-p0036-01.png	平面几何（第一册）	plane-geometry-1	36	T	high	对照 raw 第36页图1·52，已改 TikZ	图 1·52	tex/books/平面几何（第一册）.tex:1799	173	158	450	0.962	0.038	replaced
books/assets/plane-geometry-1/fig-p0036-02.png	平面几何（第一册）	plane-geometry-1	36	T	high	对照 raw 第36页图1·53，已改 TikZ	图1·53	tex/books/平面几何（第一册）.tex:1812	186	163	536	0.969	0.031	replaced
books/assets/plane-geometry-1/fig-p0037-01.png	平面几何（第一册）	plane-geometry-1	37	T	high	对照 raw 第37页P点在AB外，已改 TikZ	P点在AB外	tex/books/平面几何（第一册）.tex:1829	194	173	654	0.948	0.052	replaced
books/assets/plane-geometry-1/fig-p0037-02.png	平面几何（第一册）	plane-geometry-1	37	T	high	对照 raw 第37页R点在CD上，已改 TikZ	R点在CD上	tex/books/平面几何（第一册）.tex:1837	225	199	1125	0.957	0.043	replaced
books/assets/plane-geometry-1/fig-p0037-03.png	平面几何（第一册）	plane-geometry-1	37	T	high	对照 raw 第37页曲尺，已改 TikZ	图示（原PDF第37页）	tex/books/平面几何（第一册）.tex:1856	271	144	1269	0.884	0.116	replaced
books/assets/plane-geometry-1/fig-p0037-04.png	平面几何（第一册）	plane-geometry-1	37	T	high	对照 raw 第37页图1·55，已改 TikZ	图1-55	tex/books/平面几何（第一册）.tex:1862	228	123	660	0.917	0.083	replaced
books/assets/plane-geometry-1/fig-p0037-05.png	平面几何（第一册）	plane-geometry-1	37	T	high	对照 raw 第37页图1·56，已改 TikZ	图 1.56	tex/books/平面几何（第一册）.tex:1870	194	156	501	0.965	0.035	replaced
books/assets/plane-geometry-1/fig-p0037-06.png	平面几何（第一册）	plane-geometry-1	37	T	high	对照 raw 第37页图1·57，已改 TikZ	图 1·57	tex/books/平面几何（第一册）.tex:1878	223	145	774	0.900	0.100	replaced
books/assets/plane-geometry-1/fig-p0038-01.png	平面几何（第一册）	plane-geometry-1	38	T	high	对照 raw 第38页图1·58（1），已改 TikZ	(1)	tex/books/平面几何（第一册）.tex:1898	137	146	648	0.884	0.116	replaced
books/assets/plane-geometry-1/fig-p0038-02.png	平面几何（第一册）	plane-geometry-1	38	T	high	对照 raw 第38页图1·58（2），已改 TikZ	(2)	tex/books/平面几何（第一册）.tex:1906	182	144	732	0.901	0.099	replaced
books/assets/plane-geometry-1/fig-p0038-03.png	平面几何（第一册）	plane-geometry-1	38	T	high	对照 raw 第38页图1·59，已改 TikZ	图1-59	tex/books/平面几何（第一册）.tex:1916	250	216	1175	0.947	0.053	replaced
books/assets/plane-geometry-1/fig-p0039-01.png	平面几何（第一册）	plane-geometry-1	39	T	high	对照 raw 第39页第1题，已改 TikZ	(第1题)	tex/books/平面几何（第一册）.tex:1980	355	135	760	0.970	0.030	replaced
books/assets/plane-geometry-1/fig-p0039-02.png	平面几何（第一册）	plane-geometry-1	39	T	high	对照 raw 第39页第3题，已改 TikZ	(第3题)	tex/books/平面几何（第一册）.tex:3115	223	134	540	0.942	0.058	replaced
books/assets/plane-geometry-1/fig-p0040-01.png	平面几何（第一册）	plane-geometry-1	40	T	high	对照 raw 第40页第4题，已改 TikZ	(第4题)	tex/books/平面几何（第一册）.tex:3162	216	138	545	0.965	0.035	replaced
books/assets/plane-geometry-1/fig-p0040-02.png	平面几何（第一册）	plane-geometry-1	40	T	high	对照 raw 第40页第6题，已改 TikZ	(第6题)	tex/books/平面几何（第一册）.tex:3184	186	175	527	0.969	0.031	replaced
books/assets/plane-geometry-1/fig-p0040-03.png	平面几何（第一册）	plane-geometry-1	40	T	high	对照 raw 第40页图1·60，已改 TikZ	图1-80	tex/books/平面几何（第一册）.tex:3250	190	164	626	0.951	0.049	replaced
books/assets/plane-geometry-1/fig-p0041-01.png	平面几何（第一册）	plane-geometry-1	41	T	high	对照 raw 第41页图1·61，已改 TikZ	图1-61	tex/books/平面几何（第一册）.tex:3289	320	176	941	0.972	0.028	replaced
books/assets/plane-geometry-1/fig-p0042-01.png	平面几何（第一册）	plane-geometry-1	42	T	high	对照 raw 第42页图1·62，已改 TikZ	图1-62	tex/books/平面几何（第一册）.tex:3321	231	141	894	0.950	0.050	replaced
books/assets/plane-geometry-1/fig-p0042-02.png	平面几何（第一册）	plane-geometry-1	42	T	high	对照 raw 第42页图1·63，已改 TikZ	图1-63	tex/books/平面几何（第一册）.tex:3341	231	143	942	0.942	0.058	replaced
books/assets/plane-geometry-1/fig-p0043-01.png	平面几何（第一册）	plane-geometry-1	43	T	high	对照 raw 第43页图1·64，已改 TikZ	图1-64	tex/books/平面几何（第一册）.tex:3433	222	147	668	0.930	0.070	replaced
books/assets/plane-geometry-1/fig-p0043-02.png	平面几何（第一册）	plane-geometry-1	43	T	high	对照 raw 第43页图1·65，已改 TikZ	图1-65	tex/books/平面几何（第一册）.tex:3458	243	102	713	0.931	0.069	replaced
books/assets/plane-geometry-1/fig-p0044-01.png	平面几何（第一册）	plane-geometry-1	44	T	high	对照 raw 第44页第1题，已改 TikZ	(第1题)	tex/books/平面几何（第一册）.tex:3505	208	160	697	0.959	0.041	replaced
books/assets/plane-geometry-1/fig-p0044-02.png	平面几何（第一册）	plane-geometry-1	44	T	high	对照 raw 第44页线稿，已改 TikZ	(第5题)	tex/books/平面几何（第一册）.tex:2306	210	162	755	0.956	0.044	replaced
books/assets/plane-geometry-1/fig-p0044-03.png	平面几何（第一册）	plane-geometry-1	44	T	high	对照 raw 第44页线稿，已改 TikZ	(第7题)	tex/books/平面几何（第一册）.tex:2314	191	162	1139	0.943	0.057	replaced
books/assets/plane-geometry-1/fig-p0045-01.png	平面几何（第一册）	plane-geometry-1	45	T	high	对照 raw 第45页线稿，已改 TikZ	(第9题)	tex/books/平面几何（第一册）.tex:2335	244	196	1004	0.960	0.040	replaced
books/assets/plane-geometry-1/fig-p0045-02.png	平面几何（第一册）	plane-geometry-1	45	T	high	对照 raw 第45页线稿，已改 TikZ	(第10题)	tex/books/平面几何（第一册）.tex:2343	202	222	1123	0.956	0.044	replaced
books/assets/plane-geometry-1/fig-p0045-03.png	平面几何（第一册）	plane-geometry-1	45	T	high	对照 raw 第45页线稿，已改 TikZ	(第11题)	tex/books/平面几何（第一册）.tex:2362	193	133	778	0.959	0.041	replaced
books/assets/plane-geometry-1/fig-p0045-04.png	平面几何（第一册）	plane-geometry-1	45	T	high	对照 raw 第45页线稿，已改 TikZ	(第12题)	tex/books/平面几何（第一册）.tex:2370	209	146	880	0.942	0.058	replaced
books/assets/plane-geometry-1/fig-p0045-05.png	平面几何（第一册）	plane-geometry-1	45	T	high	对照 raw 第45页线稿，已改 TikZ	图示（原PDF第45页）	tex/books/平面几何（第一册）.tex:2384	233	215	986	0.948	0.052	replaced
books/assets/plane-geometry-1/fig-p0046-01.png	平面几何（第一册）	plane-geometry-1	46	T	high	对照 raw 第46页线稿，已改 TikZ	图1-66	tex/books/平面几何（第一册）.tex:2399	402	129	1272	0.955	0.045	replaced
books/assets/plane-geometry-1/fig-p0046-02.png	平面几何（第一册）	plane-geometry-1	46	V	low	初分待对照 raw 改轨	图1-67	tex/books/平面几何（第一册）.tex:2410	432	208	3317	0.841	0.159	pending
books/assets/plane-geometry-1/fig-p0047-01.png	平面几何（第一册）	plane-geometry-1	47	T	high	对照 raw 第47页线稿，已改 TikZ	图1-68	tex/books/平面几何（第一册）.tex:2426	276	126	413	0.950	0.050	replaced
books/assets/plane-geometry-1/fig-p0047-02.png	平面几何（第一册）	plane-geometry-1	47	T	high	对照 raw 第47页线稿，已改 TikZ	图1-69	tex/books/平面几何（第一册）.tex:2441	208	203	842	0.954	0.046	replaced
books/assets/plane-geometry-1/fig-p0048-01.png	平面几何（第一册）	plane-geometry-1	48	T	high	对照 raw 第48页线稿，已改 TikZ	(1)	tex/books/平面几何（第一册）.tex:2464	135	129	619	0.920	0.080	replaced
books/assets/plane-geometry-1/fig-p0048-02.png	平面几何（第一册）	plane-geometry-1	48	T	high	对照 raw 第48页线稿，已改 TikZ	(2)	tex/books/平面几何（第一册）.tex:2472	180	139	999	0.867	0.133	replaced
books/assets/plane-geometry-1/fig-p0048-03.png	平面几何（第一册）	plane-geometry-1	48	T	high	对照 raw 第48页线稿，已改 TikZ	(3)	tex/books/平面几何（第一册）.tex:2480	133	125	833	0.889	0.111	replaced
books/assets/plane-geometry-1/fig-p0048-04.png	平面几何（第一册）	plane-geometry-1	48	T	high	对照 raw 第48页线稿，已改 TikZ	图1·71	tex/books/平面几何（第一册）.tex:2492	209	171	1075	0.930	0.070	replaced
books/assets/plane-geometry-1/fig-p0049-01.png	平面几何（第一册）	plane-geometry-1	49	T	medium	高留白线稿	图示（原PDF第49页）	tex/books/平面几何（第一册）.tex:2516	379	358	4139	0.928	0.072	pending
books/assets/plane-geometry-1/fig-p0049-02.png	平面几何（第一册）	plane-geometry-1	49	P	medium	疑似网纹或照片	图示（原PDF第49页）	tex/books/平面几何（第一册）.tex:2522	187	184	1527	0.891	0.109	pending
books/assets/plane-geometry-1/fig-p0049-03.png	平面几何（第一册）	plane-geometry-1	49	T	low	初分待对照 raw 改轨	图示（原PDF第49页）	tex/books/平面几何（第一册）.tex:2528	177	184	1390	0.904	0.096	pending
books/assets/plane-geometry-1/fig-p0049-04.png	平面几何（第一册）	plane-geometry-1	49	T	high	对照 raw 第49页线稿，已改 TikZ	图1·72	tex/books/平面几何（第一册）.tex:2534	348	163	1438	0.951	0.049	replaced
books/assets/plane-geometry-1/fig-p0050-01.png	平面几何（第一册）	plane-geometry-1	50	T	high	对照 raw 第50页线稿，已改 TikZ	图1-73	tex/books/平面几何（第一册）.tex:2557	426	399	3372	0.920	0.080	replaced
books/assets/plane-geometry-1/fig-p0051-01.png	平面几何（第一册）	plane-geometry-1	51	T	high	对照 raw 线框，已改 TikZ	图1-74	tex/books/平面几何（第一册）.tex:2599	207	188	814	0.953	0.047	replaced
books/assets/plane-geometry-1/fig-p0052-01.png	平面几何（第一册）	plane-geometry-1	52	T	high	对照 raw 线框，已改 TikZ	图1·75	tex/books/平面几何（第一册）.tex:2633	452	147	1441	0.938	0.062	replaced
books/assets/plane-geometry-1/fig-p0053-01.png	平面几何（第一册）	plane-geometry-1	53	V	low	初分待对照 raw 改轨	(1)	tex/books/平面几何（第一册）.tex:2648	148	153	1010	0.775	0.225	pending
books/assets/plane-geometry-1/fig-p0053-02.png	平面几何（第一册）	plane-geometry-1	53	V	low	初分待对照 raw 改轨	(2)	tex/books/平面几何（第一册）.tex:2656	224	157	1345	0.842	0.158	pending
books/assets/plane-geometry-1/fig-p0053-03.png	平面几何（第一册）	plane-geometry-1	53	V	low	初分待对照 raw 改轨	(3)	tex/books/平面几何（第一册）.tex:2664	225	106	1030	0.783	0.217	pending
books/assets/plane-geometry-1/fig-p0054-01.png	平面几何（第一册）	plane-geometry-1	54	T	high	对照 raw 线框，已改 TikZ	图1-76	tex/books/平面几何（第一册）.tex:2689	281	164	943	0.922	0.078	replaced
books/assets/plane-geometry-1/fig-p0054-02.png	平面几何（第一册）	plane-geometry-1	54	V	low	初分待对照 raw 改轨	图1-76	tex/books/平面几何（第一册）.tex:2707	255	135	1055	0.799	0.201	pending
books/assets/plane-geometry-1/fig-p0055-01.png	平面几何（第一册）	plane-geometry-1	55	T	high	对照 raw 线框，已改 TikZ	图 1·77	tex/books/平面几何（第一册）.tex:2745	203	191	808	0.951	0.049	replaced
books/assets/plane-geometry-1/fig-p0055-02.png	平面几何（第一册）	plane-geometry-1	55	T	high	对照 raw 线框，已改 TikZ	图 1·78	tex/books/平面几何（第一册）.tex:2753	184	184	1025	0.941	0.059	replaced
books/assets/plane-geometry-1/fig-p0055-03.png	平面几何（第一册）	plane-geometry-1	55	T	high	对照 raw 线框，已改 TikZ	图1·79	tex/books/平面几何（第一册）.tex:2769	203	225	1087	0.932	0.068	replaced
books/assets/plane-geometry-1/fig-p0056-01.png	平面几何（第一册）	plane-geometry-1	56	T	low	初分待对照 raw 改轨	图 1·80	tex/books/平面几何（第一册）.tex:2780	326	354	3031	0.917	0.083	pending
books/assets/plane-geometry-1/fig-p0056-02.png	平面几何（第一册）	plane-geometry-1	56	T	high	对照 raw 线框，已改 TikZ	(第1题)	tex/books/平面几何（第一册）.tex:2809	219	168	841	0.932	0.068	replaced
books/assets/plane-geometry-1/fig-p0057-01.png	平面几何（第一册）	plane-geometry-1	57	T	high	对照 raw 线框，已改 TikZ	(第2题)	tex/books/平面几何（第一册）.tex:2826	251	185	761	0.973	0.027	replaced
books/assets/plane-geometry-1/fig-p0057-02.png	平面几何（第一册）	plane-geometry-1	57	T	high	对照 raw 线框，已改 TikZ	(第3题)	tex/books/平面几何（第一册）.tex:2834	139	177	887	0.922	0.078	replaced
books/assets/plane-geometry-1/fig-p0057-03.png	平面几何（第一册）	plane-geometry-1	57	T	high	对照 raw 线框，已改 TikZ	(第4题)	tex/books/平面几何（第一册）.tex:2858	202	174	691	0.940	0.060	replaced
books/assets/plane-geometry-1/fig-p0057-04.png	平面几何（第一册）	plane-geometry-1	57	T	high	对照 raw 线框，已改 TikZ	(第6题)	tex/books/平面几何（第一册）.tex:2866	200	172	797	0.952	0.048	replaced
books/assets/plane-geometry-1/fig-p0058-01.png	平面几何（第一册）	plane-geometry-1	58	T	high	对照 raw 线框，已改 TikZ	(第8题)	tex/books/平面几何（第一册）.tex:2917	196	171	936	0.942	0.058	replaced
books/assets/plane-geometry-1/fig-p0058-02.png	平面几何（第一册）	plane-geometry-1	58	T	high	对照 raw 线框，已改 TikZ	(第9题)	tex/books/平面几何（第一册）.tex:2925	211	130	711	0.931	0.069	replaced
books/assets/plane-geometry-1/fig-p0059-01.png	平面几何（第一册）	plane-geometry-1	59	T	high	对照 raw 线框，已改 TikZ	图1-81	tex/books/平面几何（第一册）.tex:2970	227	151	814	0.944	0.056	replaced
books/assets/plane-geometry-1/fig-p0059-02.png	平面几何（第一册）	plane-geometry-1	59	T	high	对照 raw 线框，已改 TikZ	图1-82	tex/books/平面几何（第一册）.tex:2978	198	206	821	0.955	0.045	replaced
books/assets/plane-geometry-1/fig-p0059-03.png	平面几何（第一册）	plane-geometry-1	59	T	high	对照 raw 线框，已改 TikZ	图1-83	tex/books/平面几何（第一册）.tex:3004	191	199	938	0.952	0.048	replaced
books/assets/plane-geometry-1/fig-p0060-01.png	平面几何（第一册）	plane-geometry-1	60	T	high	对照 raw 第60页，已改 TikZ	图1·84	tex/books/平面几何（第一册）.tex:3036	193	201	676	0.954	0.046	replaced
books/assets/plane-geometry-1/fig-p0061-01.png	平面几何（第一册）	plane-geometry-1	61	T	high	对照 raw 第61页，已改 TikZ	图1·85	tex/books/平面几何（第一册）.tex:3062	231	218	862	0.963	0.037	replaced
books/assets/plane-geometry-1/fig-p0061-02.png	平面几何（第一册）	plane-geometry-1	61	T	high	对照 raw 第61页，已改 TikZ	图1-88	tex/books/平面几何（第一册）.tex:3090	213	228	943	0.956	0.044	replaced
books/assets/plane-geometry-1/fig-p0062-01.png	平面几何（第一册）	plane-geometry-1	62	T	high	对照 raw 第62页，已改 TikZ	图 1-88	tex/books/平面几何（第一册）.tex:3143	193	171	423	0.964	0.036	replaced
books/assets/plane-geometry-1/fig-p0063-01.png	平面几何（第一册）	plane-geometry-1	63	T	high	对照 raw 第63页，已改 TikZ	图 1·89	tex/books/平面几何（第一册）.tex:3181	192	136	812	0.937	0.063	replaced
books/assets/plane-geometry-1/fig-p0063-02.png	平面几何（第一册）	plane-geometry-1	63	T	high	对照 raw 第63页，已改 TikZ	图 1·90	tex/books/平面几何（第一册）.tex:3209	191	124	798	0.921	0.079	replaced
books/assets/plane-geometry-1/fig-p0063-03.png	平面几何（第一册）	plane-geometry-1	63	T	high	对照 raw 第63页，已改 TikZ	图1-91	tex/books/平面几何（第一册）.tex:3233	190	179	767	0.943	0.057	replaced
books/assets/plane-geometry-1/fig-p0064-01.png	平面几何（第一册）	plane-geometry-1	64	T	high	对照 raw 第64页，已改 TikZ	(第1题)	tex/books/平面几何（第一册）.tex:3256	212	135	967	0.907	0.093	replaced
books/assets/plane-geometry-1/fig-p0064-02.png	平面几何（第一册）	plane-geometry-1	64	T	high	对照 raw 第64页，已改 TikZ	(第2题)	tex/books/平面几何（第一册）.tex:3264	192	137	850	0.933	0.067	replaced
books/assets/plane-geometry-1/fig-p0064-03.png	平面几何（第一册）	plane-geometry-1	64	T	high	对照 raw 第64页，已改 TikZ	(第3题)	tex/books/平面几何（第一册）.tex:3292	188	114	631	0.935	0.065	replaced
books/assets/plane-geometry-1/fig-p0064-04.png	平面几何（第一册）	plane-geometry-1	64	T	high	对照 raw 第64页，已改 TikZ	(第4题)	tex/books/平面几何（第一册）.tex:3300	197	134	952	0.907	0.093	replaced
books/assets/plane-geometry-1/fig-p0064-05.png	平面几何（第一册）	plane-geometry-1	64	T	high	对照 raw 第64页，已改 TikZ	(第5题)	tex/books/平面几何（第一册）.tex:3322	203	140	1032	0.928	0.072	replaced
books/assets/plane-geometry-1/fig-p0065-01.png	平面几何（第一册）	plane-geometry-1	65	T	high	对照 raw 第65页，已改 TikZ	(第6题)	tex/books/平面几何（第一册）.tex:3364	177	183	840	0.942	0.058	replaced
books/assets/plane-geometry-1/fig-p0065-02.png	平面几何（第一册）	plane-geometry-1	65	T	high	对照 raw 第65页，已改 TikZ	(第7题)	tex/books/平面几何（第一册）.tex:3374	194	168	961	0.945	0.055	replaced
books/assets/plane-geometry-1/fig-p0065-03.png	平面几何（第一册）	plane-geometry-1	65	T	high	对照 raw 第65页，已改 TikZ	(第8题)	tex/books/平面几何（第一册）.tex:3382	199	114	600	0.948	0.052	replaced
books/assets/plane-geometry-1/fig-p0065-04.png	平面几何（第一册）	plane-geometry-1	65	T	low	初分待对照 raw 改轨	(第9题)	tex/books/平面几何（第一册）.tex:3398	259	132	873	0.906	0.094	pending
books/assets/plane-geometry-1/fig-p0065-05.png	平面几何（第一册）	plane-geometry-1	65	T	high	对照 raw 第65页，已改 TikZ	(第10题)	tex/books/平面几何（第一册）.tex:3406	196	132	546	0.941	0.059	replaced
books/assets/plane-geometry-1/fig-p0065-06.png	平面几何（第一册）	plane-geometry-1	65	T	high	对照 raw 第65页，已改 TikZ	(第11题)	tex/books/平面几何（第一册）.tex:3425	196	145	822	0.942	0.058	replaced
books/assets/plane-geometry-1/fig-p0065-07.png	平面几何（第一册）	plane-geometry-1	65	T	high	对照 raw 第65页，已改 TikZ	(第12题)	tex/books/平面几何（第一册）.tex:3433	209	133	658	0.947	0.053	replaced
books/assets/plane-geometry-1/fig-p0066-01.png	平面几何（第一册）	plane-geometry-1	66	T	high	对照 raw 第66页，已改 TikZ	(第14题)	tex/books/平面几何（第一册）.tex:3473	225	125	835	0.942	0.058	replaced
books/assets/plane-geometry-1/fig-p0066-02.png	平面几何（第一册）	plane-geometry-1	66	T	high	对照 raw 第66页，已改 TikZ	(第15题)	tex/books/平面几何（第一册）.tex:3481	217	119	860	0.917	0.083	replaced
books/assets/plane-geometry-1/fig-p0066-03.png	平面几何（第一册）	plane-geometry-1	66	T	high	对照 raw 第66页，已改 TikZ	图1-92	tex/books/平面几何（第一册）.tex:3519	206	168	914	0.944	0.056	replaced
books/assets/plane-geometry-1/fig-p0067-01.png	平面几何（第一册）	plane-geometry-1	67	T	high	对照 raw 第67页，已改 TikZ	图1-93	tex/books/平面几何（第一册）.tex:3540	187	233	1219	0.953	0.047	replaced
books/assets/plane-geometry-1/fig-p0067-02.png	平面几何（第一册）	plane-geometry-1	67	T	high	对照 raw 第67页，已改 TikZ	图1-34	tex/books/平面几何（第一册）.tex:3577	215	162	964	0.932	0.068	replaced
books/assets/plane-geometry-1/fig-p0068-01.png	平面几何（第一册）	plane-geometry-1	68	T	high	对照 raw 第68页，已改 TikZ	(第3题)	tex/books/平面几何（第一册）.tex:3655	183	136	640	0.961	0.039	replaced
books/assets/plane-geometry-1/fig-p0071-01.png	平面几何（第一册）	plane-geometry-1	71	T	high	对照 raw 第71页，已改 TikZ	(第9题)	tex/books/平面几何（第一册）.tex:3794	238	167	1052	0.950	0.050	replaced
books/assets/plane-geometry-1/fig-p0072-01.png	平面几何（第一册）	plane-geometry-1	72	T	medium	高留白线稿	(第11题)	tex/books/平面几何（第一册）.tex:3815	237	198	1195	0.949	0.051	pending
books/assets/plane-geometry-1/fig-p0072-02.png	平面几何（第一册）	plane-geometry-1	72	T	high	对照 raw 第72页，已改 TikZ	(第12题)	tex/books/平面几何（第一册）.tex:3823	218	140	680	0.941	0.059	replaced
books/assets/plane-geometry-1/fig-p0072-03.png	平面几何（第一册）	plane-geometry-1	72	T	high	对照 raw 第72页，已改 TikZ	(第13题)	tex/books/平面几何（第一册）.tex:3844	227	152	889	0.946	0.054	replaced
books/assets/plane-geometry-1/fig-p0072-04.png	平面几何（第一册）	plane-geometry-1	72	T	high	对照 raw 第72页，已改 TikZ	(第14题)	tex/books/平面几何（第一册）.tex:3852	208	120	667	0.935	0.065	replaced
books/assets/plane-geometry-1/fig-p0073-01.png	平面几何（第一册）	plane-geometry-1	73	T	high	对照 raw 第73页，已改 TikZ	(第18题)	tex/books/平面几何（第一册）.tex:3892	221	120	674	0.944	0.056	replaced
books/assets/plane-geometry-1/fig-p0073-02.png	平面几何（第一册）	plane-geometry-1	73	T	high	对照 raw 第73页，已改 TikZ	(第18题)	tex/books/平面几何（第一册）.tex:3900	240	170	999	0.936	0.064	replaced
books/assets/plane-geometry-1/fig-p0073-03.png	平面几何（第一册）	plane-geometry-1	73	T	low	初分待对照 raw 改轨	图示（原PDF第73页）	tex/books/平面几何（第一册）.tex:3918	189	85	651	0.892	0.108	pending
books/assets/plane-geometry-1/fig-p0073-04.png	平面几何（第一册）	plane-geometry-1	73	T	low	初分待对照 raw 改轨	图示（原PDF第73页）	tex/books/平面几何（第一册）.tex:3924	104	109	659	0.860	0.140	pending
books/assets/plane-geometry-1/fig-p0073-05.png	平面几何（第一册）	plane-geometry-1	73	T	high	对照 raw 第73页，已改 TikZ	(第19题)	tex/books/平面几何（第一册）.tex:3930	211	104	703	0.935	0.065	replaced
books/assets/plane-geometry-1/fig-p0073-06.png	平面几何（第一册）	plane-geometry-1	73	T	low	初分待对照 raw 改轨	图示（原PDF第73页）	tex/books/平面几何（第一册）.tex:3946	133	122	839	0.899	0.101	pending
books/assets/plane-geometry-1/fig-p0073-07.png	平面几何（第一册）	plane-geometry-1	73	T	medium	高留白线稿	图示（原PDF第73页）	tex/books/平面几何（第一册）.tex:3952	133	122	668	0.929	0.071	pending
books/assets/plane-geometry-1/fig-p0073-08.png	平面几何（第一册）	plane-geometry-1	73	T	low	初分待对照 raw 改轨	图示（原PDF第73页）	tex/books/平面几何（第一册）.tex:3958	132	122	922	0.889	0.111	pending
books/assets/plane-geometry-1/fig-p0073-09.png	平面几何（第一册）	plane-geometry-1	73	T	high	对照 raw 第73页，已改 TikZ	(第20题)	tex/books/平面几何（第一册）.tex:3964	132	122	880	0.896	0.104	replaced
books/assets/plane-geometry-1/fig-p0074-01.png	平面几何（第一册）	plane-geometry-1	74	T	high	对照 raw 第74页，已改 TikZ	(第7题)	tex/books/平面几何（第一册）.tex:4005	191	132	690	0.932	0.068	replaced
books/assets/plane-geometry-1/fig-p0075-01.png	平面几何（第一册）	plane-geometry-1	75	T	high	对照 raw 第75页，已改 TikZ	(第5题)	tex/books/平面几何（第一册）.tex:4053	193	121	720	0.921	0.079	replaced
books/assets/plane-geometry-1/fig-p0075-02.png	平面几何（第一册）	plane-geometry-1	75	T	high	对照 raw 第75页，已改 TikZ	(第6题)	tex/books/平面几何（第一册）.tex:4061	197	131	677	0.943	0.057	replaced
books/assets/plane-geometry-1/fig-p0075-03.png	平面几何（第一册）	plane-geometry-1	75	T	high	对照 raw 第75页，已改 TikZ	(第7题)	tex/books/平面几何（第一册）.tex:4090	192	118	523	0.954	0.046	replaced
books/assets/plane-geometry-1/fig-p0075-04.png	平面几何（第一册）	plane-geometry-1	75	T	high	对照 raw 第75页，已改 TikZ	(第8题)	tex/books/平面几何（第一册）.tex:4098	244	95	708	0.941	0.059	replaced
books/assets/plane-geometry-1/fig-p0076-01.png	平面几何（第一册）	plane-geometry-1	76	V	low	初分待对照 raw 改轨	图2-1	tex/books/平面几何（第一册）.tex:4126	383	357	5548	0.790	0.210	pending
books/assets/plane-geometry-1/fig-p0077-01.png	平面几何（第一册）	plane-geometry-1	77	T	medium	高留白线稿	图2-2	tex/books/平面几何（第一册）.tex:4141	193	144	761	0.941	0.059	pending
books/assets/plane-geometry-1/fig-p0077-02.png	平面几何（第一册）	plane-geometry-1	77	T	medium	高留白线稿	(1)	tex/books/平面几何（第一册）.tex:4155	211	119	703	0.940	0.060	pending
books/assets/plane-geometry-1/fig-p0077-03.png	平面几何（第一册）	plane-geometry-1	77	T	medium	高留白线稿	(2)	tex/books/平面几何（第一册）.tex:4163	217	131	819	0.927	0.073	pending
books/assets/plane-geometry-1/fig-p0078-01.png	平面几何（第一册）	plane-geometry-1	78	T	medium	高留白线稿	图2·4	tex/books/平面几何（第一册）.tex:4202	296	107	867	0.953	0.047	pending
books/assets/plane-geometry-1/fig-p0078-02.png	平面几何（第一册）	plane-geometry-1	78	T	medium	高留白线稿	(1)	tex/books/平面几何（第一册）.tex:4210	112	154	704	0.931	0.069	pending
books/assets/plane-geometry-1/fig-p0078-03.png	平面几何（第一册）	plane-geometry-1	78	T	medium	高留白线稿	图示（原PDF第78页）	tex/books/平面几何（第一册）.tex:4218	141	92	476	0.946	0.054	pending
books/assets/plane-geometry-1/fig-p0078-04.png	平面几何（第一册）	plane-geometry-1	78	T	medium	高留白线稿	(2)	tex/books/平面几何（第一册）.tex:4224	125	122	527	0.938	0.062	pending
books/assets/plane-geometry-1/fig-p0079-01.png	平面几何（第一册）	plane-geometry-1	79	T	medium	高留白线稿	图2-6	tex/books/平面几何（第一册）.tex:4271	190	155	979	0.941	0.059	pending
books/assets/plane-geometry-1/fig-p0080-01.png	平面几何（第一册）	plane-geometry-1	80	T	high	对照 raw 第80页，已改 TikZ	(第1题)	tex/books/平面几何（第一册）.tex:4313	205	97	827	0.903	0.097	replaced
books/assets/plane-geometry-1/fig-p0080-02.png	平面几何（第一册）	plane-geometry-1	80	T	high	对照 raw 第80页，已改 TikZ	(第9题)	tex/books/平面几何（第一册）.tex:4390	196	146	1019	0.934	0.066	replaced
books/assets/plane-geometry-1/fig-p0081-01.png	平面几何（第一册）	plane-geometry-1	81	T	high	对照 raw 第81页，已改 TikZ	(第10题)	tex/books/平面几何（第一册）.tex:4404	182	161	990	0.941	0.059	replaced
books/assets/plane-geometry-1/fig-p0081-02.png	平面几何（第一册）	plane-geometry-1	81	V	low	初分待对照 raw 改轨	图示（原PDF第81页）	tex/books/平面几何（第一册）.tex:4420	147	78	631	0.844	0.156	pending
books/assets/plane-geometry-1/fig-p0081-03.png	平面几何（第一册）	plane-geometry-1	81	P	medium	疑似网纹或照片	图2-7	tex/books/平面几何（第一册）.tex:4426	195	78	895	0.810	0.190	pending
books/assets/plane-geometry-1/fig-p0081-04.png	平面几何（第一册）	plane-geometry-1	81	T	medium	高留白线稿	图 2·8	tex/books/平面几何（第一册）.tex:4445	229	112	820	0.945	0.055	pending
books/assets/plane-geometry-1/fig-p0082-01.png	平面几何（第一册）	plane-geometry-1	82	T	medium	高留白线稿	图2-8	tex/books/平面几何（第一册）.tex:4487	186	129	710	0.951	0.049	pending
books/assets/plane-geometry-1/fig-p0083-01.png	平面几何（第一册）	plane-geometry-1	83	T	medium	高留白线稿	(1)	tex/books/平面几何（第一册）.tex:4534	147	101	489	0.948	0.052	pending
books/assets/plane-geometry-1/fig-p0083-02.png	平面几何（第一册）	plane-geometry-1	83	T	medium	高留白线稿	直角边	tex/books/平面几何（第一册）.tex:4542	110	135	669	0.922	0.078	pending
books/assets/plane-geometry-1/fig-p0083-03.png	平面几何（第一册）	plane-geometry-1	83	T	medium	高留白线稿	(2)	tex/books/平面几何（第一册）.tex:4550	137	81	409	0.942	0.058	pending
books/assets/plane-geometry-1/fig-p0083-04.png	平面几何（第一册）	plane-geometry-1	83	T	medium	高留白线稿	(3)	tex/books/平面几何（第一册）.tex:4558	166	152	863	0.946	0.054	pending
books/assets/plane-geometry-1/fig-p0083-05.png	平面几何（第一册）	plane-geometry-1	83	T	medium	高留白线稿	图2-11	tex/books/平面几何（第一册）.tex:4583	206	143	919	0.941	0.059	pending
books/assets/plane-geometry-1/fig-p0084-01.png	平面几何（第一册）	plane-geometry-1	84	T	medium	高留白线稿	图2-12	tex/books/平面几何（第一册）.tex:4647	164	136	669	0.940	0.060	pending
books/assets/plane-geometry-1/fig-p0084-02.png	平面几何（第一册）	plane-geometry-1	84	T	medium	高留白线稿	图2-13	tex/books/平面几何（第一册）.tex:4655	172	157	774	0.946	0.054	pending
books/assets/plane-geometry-1/fig-p0085-02.png	平面几何（第一册）	plane-geometry-1	85	T	high	对照 raw 第85页，已改 TikZ	(第2题)	tex/books/平面几何（第一册）.tex:4703	191	160	1012	0.939	0.061	replaced
books/assets/plane-geometry-1/fig-p0085-03.png	平面几何（第一册）	plane-geometry-1	85	T	high	对照 raw 第85页，已改 TikZ	(第6题)	tex/books/平面几何（第一册）.tex:4734	201	98	747	0.919	0.081	replaced
books/assets/plane-geometry-1/fig-p0085-04.png	平面几何（第一册）	plane-geometry-1	85	T	high	对照 raw 第85页，已改 TikZ	(第8题)	tex/books/平面几何（第一册）.tex:4754	195	136	823	0.935	0.065	replaced
books/assets/plane-geometry-1/fig-p0085-05.png	平面几何（第一册）	plane-geometry-1	85	T	high	对照 raw 第85页，已改 TikZ	(第9题)	tex/books/平面几何（第一册）.tex:4762	198	129	864	0.923	0.077	replaced
books/assets/plane-geometry-1/fig-p0086-01.png	平面几何（第一册）	plane-geometry-1	86	T	high	对照 raw 第86页，已改 TikZ	(第10题)	tex/books/平面几何（第一册）.tex:4787	188	111	797	0.933	0.067	replaced
books/assets/plane-geometry-1/fig-p0086-02.png	平面几何（第一册）	plane-geometry-1	86	T	high	对照 raw 第86页，已改 TikZ	(第11题)	tex/books/平面几何（第一册）.tex:4795	237	159	1191	0.945	0.055	replaced
books/assets/plane-geometry-1/fig-p0086-03.png	平面几何（第一册）	plane-geometry-1	86	T	high	对照 raw 第86页，已改 TikZ	(第14题)	tex/books/平面几何（第一册）.tex:4823	203	141	841	0.939	0.061	replaced
books/assets/plane-geometry-1/fig-p0087-01.png	平面几何（第一册）	plane-geometry-1	87	T	high	对照 raw 第87页，已改 TikZ	图2·14	tex/books/平面几何（第一册）.tex:4855	402	152	1404	0.947	0.053	replaced
books/assets/plane-geometry-1/fig-p0087-02.png	平面几何（第一册）	plane-geometry-1	87	T	high	对照 raw 第87页，已改 TikZ	图2-15	tex/books/平面几何（第一册）.tex:4863	423	160	1802	0.942	0.058	replaced
books/assets/plane-geometry-1/fig-p0087-03.png	平面几何（第一册）	plane-geometry-1	87	T	high	对照 raw 第87页，已改 TikZ	图2-16	tex/books/平面几何（第一册）.tex:4874	216	179	1130	0.942	0.058	replaced
books/assets/plane-geometry-1/fig-p0088-01.png	平面几何（第一册）	plane-geometry-1	88	T	high	对照 raw 第88页，已改 TikZ	图2-17	tex/books/平面几何（第一册）.tex:4929	179	146	841	0.899	0.101	replaced
books/assets/plane-geometry-1/fig-p0088-02.png	平面几何（第一册）	plane-geometry-1	88	T	high	对照 raw 第88页，已改 TikZ	图2-18	tex/books/平面几何（第一册）.tex:4937	243	170	1168	0.936	0.064	replaced
books/assets/plane-geometry-1/fig-p0089-01.png	平面几何（第一册）	plane-geometry-1	89	V	low	初分待对照 raw 改轨	图示（原PDF第89页）	tex/books/平面几何（第一册）.tex:4950	132	282	1639	0.831	0.169	pending
books/assets/plane-geometry-1/fig-p0089-02.png	平面几何（第一册）	plane-geometry-1	89	T	high	对照 raw 第89页，已改 TikZ	图2·19	tex/books/平面几何（第一册）.tex:4956	299	244	2432	0.930	0.070	replaced
books/assets/plane-geometry-1/fig-p0090-01.png	平面几何（第一册）	plane-geometry-1	90	T	high	对照 raw 第90页，已改 TikZ	图2·20	tex/books/平面几何（第一册）.tex:4993	144	200	882	0.945	0.055	replaced
books/assets/plane-geometry-1/fig-p0091-01.png	平面几何（第一册）	plane-geometry-1	91	T	medium	高留白线稿	图示（原PDF第91页）	tex/books/平面几何（第一册）.tex:5036	163	250	1203	0.943	0.057	pending
books/assets/plane-geometry-1/fig-p0091-02.png	平面几何（第一册）	plane-geometry-1	91	T	high	对照 raw 第91页，已改 TikZ	图2·21	tex/books/平面几何（第一册）.tex:5042	167	211	1043	0.947	0.053	replaced
books/assets/plane-geometry-1/fig-p0091-03.png	平面几何（第一册）	plane-geometry-1	91	T	high	对照 raw 第91页，已改 TikZ	图2-22	tex/books/平面几何（第一册）.tex:5072	163	161	781	0.947	0.053	replaced
books/assets/plane-geometry-1/fig-p0092-01.png	平面几何（第一册）	plane-geometry-1	92	T	high	对照 raw 第92页，已改 TikZ	图2·23	tex/books/平面几何（第一册）.tex:5113	206	187	1040	0.948	0.052	replaced
books/assets/plane-geometry-1/fig-p0093-01.png	平面几何（第一册）	plane-geometry-1	93	T	high	对照 raw 第93页，已改 TikZ	图2-24	tex/books/平面几何（第一册）.tex:5151	157	178	888	0.942	0.058	replaced
books/assets/plane-geometry-1/fig-p0093-02.png	平面几何（第一册）	plane-geometry-1	93	T	high	对照 raw 第93页，已改 TikZ	图2-25	tex/books/平面几何（第一册）.tex:5195	167	179	998	0.922	0.078	replaced
books/assets/plane-geometry-1/fig-p0094-01.png	平面几何（第一册）	plane-geometry-1	94	T	high	对照 raw 第94页，已改 TikZ	图2-26	tex/books/平面几何（第一册）.tex:5233	228	192	1260	0.939	0.061	replaced
books/assets/plane-geometry-1/fig-p0095-01.png	平面几何（第一册）	plane-geometry-1	95	T	high	对照 raw 第95页，已改 TikZ	(第3题)	tex/books/平面几何（第一册）.tex:5275	222	140	461	0.926	0.074	replaced
books/assets/plane-geometry-1/fig-p0095-02.png	平面几何（第一册）	plane-geometry-1	95	T	high	对照 raw 第95页，已改 TikZ	(第9题)	tex/books/平面几何（第一册）.tex:5303	140	179	860	0.919	0.081	replaced
books/assets/plane-geometry-1/fig-p0096-01.png	平面几何（第一册）	plane-geometry-1	96	T	high	对照 raw 第96页，已改 TikZ	(第10题)	tex/books/平面几何（第一册）.tex:5323	257	138	997	0.931	0.069	replaced
books/assets/plane-geometry-1/fig-p0096-02.png	平面几何（第一册）	plane-geometry-1	96	T	high	对照 raw 第96页，已改 TikZ	(第13题)	tex/books/平面几何（第一册）.tex:5350	164	220	1050	0.956	0.044	replaced
books/assets/plane-geometry-1/fig-p0096-03.png	平面几何（第一册）	plane-geometry-1	96	V	high	对照 raw 第96页，已改 TikZ	(第14题)	tex/books/平面几何（第一册）.tex:5358	221	142	1091	0.850	0.150	replaced
books/assets/plane-geometry-1/fig-p0096-04.png	平面几何（第一册）	plane-geometry-1	96	T	high	对照 raw 第96页，已改 TikZ	(第18题)	tex/books/平面几何（第一册）.tex:5381	204	115	790	0.931	0.069	replaced
books/assets/plane-geometry-1/fig-p0097-01.png	平面几何（第一册）	plane-geometry-1	97	T	high	对照 raw 第97页，已改 TikZ	(第16题)	tex/books/平面几何（第一册）.tex:5393	245	166	1228	0.923	0.077	replaced
books/assets/plane-geometry-1/fig-p0097-02.png	平面几何（第一册）	plane-geometry-1	97	T	high	对照 raw 第97页，已改 TikZ	图2-27	tex/books/平面几何（第一册）.tex:5418	180	295	1551	0.956	0.044	replaced
books/assets/plane-geometry-1/fig-p0098-01.png	平面几何（第一册）	plane-geometry-1	98	T	high	对照 raw 第98页，已改 TikZ	图2·28	tex/books/平面几何（第一册）.tex:5445	249	184	1396	0.941	0.059	replaced
books/assets/plane-geometry-1/fig-p0099-01.png	平面几何（第一册）	plane-geometry-1	99	T	high	对照 raw 第99页，已改 TikZ	图2·29	tex/books/平面几何（第一册）.tex:5466	250	244	1299	0.965	0.035	replaced
books/assets/plane-geometry-1/fig-p0099-02.png	平面几何（第一册）	plane-geometry-1	99	T	high	对照 raw 第99页，已改 TikZ	图2·30	tex/books/平面几何（第一册）.tex:5474	263	178	988	0.960	0.040	replaced
books/assets/plane-geometry-1/fig-p0099-03.png	平面几何（第一册）	plane-geometry-1	99	T	high	对照 raw 第99页，已改 TikZ	图2-31	tex/books/平面几何（第一册）.tex:5501	516	86	1273	0.958	0.042	replaced
books/assets/plane-geometry-1/fig-p0100-01.png	平面几何（第一册）	plane-geometry-1	100	T	high	对照 raw 第100页，已改 TikZ	图2·32	tex/books/平面几何（第一册）.tex:5542	143	165	765	0.925	0.075	replaced
books/assets/plane-geometry-1/fig-p0100-02.png	平面几何（第一册）	plane-geometry-1	100	T	high	对照 raw 第100页，已改 TikZ	图2·33	tex/books/平面几何（第一册）.tex:5573	184	189	880	0.950	0.050	replaced
books/assets/plane-geometry-1/fig-p0101-01.png	平面几何（第一册）	plane-geometry-1	101	T	high	对照 raw 第101页，已改 TikZ	图2-34	tex/books/平面几何（第一册）.tex:5631	204	189	1197	0.935	0.065	replaced
books/assets/plane-geometry-1/fig-p0102-01.png	平面几何（第一册）	plane-geometry-1	102	T	high	对照 raw 第102页，已改 TikZ	图2-35	tex/books/平面几何（第一册）.tex:5676	272	150	897	0.944	0.056	replaced
books/assets/plane-geometry-1/fig-p0102-02.png	平面几何（第一册）	plane-geometry-1	102	T	high	对照 raw 第102页，已改 TikZ	图2·36	tex/books/平面几何（第一册）.tex:5706	316	143	1236	0.946	0.054	replaced
books/assets/plane-geometry-1/fig-p0103-01.png	平面几何（第一册）	plane-geometry-1	103	T	high	对照 raw 第103页，已改 TikZ	图2·37	tex/books/平面几何（第一册）.tex:5746	179	218	931	0.944	0.056	replaced
books/assets/plane-geometry-1/fig-p0104-01.png	平面几何（第一册）	plane-geometry-1	104	T	high	对照 raw 第104页，已改 TikZ	(第1题)	tex/books/平面几何（第一册）.tex:5776	163	186	949	0.933	0.067	replaced
books/assets/plane-geometry-1/fig-p0104-02.png	平面几何（第一册）	plane-geometry-1	104	T	high	对照 raw 第104页，已改 TikZ	(第2题)	tex/books/平面几何（第一册）.tex:5784	150	194	825	0.943	0.057	replaced
books/assets/plane-geometry-1/fig-p0104-03.png	平面几何（第一册）	plane-geometry-1	104	T	low	初分待对照 raw 改轨	(第3题)	tex/books/平面几何（第一册）.tex:5816	271	174	1701	0.852	0.148	pending
books/assets/plane-geometry-1/fig-p0104-04.png	平面几何（第一册）	plane-geometry-1	104	V	low	初分待对照 raw 改轨	(第5题)	tex/books/平面几何（第一册）.tex:5850	238	261	1938	0.823	0.177	pending
books/assets/plane-geometry-1/fig-p0105-01.png	平面几何（第一册）	plane-geometry-1	105	T	high	对照 raw 第105页，已改 TikZ	(第6题)	tex/books/平面几何（第一册）.tex:5867	300	138	1060	0.937	0.063	replaced
books/assets/plane-geometry-1/fig-p0105-02.png	平面几何（第一册）	plane-geometry-1	105	T	high	对照 raw 第105页，已改 TikZ	(第7题)	tex/books/平面几何（第一册）.tex:5875	202	138	947	0.922	0.078	replaced
books/assets/plane-geometry-1/fig-p0106-01.png	平面几何（第一册）	plane-geometry-1	106	T	high	对照 raw 第106页，已改 TikZ	图2·38	tex/books/平面几何（第一册）.tex:5916	400	128	1240	0.942	0.058	replaced
books/assets/plane-geometry-1/fig-p0106-02.png	平面几何（第一册）	plane-geometry-1	106	T	medium	高留白线稿	图2·39	tex/books/平面几何（第一册）.tex:5931	200	124	853	0.923	0.077	pending
books/assets/plane-geometry-1/fig-p0107-01.png	平面几何（第一册）	plane-geometry-1	107	T	low	初分待对照 raw 改轨	图2-40	tex/books/平面几何（第一册）.tex:5954	201	188	1388	0.912	0.088	pending
books/assets/plane-geometry-1/fig-p0108-01.png	平面几何（第一册）	plane-geometry-1	108	T	high	对照 raw 第108页，已改 TikZ	图2·41	tex/books/平面几何（第一册）.tex:5982	403	248	1975	0.960	0.040	replaced
books/assets/plane-geometry-1/fig-p0109-01.png	平面几何（第一册）	plane-geometry-1	109	T	high	对照 raw 第109页，已改 TikZ	图2-42	tex/books/平面几何（第一册）.tex:6019	400	209	1725	0.955	0.045	replaced
books/assets/plane-geometry-1/fig-p0110-01.png	平面几何（第一册）	plane-geometry-1	110	T	high	对照 raw 第110页，已改 TikZ	图2-43	tex/books/平面几何（第一册）.tex:6054	405	196	1712	0.963	0.037	replaced
books/assets/plane-geometry-1/fig-p0111-01.png	平面几何（第一册）	plane-geometry-1	111	T	high	对照 raw 第111页，已改 TikZ	图2-44	tex/books/平面几何（第一册）.tex:6092	400	124	1254	0.938	0.062	replaced
books/assets/plane-geometry-1/fig-p0111-02.png	平面几何（第一册）	plane-geometry-1	111	T	high	对照 raw 第111页，已改 TikZ	图2-45	tex/books/平面几何（第一册）.tex:6103	259	127	1015	0.920	0.080	replaced
books/assets/plane-geometry-1/fig-p0112-01.png	平面几何（第一册）	plane-geometry-1	112	T	high	对照 raw 第112页，已改 TikZ	图2-48	tex/books/平面几何（第一册）.tex:6156	243	201	1253	0.941	0.059	replaced
books/assets/plane-geometry-1/fig-p0112-02.png	平面几何（第一册）	plane-geometry-1	112	T	high	对照 raw 第112页，已改 TikZ	图2-47	tex/books/平面几何（第一册）.tex:6164	241	181	1090	0.948	0.052	replaced
books/assets/plane-geometry-1/fig-p0113-01.png	平面几何（第一册）	plane-geometry-1	113	T	medium	高留白线稿	图示（原PDF第113页）	tex/books/平面几何（第一册）.tex:6204	383	236	1776	0.954	0.046	pending
books/assets/plane-geometry-1/fig-p0113-02.png	平面几何（第一册）	plane-geometry-1	113	T	medium	高留白线稿	图示（原PDF第113页）	tex/books/平面几何（第一册）.tex:6210	383	141	1085	0.957	0.043	pending
books/assets/plane-geometry-1/fig-p0113-03.png	平面几何（第一册）	plane-geometry-1	113	T	medium	高留白线稿	图示（原PDF第113页）	tex/books/平面几何（第一册）.tex:6216	203	96	611	0.927	0.073	pending
books/assets/plane-geometry-1/fig-p0113-04.png	平面几何（第一册）	plane-geometry-1	113	T	high	对照 raw 第113页，已改 TikZ	图2-48	tex/books/平面几何（第一册）.tex:6222	202	98	614	0.929	0.071	replaced
books/assets/plane-geometry-1/fig-p0114-01.png	平面几何（第一册）	plane-geometry-1	114	T	high	对照 raw 第114页，已改 TikZ	图2-49	tex/books/平面几何（第一册）.tex:6277	222	123	893	0.921	0.079	replaced
books/assets/plane-geometry-1/fig-p0114-02.png	平面几何（第一册）	plane-geometry-1	114	T	high	对照 raw 第114页，已改 TikZ	(第1题)	tex/books/平面几何（第一册）.tex:6318	153	179	899	0.952	0.048	replaced
books/assets/plane-geometry-1/fig-p0115-01.png	平面几何（第一册）	plane-geometry-1	115	T	high	对照 raw 第115页，已改 TikZ	(第2题)	tex/books/平面几何（第一册）.tex:6326	202	129	831	0.930	0.070	replaced
books/assets/plane-geometry-1/fig-p0115-02.png	平面几何（第一册）	plane-geometry-1	115	T	high	对照 raw 第115页，已改 TikZ	(第3题)	tex/books/平面几何（第一册）.tex:6334	199	128	954	0.922	0.078	replaced
books/assets/plane-geometry-1/fig-p0115-03.png	平面几何（第一册）	plane-geometry-1	115	T	high	对照 raw 第115页，已改 TikZ	(第4题)	tex/books/平面几何（第一册）.tex:6354	211	197	1278	0.951	0.049	replaced
books/assets/plane-geometry-1/fig-p0115-04.png	平面几何（第一册）	plane-geometry-1	115	T	high	对照 raw 第115页，已改 TikZ	(第5题)	tex/books/平面几何（第一册）.tex:6362	138	218	806	0.936	0.064	replaced
books/assets/plane-geometry-1/fig-p0115-05.png	平面几何（第一册）	plane-geometry-1	115	T	high	对照 raw 第115页，已改 TikZ	(第6题)	tex/books/平面几何（第一册）.tex:6380	191	134	829	0.923	0.077	replaced
books/assets/plane-geometry-1/fig-p0115-06.png	平面几何（第一册）	plane-geometry-1	115	T	high	对照 raw 第115页，已改 TikZ	(第7题)	tex/books/平面几何（第一册）.tex:6388	203	128	1020	0.917	0.083	replaced
books/assets/plane-geometry-1/fig-p0116-01.png	平面几何（第一册）	plane-geometry-1	116	T	high	对照 raw 第116页，已改 TikZ	(第9题)	tex/books/平面几何（第一册）.tex:6420	203	148	945	0.929	0.071	replaced
books/assets/plane-geometry-1/fig-p0116-02.png	平面几何（第一册）	plane-geometry-1	116	T	high	对照 raw 第116页，已改 TikZ	(第11题)	tex/books/平面几何（第一册）.tex:6449	159	171	958	0.941	0.059	replaced
books/assets/plane-geometry-1/fig-p0116-03.png	平面几何（第一册）	plane-geometry-1	116	T	medium	高留白线稿	平分角仪	tex/books/平面几何（第一册）.tex:6457	190	250	1514	0.929	0.071	pending
books/assets/plane-geometry-1/fig-p0117-01.png	平面几何（第一册）	plane-geometry-1	117	T	medium	高留白线稿	(第13题)	tex/books/平面几何（第一册）.tex:6476	219	221	1435	0.943	0.057	pending
books/assets/plane-geometry-1/fig-p0117-02.png	平面几何（第一册）	plane-geometry-1	117	T	medium	高留白线稿	(第14题)	tex/books/平面几何（第一册）.tex:6484	214	197	1463	0.924	0.076	pending
books/assets/plane-geometry-1/fig-p0117-03.png	平面几何（第一册）	plane-geometry-1	117	T	high	对照 raw 第117页，已改 TikZ	(第15题)	tex/books/平面几何（第一册）.tex:6506	179	220	1157	0.943	0.057	replaced
books/assets/plane-geometry-1/fig-p0118-01.png	平面几何（第一册）	plane-geometry-1	118	P	medium	疑似网纹或照片	(第16题)	tex/books/平面几何（第一册）.tex:6529	252	175	1850	0.906	0.094	pending
books/assets/plane-geometry-1/fig-p0118-02.png	平面几何（第一册）	plane-geometry-1	118	T	high	对照 raw 第118页，已改 TikZ	(第17题)	tex/books/平面几何（第一册）.tex:6537	214	199	1256	0.939	0.061	replaced
books/assets/plane-geometry-1/fig-p0118-03.png	平面几何（第一册）	plane-geometry-1	118	T	high	对照 raw 第118页，已改 TikZ	(第18题)	tex/books/平面几何（第一册）.tex:6557	161	184	1029	0.923	0.077	replaced
books/assets/plane-geometry-1/fig-p0119-01.png	平面几何（第一册）	plane-geometry-1	119	T	high	对照 raw 第119页，已改 TikZ	(第19题)	tex/books/平面几何（第一册）.tex:6576	197	142	1244	0.898	0.102	replaced
books/assets/plane-geometry-1/fig-p0119-02.png	平面几何（第一册）	plane-geometry-1	119	T	high	对照 raw 第119页，已改 TikZ	(第20题)	tex/books/平面几何（第一册）.tex:6584	222	119	1056	0.888	0.112	replaced
books/assets/plane-geometry-1/fig-p0119-03.png	平面几何（第一册）	plane-geometry-1	119	T	high	对照 raw 第119页，已改 TikZ	(第21题)	tex/books/平面几何（第一册）.tex:6605	162	179	1204	0.924	0.076	replaced
books/assets/plane-geometry-1/fig-p0119-04.png	平面几何（第一册）	plane-geometry-1	119	T	high	对照 raw 第119页，已改 TikZ	(第22题)	tex/books/平面几何（第一册）.tex:6613	270	110	990	0.926	0.074	replaced
books/assets/plane-geometry-1/fig-p0120-01.png	平面几何（第一册）	plane-geometry-1	120	T	medium	高留白线稿	图示（原PDF第120页）	tex/books/平面几何（第一册）.tex:6654	205	200	1005	0.958	0.042	pending
books/assets/plane-geometry-1/fig-p0120-02.png	平面几何（第一册）	plane-geometry-1	120	T	high	对照 raw 第120页，已改 TikZ	图2·50	tex/books/平面几何（第一册）.tex:6660	123	200	628	0.947	0.053	replaced
books/assets/plane-geometry-1/fig-p0121-01.png	平面几何（第一册）	plane-geometry-1	121	T	high	对照 raw 第121页，已改 TikZ	图2·51	tex/books/平面几何（第一册）.tex:6702	161	198	980	0.937	0.063	replaced
books/assets/plane-geometry-1/fig-p0121-02.png	平面几何（第一册）	plane-geometry-1	121	P	medium	疑似网纹或照片	图2·52	tex/books/平面几何（第一册）.tex:6710	279	240	2443	0.864	0.136	pending
books/assets/plane-geometry-1/fig-p0122-01.png	平面几何（第一册）	plane-geometry-1	122	T	high	对照 raw 第122页，已改 TikZ	(1)	tex/books/平面几何（第一册）.tex:6748	145	223	906	0.941	0.059	replaced
books/assets/plane-geometry-1/fig-p0122-02.png	平面几何（第一册）	plane-geometry-1	122	T	high	对照 raw 第122页，已改 TikZ	(2)	tex/books/平面几何（第一册）.tex:6756	146	223	852	0.946	0.054	replaced
books/assets/plane-geometry-1/fig-p0123-01.png	平面几何（第一册）	plane-geometry-1	123	T	high	对照 raw 第123页，已改 TikZ	(第3题)	tex/books/平面几何（第一册）.tex:6792	209	194	978	0.947	0.053	replaced
books/assets/plane-geometry-1/fig-p0123-02.png	平面几何（第一册）	plane-geometry-1	123	T	high	对照 raw 第123页，已改 TikZ	(第4题)	tex/books/平面几何（第一册）.tex:6800	199	131	872	0.930	0.070	replaced
books/assets/plane-geometry-1/fig-p0123-03.png	平面几何（第一册）	plane-geometry-1	123	T	high	对照 raw 第123页，已改 TikZ	(第5题)	tex/books/平面几何（第一册）.tex:6830	201	188	1077	0.934	0.066	replaced
books/assets/plane-geometry-1/fig-p0123-04.png	平面几何（第一册）	plane-geometry-1	123	T	high	对照 raw 第123页，已改 TikZ	(第6题)	tex/books/平面几何（第一册）.tex:6838	220	188	1202	0.942	0.058	replaced
books/assets/plane-geometry-1/fig-p0124-01.png	平面几何（第一册）	plane-geometry-1	124	T	high	对照 raw 第124页，已改 TikZ	(第7题)	tex/books/平面几何（第一册）.tex:6854	173	140	909	0.928	0.072	replaced
books/assets/plane-geometry-1/fig-p0124-02.png	平面几何（第一册）	plane-geometry-1	124	T	high	对照 raw 第124页，已改 TikZ	(第8题)	tex/books/平面几何（第一册）.tex:6862	246	142	1035	0.933	0.067	replaced
books/assets/plane-geometry-1/fig-p0124-03.png	平面几何（第一册）	plane-geometry-1	124	T	high	对照 raw 第124页，已改 TikZ	(第11题)	tex/books/平面几何（第一册）.tex:6895	243	197	1123	0.945	0.055	replaced
books/assets/plane-geometry-1/fig-p0124-04.png	平面几何（第一册）	plane-geometry-1	124	T	high	对照 raw 第124页，已改 TikZ	(第12题)	tex/books/平面几何（第一册）.tex:6903	239	147	1195	0.917	0.083	replaced
books/assets/plane-geometry-1/fig-p0125-01.png	平面几何（第一册）	plane-geometry-1	125	T	medium	高留白线稿	图示（原PDF第125页）	tex/books/平面几何（第一册）.tex:6924	185	152	724	0.957	0.043	pending
books/assets/plane-geometry-1/fig-p0125-02.png	平面几何（第一册）	plane-geometry-1	125	T	high	对照 raw 第125页，已改 TikZ	图2·54	tex/books/平面几何（第一册）.tex:6930	190	149	833	0.950	0.050	replaced
books/assets/plane-geometry-1/fig-p0126-01.png	平面几何（第一册）	plane-geometry-1	126	T	low	初分待对照 raw 改轨	图示（原PDF第126页）	tex/books/平面几何（第一册）.tex:6971	151	82	333	0.909	0.091	pending
books/assets/plane-geometry-1/fig-p0126-02.png	平面几何（第一册）	plane-geometry-1	126	T	high	对照 raw 第126页，已改 TikZ	图2-55	tex/books/平面几何（第一册）.tex:6977	258	148	921	0.958	0.042	replaced
books/assets/plane-geometry-1/fig-p0126-03.png	平面几何（第一册）	plane-geometry-1	126	T	medium	高留白线稿	图示（原PDF第126页）	tex/books/平面几何（第一册）.tex:7012	174	191	768	0.954	0.046	pending
books/assets/plane-geometry-1/fig-p0126-04.png	平面几何（第一册）	plane-geometry-1	126	T	high	对照 raw 第126页，已改 TikZ	图2·56	tex/books/平面几何（第一册）.tex:7018	192	195	980	0.958	0.042	replaced
books/assets/plane-geometry-1/fig-p0127-01.png	平面几何（第一册）	plane-geometry-1	127	T	high	对照 raw 第127页，已改 TikZ	图2-57	tex/books/平面几何（第一册）.tex:7051	378	201	979	0.967	0.033	replaced
books/assets/plane-geometry-1/fig-p0128-01.png	平面几何（第一册）	plane-geometry-1	128	T	high	对照 raw 第128页，已改 TikZ	图2-58	tex/books/平面几何（第一册）.tex:7076	562	200	2358	0.958	0.042	replaced
books/assets/plane-geometry-1/fig-p0129-01.png	平面几何（第一册）	plane-geometry-1	129	T	medium	高留白线稿	图示（原PDF第129页）	tex/books/平面几何（第一册）.tex:7120	177	172	573	0.953	0.047	pending
books/assets/plane-geometry-1/fig-p0129-02.png	平面几何（第一册）	plane-geometry-1	129	T	high	对照 raw 第129页，已改 TikZ	图2·59	tex/books/平面几何（第一册）.tex:7126	245	136	921	0.951	0.049	replaced
books/assets/plane-geometry-1/fig-p0130-01.png	平面几何（第一册）	plane-geometry-1	130	P	high	对照 raw 第130页，已改 TikZ	(1)	tex/books/平面几何（第一册）.tex:7164	191	204	1698	0.902	0.098	replaced
books/assets/plane-geometry-1/fig-p0130-02.png	平面几何（第一册）	plane-geometry-1	130	T	low	初分待对照 raw 改轨	图示（原PDF第130页）	tex/books/平面几何（第一册）.tex:7172	209	78	315	0.907	0.093	pending
books/assets/plane-geometry-1/fig-p0130-03.png	平面几何（第一册）	plane-geometry-1	130	T	high	对照 raw 第130页，已改 TikZ	(2)	tex/books/平面几何（第一册）.tex:7178	187	199	1145	0.944	0.056	replaced
books/assets/plane-geometry-1/fig-p0131-01.png	平面几何（第一册）	plane-geometry-1	131	T	medium	高留白线稿	图示（原PDF第131页）	tex/books/平面几何（第一册）.tex:7255	182	179	749	0.958	0.042	pending
books/assets/plane-geometry-1/fig-p0131-02.png	平面几何（第一册）	plane-geometry-1	131	T	high	对照 raw 第131页，已改 TikZ	(第3题)	tex/books/平面几何（第一册）.tex:7261	162	185	822	0.948	0.052	replaced
books/assets/plane-geometry-1/fig-p0132-01.png	平面几何（第一册）	plane-geometry-1	132	T	medium	高留白线稿	图示（原PDF第132页）	tex/books/平面几何（第一册）.tex:7326	145	178	542	0.953	0.047	pending
books/assets/plane-geometry-1/fig-p0132-02.png	平面几何（第一册）	plane-geometry-1	132	T	high	对照 raw 第132页，已改 TikZ	(第10题)	tex/books/平面几何（第一册）.tex:7332	193	140	813	0.949	0.051	replaced
books/assets/plane-geometry-1/fig-p0133-01.png	平面几何（第一册）	plane-geometry-1	133	T	medium	高留白线稿	图示（原PDF第133页）	tex/books/平面几何（第一册）.tex:7349	164	68	250	0.949	0.051	pending
books/assets/plane-geometry-1/fig-p0133-02.png	平面几何（第一册）	plane-geometry-1	133	T	high	对照 raw 第133页，已改 TikZ	(第11题)	tex/books/平面几何（第一册）.tex:7355	169	119	661	0.937	0.063	replaced
books/assets/plane-geometry-1/fig-p0133-03.png	平面几何（第一册）	plane-geometry-1	133	T	high	对照 raw 第133页，已改 TikZ	(第12题)	tex/books/平面几何（第一册）.tex:7367	239	169	944	0.950	0.050	replaced
books/assets/plane-geometry-1/fig-p0134-01.png	平面几何（第一册）	plane-geometry-1	134	T	high	对照 raw 第134页，已改 TikZ	图2·61	tex/books/平面几何（第一册）.tex:7400	203	178	949	0.948	0.052	replaced
books/assets/plane-geometry-1/fig-p0134-02.png	平面几何（第一册）	plane-geometry-1	134	T	high	对照 raw 第134页，已改 TikZ	图2·82	tex/books/平面几何（第一册）.tex:7408	236	167	917	0.958	0.042	replaced
books/assets/plane-geometry-1/fig-p0135-01.png	平面几何（第一册）	plane-geometry-1	135	T	high	对照 raw 第135页，已改 TikZ	图2-63	tex/books/平面几何（第一册）.tex:7468	250	186	1135	0.943	0.057	replaced
books/assets/plane-geometry-1/fig-p0136-02.png	平面几何（第一册）	plane-geometry-1	136	T	high	对照 raw 第136页，已改 TikZ	(第4题)	tex/books/平面几何（第一册）.tex:7501	183	188	1097	0.948	0.052	replaced
books/assets/plane-geometry-1/fig-p0136-03.png	平面几何（第一册）	plane-geometry-1	136	T	high	对照 raw 第136页，已改 TikZ	(第7题)	tex/books/平面几何（第一册）.tex:7522	184	189	958	0.949	0.051	replaced
books/assets/plane-geometry-1/fig-p0136-04.png	平面几何（第一册）	plane-geometry-1	136	T	high	对照 raw 第136页，已改 TikZ	(第8题)	tex/books/平面几何（第一册）.tex:7530	199	245	1326	0.957	0.043	replaced
books/assets/plane-geometry-1/fig-p0137-01.png	平面几何（第一册）	plane-geometry-1	137	T	high	对照 raw 第137页，已改 TikZ	(第10题)	tex/books/平面几何（第一册）.tex:7552	182	184	969	0.947	0.053	replaced
books/assets/plane-geometry-1/fig-p0138-01.png	平面几何（第一册）	plane-geometry-1	138	T	high	对照 raw 第138页，已改 TikZ	图2-64	tex/books/平面几何（第一册）.tex:7581	406	175	1718	0.956	0.044	replaced
books/assets/plane-geometry-1/fig-p0139-01.png	平面几何（第一册）	plane-geometry-1	139	T	high	对照 raw 第139页，已改 TikZ	图2·65	tex/books/平面几何（第一册）.tex:7635	366	136	1210	0.953	0.047	replaced
books/assets/plane-geometry-1/fig-p0139-02.png	平面几何（第一册）	plane-geometry-1	139	T	high	对照 raw 第139页，已改 TikZ	图2-66	tex/books/平面几何（第一册）.tex:7667	275	195	1582	0.933	0.067	replaced
books/assets/plane-geometry-1/fig-p0139-03.png	平面几何（第一册）	plane-geometry-1	139	T	high	对照 raw 第139页，已改 TikZ	图2-67	tex/books/平面几何（第一册）.tex:7675	201	144	977	0.926	0.074	replaced
books/assets/plane-geometry-1/fig-p0140-01.png	平面几何（第一册）	plane-geometry-1	140	T	high	对照 raw 第140页，已改 TikZ	(第2题)	tex/books/平面几何（第一册）.tex:7717	205	213	1282	0.933	0.067	replaced
books/assets/plane-geometry-1/fig-p0140-02.png	平面几何（第一册）	plane-geometry-1	140	T	high	对照 raw 第140页，已改 TikZ	(第4题)	tex/books/平面几何（第一册）.tex:7756	203	181	1275	0.934	0.066	replaced
books/assets/plane-geometry-1/fig-p0141-01.png	平面几何（第一册）	plane-geometry-1	141	T	high	对照 raw 第141页，已改 TikZ	图2-68	tex/books/平面几何（第一册）.tex:7796	201	203	864	0.952	0.048	replaced
books/assets/plane-geometry-1/fig-p0142-01.png	平面几何（第一册）	plane-geometry-1	142	T	high	对照 raw 第142页，已改 TikZ	图2·69	tex/books/平面几何（第一册）.tex:7844	206	196	894	0.957	0.043	replaced
books/assets/plane-geometry-1/fig-p0143-01.png	平面几何（第一册）	plane-geometry-1	143	T	high	对照 raw 第143页，已改 TikZ	图2-70	tex/books/平面几何（第一册）.tex:7906	233	235	1399	0.932	0.068	replaced
books/assets/plane-geometry-1/fig-p0144-01.png	平面几何（第一册）	plane-geometry-1	144	T	high	对照 raw 第144页，已改 TikZ	图 2·7!	tex/books/平面几何（第一册）.tex:7930	239	193	1308	0.930	0.070	replaced
books/assets/plane-geometry-1/fig-p0144-02.png	平面几何（第一册）	plane-geometry-1	144	T	high	对照 raw 第144页，已改 TikZ	(1)	tex/books/平面几何（第一册）.tex:7963	165	126	763	0.929	0.071	replaced
books/assets/plane-geometry-1/fig-p0144-03.png	平面几何（第一册）	plane-geometry-1	144	T	high	对照 raw 第144页，已改 TikZ	(2)	tex/books/平面几何（第一册）.tex:7971	181	144	810	0.929	0.071	replaced
books/assets/plane-geometry-1/fig-p0145-01.png	平面几何（第一册）	plane-geometry-1	145	T	high	对照 raw 第145页，已改 TikZ	图2·73	tex/books/平面几何（第一册）.tex:8022	235	202	1367	0.944	0.056	replaced
books/assets/plane-geometry-1/fig-p0147-01.png	平面几何（第一册）	plane-geometry-1	147	V	low	初分待对照 raw 改轨	图示（原PDF第147页）	tex/books/平面几何（第一册）.tex:8076	230	141	1527	0.843	0.157	pending
books/assets/plane-geometry-1/fig-p0147-02.png	平面几何（第一册）	plane-geometry-1	147	T	high	对照 raw 第147页，已改 TikZ	图2-74	tex/books/平面几何（第一册）.tex:8098	253	170	1377	0.926	0.074	replaced
books/assets/plane-geometry-1/fig-p0147-03.png	平面几何（第一册）	plane-geometry-1	147	T	high	对照 raw 第147页，已改 TikZ	图 2·75	tex/books/平面几何（第一册）.tex:8106	274	236	1546	0.967	0.033	replaced
books/assets/plane-geometry-1/fig-p0148-01.png	平面几何（第一册）	plane-geometry-1	148	T	high	对照 raw 第148页，已改 TikZ	图2·76	tex/books/平面几何（第一册）.tex:8148	197	199	1283	0.925	0.075	replaced
books/assets/plane-geometry-1/fig-p0150-01.png	平面几何（第一册）	plane-geometry-1	150	T	high	对照 raw 第150页，已改 TikZ	图2-77	tex/books/平面几何（第一册）.tex:8208	279	140	1106	0.936	0.064	replaced
books/assets/plane-geometry-1/fig-p0150-02.png	平面几何（第一册）	plane-geometry-1	150	T	high	对照 raw 第150页，已改 TikZ	图2-78	tex/books/平面几何（第一册）.tex:8216	203	369	1793	0.951	0.049	replaced
books/assets/plane-geometry-1/fig-p0152-01.png	平面几何（第一册）	plane-geometry-1	152	T	high	对照 raw 第152页，已改 TikZ	同一直线上的 A、B、C、D 四点（第10题第3小题）	tex/books/平面几何（第一册）.tex:8314	242	38	277	0.947	0.053	replaced
books/assets/plane-geometry-1/fig-p0155-01.png	平面几何（第一册）	plane-geometry-1	155	T	high	对照 raw 第155页，已改 TikZ	(第2题)	tex/books/平面几何（第一册）.tex:8441	271	172	1171	0.955	0.045	replaced
books/assets/plane-geometry-1/fig-p0155-02.png	平面几何（第一册）	plane-geometry-1	155	T	high	对照 raw 第155页，已改 TikZ	(第3题)	tex/books/平面几何（第一册）.tex:8449	207	207	1684	0.895	0.105	replaced
books/assets/plane-geometry-1/fig-p0156-01.png	平面几何（第一册）	plane-geometry-1	156	T	high	对照 raw 第156页，已改 TikZ	(第9题)	tex/books/平面几何（第一册）.tex:8501	254	159	1122	0.928	0.072	replaced
books/assets/plane-geometry-1/fig-p0156-02.png	平面几何（第一册）	plane-geometry-1	156	T	high	对照 raw 第156页，已改 TikZ	(第10题)	tex/books/平面几何（第一册）.tex:8509	273	188	1842	0.933	0.067	replaced
books/assets/plane-geometry-1/fig-p0157-01.png	平面几何（第一册）	plane-geometry-1	157	P	high	对照 raw 第157页，已改 TikZ	(第 15 题)	tex/books/平面几何（第一册）.tex:8549	200	182	1441	0.881	0.119	replaced
books/assets/plane-geometry-1/fig-p0157-02.png	平面几何（第一册）	plane-geometry-1	157	T	high	对照 raw 第157页，已改 TikZ	（第17题）△ABC 形内O；BO延长交AC，OC；角1/2/3	tex/books/平面几何（第一册）.tex:8557	210	150	1076	0.929	0.071	replaced
books/assets/plane-geometry-1/fig-p0158-01.png	平面几何（第一册）	plane-geometry-1	158	T	high	对照 raw 第158页，已改 TikZ	（第3题）A—B—P与A—C—Q；BC、BQ、CP；△ABC三角弧	tex/books/平面几何（第一册）.tex:8622	209	158	941	0.952	0.048	replaced
books/assets/plane-geometry-1/fig-p0158-02.png	平面几何（第一册）	plane-geometry-1	158	T	high	对照 raw 第158页，已改 TikZ	（第4题）三射线成交小△DEF；角1/2/3	tex/books/平面几何（第一册）.tex:8638	203	152	1108	0.933	0.067	replaced
books/assets/plane-geometry-1/fig-p0158-03.png	平面几何（第一册）	plane-geometry-1	158	T	high	对照 raw 第158页，已改 TikZ	（第5题）等边△内P；AP/BP/CP标x/y/z；虚线DE∥BC	tex/books/平面几何（第一册）.tex:8646	177	159	1017	0.931	0.069	replaced
books/assets/plane-geometry-1/fig-p0158-04.png	平面几何（第一册）	plane-geometry-1	158	T	high	对照 raw 第158页，已改 TikZ	（第7题）A左下B右下C上；AD/BE/CF共点；F/D/E在对边	tex/books/平面几何（第一册）.tex:8673	175	130	920	0.925	0.075	replaced
books/assets/plane-geometry-1/fig-p0158-05.png	平面几何（第一册）	plane-geometry-1	158	T	high	对照 raw 第158页，已改 TikZ	（第8题）等腰直角△（∠A=90°）；AM⊥BC；BE平分线；AD⊥BE；∠MAD弧	tex/books/平面几何（第一册）.tex:8681	203	131	964	0.928	0.072	replaced
books/assets/plane-geometry-1/fig-p0159-01.png	平面几何（第一册）	plane-geometry-1	159	T	high	对照 raw 第159页，已改 TikZ	（第10题）等腰直角△；AS∥BC；F在AS；BF∩AC=K；FC	tex/books/平面几何（第一册）.tex:8706	224	130	1006	0.943	0.057	replaced
books/assets/plane-geometry-1/fig-p0159-02.png	平面几何（第一册）	plane-geometry-1	159	T	high	对照 raw 第159页，已改 TikZ	（第7题测验）AH⊥BC；N中点AC；MN∥AB；实线MN虚线HN	tex/books/平面几何（第一册）.tex:8738	195	117	779	0.941	0.059	replaced
books/assets/plane-geometry-1/fig-p0159-03.png	平面几何（第一册）	plane-geometry-1	159	T	high	对照 raw 第159页，已改 TikZ	（第8题）A上B左下C右下；无BC；F在AB、E在AC；BE∩CF=O	tex/books/平面几何（第一册）.tex:8746	159	155	967	0.951	0.049	replaced
books/assets/plane-geometry-1/fig-p0160-01.png	平面几何（第一册）	plane-geometry-1	160	T	high	对照 raw 第160页，已改 TikZ	图3-1 横排四凸多边形：不规则四边形、竖菱形、平顶六边形、尖顶五边形	tex/books/平面几何（第一册）.tex:8772	471	138	1538	0.960	0.040	replaced
books/assets/plane-geometry-1/fig-p0161-01.png	平面几何（第一册）	plane-geometry-1	161	T	high	对照 raw 第161页，已改 TikZ	图3-2 凸五边形ABCDE；对角线AC/AD；AB直线两端延长	tex/books/平面几何（第一册）.tex:8789	201	190	1139	0.953	0.047	replaced
books/assets/plane-geometry-1/fig-p0161-02.png	平面几何（第一册）	plane-geometry-1	161	T	high	对照 raw 第161页，已改 TikZ	图3-3 凹五边形ABCDE；虚线为DC过C延长并穿过AE	tex/books/平面几何（第一册）.tex:8797	186	168	1047	0.953	0.047	replaced
books/assets/plane-geometry-1/fig-p0162-01.png	平面几何（第一册）	plane-geometry-1	162	T	high	对照 raw 第162页，已改 TikZ	图3-4 四边形ABCD；AB底水平、BC近竖直	tex/books/平面几何（第一册）.tex:8832	184	171	656	0.950	0.050	replaced
books/assets/plane-geometry-1/fig-p0162-02.png	平面几何（第一册）	plane-geometry-1	162	T	high	对照 raw 第162页，已改 TikZ	（第8题）△ABC；直线截AB于E、AC于D并两端伸出	tex/books/平面几何（第一册）.tex:8876	196	206	1013	0.950	0.050	replaced
books/assets/plane-geometry-1/fig-p0163-01.png	平面几何（第一册）	plane-geometry-1	163	T	high	对照 raw 第163页，已改 TikZ	图3-5 五边形ABCDE外角1–5；各边顺次延长带弧	tex/books/平面几何（第一册）.tex:8916	183	202	1021	0.942	0.058	replaced
books/assets/plane-geometry-1/fig-p0166-01.png	平面几何（第一册）	plane-geometry-1	166	T	high	对照 raw 第166页，已改 TikZ	图3-6（左）两对平行线成□ABCD；假caption「图示…」→图3-6	tex/books/平面几何（第一册）.tex:9077	239	204	1177	0.963	0.037	replaced
books/assets/plane-geometry-1/fig-p0166-02.png	平面几何（第一册）	plane-geometry-1	166	T	high	对照 raw 第166页，已改 TikZ	图3-6（右）两对平行线成□EFGH；HG∥EF略下倾，HE∥GF近竖直；四线伸出	tex/books/平面几何（第一册）.tex:9083	202	199	1023	0.961	0.039	replaced
books/assets/plane-geometry-1/fig-p0166-03.png	平面几何（第一册）	plane-geometry-1	166	P	medium	疑似网纹或照片	竹篱的格子	tex/books/平面几何（第一册）.tex:9094	157	92	1367	0.739	0.261	pending
books/assets/plane-geometry-1/fig-p0166-04.png	平面几何（第一册）	plane-geometry-1	166	V	low	初分待对照 raw 改轨	建筑上用的花边	tex/books/平面几何（第一册）.tex:9102	245	75	1145	0.664	0.336	pending
books/assets/plane-geometry-1/fig-p0167-01.png	平面几何（第一册）	plane-geometry-1	167	T	high	对照 raw 第167页，已改 TikZ	图3-8 □ABCD（D左下A右下C左上B右上）；对角线CA；角1/4在C、2/3在A	tex/books/平面几何（第一册）.tex:9135	223	122	866	0.944	0.056	replaced
books/assets/plane-geometry-1/fig-p0167-02.png	平面几何（第一册）	plane-geometry-1	167	T	high	对照 raw 第167页，已改 TikZ	图3-9 □ABCD标准；对角线AC/BD交O；角1=∠ACD、2=∠BAC、3=∠BDC、4=∠ABD	tex/books/平面几何（第一册）.tex:9163	215	122	1050	0.923	0.077	replaced
books/assets/plane-geometry-1/fig-p0168-01.png	平面几何（第一册）	plane-geometry-1	168	T	high	对照 raw 第168页，已改 TikZ	图3-10 AB∥CD水平；l1..l4呈/形；上R,P,E,G 下S,Q,F,H；RP≈PE＜EG	tex/books/平面几何（第一册）.tex:9183	322	189	1611	0.935	0.065	replaced
books/assets/plane-geometry-1/fig-p0168-02.png	平面几何（第一册）	plane-geometry-1	168	T	high	对照 raw 第168页，已改 TikZ	图3-11 AB∥CD；竖直EF/GH伸出、RS/PQ为段；顶E,G,R,P右下直角标记	tex/books/平面几何（第一册）.tex:9207	268	140	790	0.924	0.076	replaced
books/assets/plane-geometry-1/fig-p0169-01.png	平面几何（第一册）	plane-geometry-1	169	T	high	对照 raw 第169页，已改 TikZ	图3-12 □ABCD；对角线交O；EF过O；角1/2单弧(C/A)，角3=∠OFC、4=∠OEA	tex/books/平面几何（第一册）.tex:9258	216	128	1185	0.910	0.090	replaced
books/assets/plane-geometry-1/fig-p0170-01.png	平面几何（第一册）	plane-geometry-1	170	T	high	对照 raw 第170页，已改 TikZ	（第3题）□ABCD；E、F为AB、CD中点；实线DE与FB	tex/books/平面几何（第一册）.tex:9310	217	130	819	0.943	0.057	replaced
books/assets/plane-geometry-1/fig-p0170-02.png	平面几何（第一册）	plane-geometry-1	170	T	high	对照 raw 第170页，已改 TikZ	（第4题）三条水平平行线 l1/l2/l3	tex/books/平面几何（第一册）.tex:9318	164	98	324	0.938	0.062	replaced
books/assets/plane-geometry-1/fig-p0170-03.png	平面几何（第一册）	plane-geometry-1	170	T	high	对照 raw 第170页，已改 TikZ	（第5题）□ABCD；A-E-B-F共底；DE/CF竖直；△ADE与△BCF北东阴影线	tex/books/平面几何（第一册）.tex:9345	235	126	1096	0.910	0.090	replaced
books/assets/plane-geometry-1/fig-p0170-04.png	平面几何（第一册）	plane-geometry-1	170	T	high	对照 raw 第170页，已改 TikZ	（第14题）□ABCD；对角线AC；对边中点N(AB)、M(DC)连线过O	tex/books/平面几何（第一册）.tex:9374	212	128	1059	0.922	0.078	replaced
books/assets/plane-geometry-1/fig-p0171-01.png	平面几何（第一册）	plane-geometry-1	171	T	high	对照 raw 第171页，已改 TikZ	图3-13 □ABCD；虚线BD；AB/CD单杠、AD/BC双杠；角1=∠ADB、2=∠CBD、3=∠ABD、4=∠BDC	tex/books/平面几何（第一册）.tex:9414	217	125	833	0.940	0.060	replaced
books/assets/plane-geometry-1/fig-p0172-01.png	平面几何（第一册）	plane-geometry-1	172	T	high	对照 raw 第172页，已改 TikZ	图3-14 □ABCD；对角线AC/BD交O；AO/OC单杠、BO/OD双杠	tex/books/平面几何（第一册）.tex:9447	219	119	1032	0.932	0.068	replaced
books/assets/plane-geometry-1/fig-p0172-02.png	平面几何（第一册）	plane-geometry-1	172	T	high	对照 raw 第172页，已改 TikZ	图3-15 □ABCD；DN⊥AC于N、BM⊥AC于M（直角记号）；DM/BN；角1=∠BCA、2=∠DAC	tex/books/平面几何（第一册）.tex:9467	241	142	1280	0.901	0.099	replaced
books/assets/plane-geometry-1/fig-p0173-01.png	平面几何（第一册）	plane-geometry-1	173	T	high	对照 raw 第173页，已改 TikZ	图3-16 □ABCD（A左上）；实线E-A-C-F、BE、DF；虚线BD/ED/BF；O中心	tex/books/平面几何（第一册）.tex:9506	187	170	1246	0.904	0.096	replaced
books/assets/plane-geometry-1/fig-p0173-02.png	平面几何（第一册）	plane-geometry-1	173	V	low	初分待对照 raw 改轨	图3-17	tex/books/平面几何（第一册）.tex:9531	187	104	642	0.831	0.169	pending
books/assets/plane-geometry-1/fig-p0174-01.png	平面几何（第一册）	plane-geometry-1	174	V	low	初分待对照 raw 改轨	(第1题)	tex/books/平面几何（第一册）.tex:9557	193	186	1747	0.846	0.154	pending
books/assets/plane-geometry-1/fig-p0174-02.png	平面几何（第一册）	plane-geometry-1	174	T	high	对照 raw 第174页，已改 TikZ	（第2题）□ABCD与□ABEF共边AB；实线DF、CE；三横DC/AB/FE	tex/books/平面几何（第一册）.tex:9565	229	131	996	0.923	0.077	replaced
books/assets/plane-geometry-1/fig-p0174-03.png	平面几何（第一册）	plane-geometry-1	174	T	high	对照 raw 第174页，已改 TikZ	（第3题）□ABCD；∠D/∠B平分线交AC于N/M；DN/BM/DM/BN；D、B双角弧	tex/books/平面几何（第一册）.tex:9588	217	126	1156	0.906	0.094	replaced
books/assets/plane-geometry-1/fig-p0174-04.png	平面几何（第一册）	plane-geometry-1	174	T	high	对照 raw 第174页，已改 TikZ	（第7题）扫描：罗伯威尔天平式□ABCD；AB/CD竖直；AD/BC左低右高斜；中柱过AD、BC中点（小圆铰）；B、C下外伸秤盘；底斜纹块+横座；无角弧	tex/books/平面几何（第一册）.tex:9609	243	175	894	0.941	0.059	replaced
books/assets/plane-geometry-1/fig-p0175-01.png	平面几何（第一册）	plane-geometry-1	175	T	high	对照 raw 第175页，已改 TikZ	（第10题）扫描：□ABCD（A左上D右上B左下C右下）；P=AD中点、Q=BC中点；实线AQ、BP、DQ、CP两叉；无PQ、无角弧、无等长杠	tex/books/平面几何（第一册）.tex:9636	189	150	1084	0.925	0.075	replaced
books/assets/plane-geometry-1/fig-p0175-02.png	平面几何（第一册）	plane-geometry-1	175	R	medium	装饰插画，改标 R，保留 PNG	十字花冠	tex/books/平面几何（第一册）.tex:9651	119	117	640	0.921	0.079	pending
books/assets/plane-geometry-1/fig-p0175-03.png	平面几何（第一册）	plane-geometry-1	175	R	medium	装饰插画，改标 R，保留 PNG	螺旋桨	tex/books/平面几何（第一册）.tex:9659	131	116	578	0.958	0.042	pending
books/assets/plane-geometry-1/fig-p0175-04.png	平面几何（第一册）	plane-geometry-1	175	V	low	初分待对照 raw 改轨	四叶电扇	tex/books/平面几何（第一册）.tex:9667	110	181	1418	0.744	0.256	pending
books/assets/plane-geometry-1/fig-p0175-05.png	平面几何（第一册）	plane-geometry-1	175	R	medium	装饰插画，改标 R，保留 PNG	设计图样	tex/books/平面几何（第一册）.tex:9675	125	146	890	0.893	0.107	pending
books/assets/plane-geometry-1/fig-p0176-01.png	平面几何（第一册）	plane-geometry-1	176	T	high	对照 raw 第176页，已改 TikZ	图3-19 扫描：□ABCD（A左下B右下C右上D左上）；对角线AC/BD交O；△AOD与△BOC水平阴影线；无角弧	tex/books/平面几何（第一册）.tex:9693	223	126	1153	0.886	0.114	replaced
books/assets/plane-geometry-1/fig-p0176-02.png	平面几何（第一册）	plane-geometry-1	176	T	high	对照 raw 第176页，已改 TikZ	图3-20 扫描：斜线段B—O—C三点实心圆；O上方半圆弧标180°；无虚线	tex/books/平面几何（第一册）.tex:9709	239	70	581	0.940	0.060	replaced
books/assets/plane-geometry-1/fig-p0176-03.png	平面几何（第一册）	plane-geometry-1	176	T	high	对照 raw 第176页，已改 TikZ	图3-21 扫描：中心O；B—O—B'、C—O—C'共线；实线BC与B'C'；点O小实心圆；无角弧	tex/books/平面几何（第一册）.tex:9725	206	128	979	0.956	0.044	replaced
books/assets/plane-geometry-1/fig-p0177-01.png	平面几何（第一册）	plane-geometry-1	177	T	high	对照 raw 第177页，已改 TikZ	图3·22 扫描：△ABC（左）与△A'B'C'（右）关于O中心对称；实线两三角形；虚线AA'/BB'/CC'过O；O小实心圆	tex/books/平面几何（第一册）.tex:9743	280	174	1507	0.954	0.046	replaced
books/assets/plane-geometry-1/fig-p0177-02.png	平面几何（第一册）	plane-geometry-1	177	T	high	对照 raw 第177页，已改 TikZ	（第2题）扫描：□ABCD近矩形（A左下B右下C右上D左上）；自C经O至C'；O为CC'中点小实心圆；无其他对称点	tex/books/平面几何（第一册）.tex:9786	237	190	869	0.965	0.035	replaced
books/assets/plane-geometry-1/fig-p0178-01.png	平面几何（第一册）	plane-geometry-1	178	T	high	对照 raw 第178页，已改 TikZ	（第8题）扫描：□ABCD（A左上B左下C右下D右上）；对角线AC/BD交O；对边中点P(AD)、Q(BC)、R(AB)、S(CD)；PQ、RS过O；实线PRQS	tex/books/平面几何（第一册）.tex:9823	184	140	1290	0.894	0.106	replaced
books/assets/plane-geometry-1/fig-p0178-02.png	平面几何（第一册）	plane-geometry-1	178	P	medium	疑似网纹或照片	图3·23	tex/books/平面几何（第一册）.tex:9854	207	130	1343	0.731	0.269	pending
books/assets/plane-geometry-1/fig-p0179-01.png	平面几何（第一册）	plane-geometry-1	179	T	high	对照 raw 第179页，已改 TikZ	图3·24 扫描：菱形ABCD竖立（C上A下D左B右）；对角线AC/DB交O，O处左上直角方；AC平分∠C与∠A（单弧）；DB平分∠D与∠B（双弧）	tex/books/平面几何（第一册）.tex:9873	143	254	1092	0.946	0.054	replaced
books/assets/plane-geometry-1/fig-p0179-02.png	平面几何（第一册）	plane-geometry-1	179	T	high	对照 raw 第179页，已改 TikZ	图3·25 扫描：矩形ABCD（A左下B右下C右上D左上）；P在AD、Q在BC；实线AC与PQ；虚线AS∥PQ交BC于S（S在B、Q间）；无角弧	tex/books/平面几何（第一册）.tex:9887	204	131	1004	0.905	0.095	replaced
books/assets/plane-geometry-1/fig-p0180-01.png	平面几何（第一册）	plane-geometry-1	180	T	high	对照 raw 第180页，已改 TikZ	图3-26 扫描：正方形ABCD（D左下A右下B右上C左上）；E在CB、F在CD；延长CB至F'使BF'=DF；实线AF/AE，虚线AF'/BF'；B处直角方；A处∠DAF与∠BAF'单弧，∠FAE与∠EAF'双弧；F与F'处角弧	tex/books/平面几何（第一册）.tex:9931	232	165	1366	0.907	0.093	replaced
books/assets/plane-geometry-1/fig-p0180-02.png	平面几何（第一册）	plane-geometry-1	180	T	high	对照 raw 第180页，已改 TikZ	（第2题）扫描：左矩形两条虚对称轴（横竖过中心）；中菱形两条虚对角线对称轴；右正方形四条虚对称轴（横竖+两对角线）；轴略伸出边外；无字母	tex/books/平面几何（第一册）.tex:9965	463	140	1449	0.959	0.041	replaced
books/assets/plane-geometry-1/fig-p0181-01.png	平面几何（第一册）	plane-geometry-1	181	T	high	对照 raw 第181页，已改 TikZ	（第10题）扫描：□ABCD（A左下B右下C右上D左上右倾）；四顶点角平分线交成矩形PQRS（P=A∩B偏上、Q=C∩D偏下、R右、S左）；P/Q/R/S各直角方；A/B/C/D各双单弧	tex/books/平面几何（第一册）.tex:10008	215	127	1238	0.884	0.116	replaced
books/assets/plane-geometry-1/fig-p0181-02.png	平面几何（第一册）	plane-geometry-1	181	T	high	对照 raw 第181页，已改 TikZ	（第12题）扫描：正方形ABCD（A左上B左下C右下D右上）；对角线AC；P在AC偏A；过P作横竖线分别交AB/CD与AD/BC；无角弧	tex/books/平面几何（第一册）.tex:10016	181	177	795	0.926	0.074	replaced
books/assets/plane-geometry-1/fig-p0181-03.png	平面几何（第一册）	plane-geometry-1	181	P	medium	疑似网纹或照片	(第13题)	tex/books/平面几何（第一册）.tex:10024	179	184	1911	0.841	0.159	pending
books/assets/plane-geometry-1/fig-p0182-01.png	平面几何（第一册）	plane-geometry-1	182	T	high	对照 raw 第182页，已改 TikZ	图3·27 扫描：三水平平行线；左截线l1过A/C/E，右截线l2过B/D/F（上聚）；虚线BS∥l1交中线于S，虚线DK∥l1交底线于K；∠SBD与∠KDF角弧，D/F处同位角弧	tex/books/平面几何（第一册）.tex:10057	203	180	1126	0.915	0.085	replaced
books/assets/plane-geometry-1/fig-p0183-01.png	平面几何（第一册）	plane-geometry-1	183	R	medium	钢板装饰边，改标 R，保留 PNG	图3-28	tex/books/平面几何（第一册）.tex:10103	259	151	1220	0.938	0.062	pending
books/assets/plane-geometry-1/fig-p0183-02.png	平面几何（第一册）	plane-geometry-1	183	T	high	对照 raw 第183页，已改 TikZ	图3-29 扫描：竖框内等距横格线（6条）；斜放纸条右缘PQ跨5格；P在顶格、Q在底格；交点小实心圆；格线在纸条右侧续绘	tex/books/平面几何（第一册）.tex:10125	179	230	1021	0.921	0.079	replaced
books/assets/plane-geometry-1/fig-p0183-03.png	平面几何（第一册）	plane-geometry-1	183	T	medium	高留白线稿	图3-30	tex/books/平面几何（第一册）.tex:10143	233	230	1632	0.925	0.075	pending
books/assets/plane-geometry-1/fig-p0184-01.png	平面几何（第一册）	plane-geometry-1	184	T	medium	高留白线稿	图3-31	tex/books/平面几何（第一册）.tex:10180	248	200	1082	0.932	0.068	pending
books/assets/plane-geometry-1/fig-p0185-01.png	平面几何（第一册）	plane-geometry-1	185	T	low	初分待对照 raw 改轨	图3-32	tex/books/平面几何（第一册）.tex:10208	201	132	783	0.907	0.093	pending
books/assets/plane-geometry-1/fig-p0185-02.png	平面几何（第一册）	plane-geometry-1	185	T	medium	高留白线稿	图3-33	tex/books/平面几何（第一册）.tex:10231	244	170	1276	0.932	0.068	pending
books/assets/plane-geometry-1/fig-p0186-01.png	平面几何（第一册）	plane-geometry-1	186	T	medium	高留白线稿	图3-34	tex/books/平面几何（第一册）.tex:10268	407	163	1401	0.949	0.051	pending
books/assets/plane-geometry-1/fig-p0187-01.png	平面几何（第一册）	plane-geometry-1	187	T	medium	高留白线稿	(第2题)	tex/books/平面几何（第一册）.tex:10301	210	118	961	0.932	0.068	pending
books/assets/plane-geometry-1/fig-p0187-02.png	平面几何（第一册）	plane-geometry-1	187	T	medium	高留白线稿	(第7题)	tex/books/平面几何（第一册）.tex:10332	208	159	486	0.963	0.037	pending
books/assets/plane-geometry-1/fig-p0188-01.png	平面几何（第一册）	plane-geometry-1	188	T	medium	高留白线稿	图3-35	tex/books/平面几何（第一册）.tex:10377	206	158	956	0.939	0.061	pending
books/assets/plane-geometry-1/fig-p0188-02.png	平面几何（第一册）	plane-geometry-1	188	T	low	初分待对照 raw 改轨	图3-36	tex/books/平面几何（第一册）.tex:10402	228	167	1526	0.909	0.091	pending
books/assets/plane-geometry-1/fig-p0189-01.png	平面几何（第一册）	plane-geometry-1	189	T	medium	高留白线稿	图3-37	tex/books/平面几何（第一册）.tex:10448	205	148	889	0.939	0.061	pending
books/assets/plane-geometry-1/fig-p0190-01.png	平面几何（第一册）	plane-geometry-1	190	T	low	初分待对照 raw 改轨	图3-39	tex/books/平面几何（第一册）.tex:10520	208	200	1904	0.905	0.095	pending
books/assets/plane-geometry-1/fig-p0191-01.png	平面几何（第一册）	plane-geometry-1	191	T	low	初分待对照 raw 改轨	图3-40	tex/books/平面几何（第一册）.tex:10571	198	190	1414	0.914	0.086	pending
books/assets/plane-geometry-1/fig-p0192-01.png	平面几何（第一册）	plane-geometry-1	192	T	low	初分待对照 raw 改轨	图3-41	tex/books/平面几何（第一册）.tex:10611	179	152	1121	0.918	0.082	pending
books/assets/plane-geometry-1/fig-p0193-01.png	平面几何（第一册）	plane-geometry-1	193	T	low	初分待对照 raw 改轨	(第3题)	tex/books/平面几何（第一册）.tex:10655	197	147	967	0.911	0.089	pending
books/assets/plane-geometry-1/fig-p0193-02.png	平面几何（第一册）	plane-geometry-1	193	T	low	初分待对照 raw 改轨	(第5题)	tex/books/平面几何（第一册）.tex:10674	213	130	1078	0.896	0.104	pending
books/assets/plane-geometry-1/fig-p0194-01.png	平面几何（第一册）	plane-geometry-1	194	T	medium	高留白线稿	(第6题)	tex/books/平面几何（第一册）.tex:10696	194	196	1364	0.923	0.077	pending
books/assets/plane-geometry-1/fig-p0194-02.png	平面几何（第一册）	plane-geometry-1	194	T	medium	高留白线稿	(第8题)	tex/books/平面几何（第一册）.tex:10704	199	132	797	0.939	0.061	pending
books/assets/plane-geometry-1/fig-p0194-03.png	平面几何（第一册）	plane-geometry-1	194	T	low	初分待对照 raw 改轨	(第13题)	tex/books/平面几何（第一册）.tex:10742	210	178	1700	0.904	0.096	pending
books/assets/plane-geometry-1/fig-p0195-01.png	平面几何（第一册）	plane-geometry-1	195	T	medium	高留白线稿	(第16题:	tex/books/平面几何（第一册）.tex:10785	178	191	1015	0.946	0.054	pending
books/assets/plane-geometry-1/fig-p0195-02.png	平面几何（第一册）	plane-geometry-1	195	T	medium	高留白线稿	(第17题)	tex/books/平面几何（第一册）.tex:10793	202	254	1404	0.943	0.057	pending
books/assets/plane-geometry-1/fig-p0196-01.png	平面几何（第一册）	plane-geometry-1	196	T	low	初分待对照 raw 改轨	渠道的截面	tex/books/平面几何（第一册）.tex:10824	134	102	937	0.889	0.111	pending
books/assets/plane-geometry-1/fig-p0196-02.png	平面几何（第一册）	plane-geometry-1	196	P	medium	疑似网纹或照片	井圈的侧面	tex/books/平面几何（第一册）.tex:10832	133	122	1241	0.839	0.161	pending
books/assets/plane-geometry-1/fig-p0196-03.png	平面几何（第一册）	plane-geometry-1	196	T	low	初分待对照 raw 改轨	梯子	tex/books/平面几何（第一册）.tex:10840	93	139	571	0.899	0.101	pending
books/assets/plane-geometry-1/fig-p0196-04.png	平面几何（第一册）	plane-geometry-1	196	T	low	初分待对照 raw 改轨	(1)	tex/books/平面几何（第一册）.tex:10853	182	126	1012	0.891	0.109	pending
books/assets/plane-geometry-1/fig-p0196-05.png	平面几何（第一册）	plane-geometry-1	196	T	medium	高留白线稿	(2)	tex/books/平面几何（第一册）.tex:10861	176	127	737	0.928	0.072	pending
books/assets/plane-geometry-1/fig-p0196-06.png	平面几何（第一册）	plane-geometry-1	196	T	low	初分待对照 raw 改轨	(3)	tex/books/平面几何（第一册）.tex:10869	146	109	546	0.915	0.085	pending
books/assets/plane-geometry-1/fig-p0196-07.png	平面几何（第一册）	plane-geometry-1	196	T	medium	高留白线稿	图 3·44	tex/books/平面几何（第一册）.tex:10892	201	126	743	0.938	0.062	pending
books/assets/plane-geometry-1/fig-p0197-01.png	平面几何（第一册）	plane-geometry-1	197	T	low	初分待对照 raw 改轨	图3-45	tex/books/平面几何（第一册）.tex:10935	200	126	982	0.911	0.089	pending
books/assets/plane-geometry-1/fig-p0197-02.png	平面几何（第一册）	plane-geometry-1	197	T	medium	高留白线稿	图 3-48(1)	tex/books/平面几何（第一册）.tex:10957	169	157	803	0.947	0.053	pending
books/assets/plane-geometry-1/fig-p0198-01.png	平面几何（第一册）	plane-geometry-1	198	T	low	初分待对照 raw 改轨	图 3-46(2)	tex/books/平面几何（第一册）.tex:10987	169	116	714	0.919	0.081	pending
books/assets/plane-geometry-1/fig-p0198-02.png	平面几何（第一册）	plane-geometry-1	198	T	medium	高留白线稿	图3-47	tex/books/平面几何（第一册）.tex:11029	280	133	1255	0.929	0.071	pending
books/assets/plane-geometry-1/fig-p0199-01.png	平面几何（第一册）	plane-geometry-1	199	T	medium	高留白线稿	图示（原PDF第199页）	tex/books/平面几何（第一册）.tex:11088	171	100	439	0.928	0.072	pending
books/assets/plane-geometry-1/fig-p0199-02.png	平面几何（第一册）	plane-geometry-1	199	T	low	初分待对照 raw 改轨	(1)	tex/books/平面几何（第一册）.tex:11094	192	132	1131	0.895	0.105	pending
books/assets/plane-geometry-1/fig-p0199-03.png	平面几何（第一册）	plane-geometry-1	199	T	low	初分待对照 raw 改轨	(2)	tex/books/平面几何（第一册）.tex:11102	175	132	1148	0.890	0.110	pending
books/assets/plane-geometry-1/fig-p0200-01.png	平面几何（第一册）	plane-geometry-1	200	T	medium	高留白线稿	图3-49	tex/books/平面几何（第一册）.tex:11153	182	208	1224	0.949	0.051	pending
books/assets/plane-geometry-1/fig-p0203-01.png	平面几何（第一册）	plane-geometry-1	203	T	low	初分待对照 raw 改轨	图3-50	tex/books/平面几何（第一册）.tex:11259	228	118	1109	0.896	0.104	pending
books/assets/plane-geometry-1/fig-p0204-01.png	平面几何（第一册）	plane-geometry-1	204	T	low	初分待对照 raw 改轨	图3·51	tex/books/平面几何（第一册）.tex:11318	203	126	1031	0.891	0.109	pending
books/assets/plane-geometry-1/fig-p0205-01.png	平面几何（第一册）	plane-geometry-1	205	T	medium	高留白线稿	图示（原PDF第205页）	tex/books/平面几何（第一册）.tex:11377	525	236	3418	0.940	0.060	pending
books/assets/plane-geometry-1/fig-p0207-01.png	平面几何（第一册）	plane-geometry-1	207	T	low	初分待对照 raw 改轨	(第6题)	tex/books/平面几何（第一册）.tex:11477	180	229	1172	0.919	0.081	pending
books/assets/plane-geometry-1/fig-p0207-02.png	平面几何（第一册）	plane-geometry-1	207	T	low	初分待对照 raw 改轨	(第12题)	tex/books/平面几何（第一册）.tex:11517	197	116	1018	0.881	0.119	pending
books/assets/plane-geometry-1/fig-p0208-01.png	平面几何（第一册）	plane-geometry-1	208	T	medium	高留白线稿	(第 15 题)	tex/books/平面几何（第一册）.tex:11552	213	163	1309	0.930	0.070	pending
books/assets/plane-geometry-1/fig-p0208-02.png	平面几何（第一册）	plane-geometry-1	208	T	medium	高留白线稿	(第17题)	tex/books/平面几何（第一册）.tex:11582	222	151	1247	0.934	0.066	pending
books/assets/plane-geometry-1/fig-p0208-03.png	平面几何（第一册）	plane-geometry-1	208	T	low	初分待对照 raw 改轨	(第20题)	tex/books/平面几何（第一册）.tex:11603	182	147	1206	0.898	0.102	pending
books/assets/plane-geometry-1/fig-p0208-04.png	平面几何（第一册）	plane-geometry-1	208	T	low	初分待对照 raw 改轨	(第22题)	tex/books/平面几何（第一册）.tex:11625	273	247	2033	0.918	0.082	pending
books/assets/plane-geometry-1/fig-p0209-01.png	平面几何（第一册）	plane-geometry-1	209	T	low	初分待对照 raw 改轨	(第3题)	tex/books/平面几何（第一册）.tex:11650	188	168	1443	0.911	0.089	pending
books/assets/plane-geometry-1/fig-p0209-02.png	平面几何（第一册）	plane-geometry-1	209	T	medium	高留白线稿	(第4题)	tex/books/平面几何（第一册）.tex:11658	183	256	1462	0.941	0.059	pending
books/assets/plane-geometry-1/fig-p0209-03.png	平面几何（第一册）	plane-geometry-1	209	T	low	初分待对照 raw 改轨	(第6题)	tex/books/平面几何（第一册）.tex:11686	271	153	1387	0.920	0.080	pending
books/assets/plane-geometry-1/fig-p0210-01.png	平面几何（第一册）	plane-geometry-1	210	T	medium	高留白线稿	(第7题)	tex/books/平面几何（第一册）.tex:11714	155	202	1181	0.945	0.055	pending
books/assets/plane-geometry-1/fig-p0210-02.png	平面几何（第一册）	plane-geometry-1	210	T	medium	高留白线稿	(第8题)	tex/books/平面几何（第一册）.tex:11722	170	304	1450	0.950	0.050	pending
books/assets/plane-geometry-1/fig-p0210-03.png	平面几何（第一册）	plane-geometry-1	210	T	medium	高留白线稿	(第3题)	tex/books/平面几何（第一册）.tex:11737	203	147	994	0.933	0.067	pending
books/assets/plane-geometry-1/fig-p0210-04.png	平面几何（第一册）	plane-geometry-1	210	T	low	初分待对照 raw 改轨	(第10题)	tex/books/平面几何（第一册）.tex:11745	238	141	1283	0.918	0.082	pending
books/assets/plane-geometry-1/fig-p0211-01.png	平面几何（第一册）	plane-geometry-1	211	T	medium	高留白线稿	(第3题)	tex/books/平面几何（第一册）.tex:11796	148	202	1009	0.929	0.071	pending
books/assets/plane-geometry-1/fig-p0211-02.png	平面几何（第一册）	plane-geometry-1	211	T	medium	高留白线稿	(第6题)	tex/books/平面几何（第一册）.tex:11814	202	215	1405	0.940	0.060	pending
books/assets/plane-geometry-1/fig-p0211-03.png	平面几何（第一册）	plane-geometry-1	211	T	medium	高留白线稿	(第6题)	tex/books/平面几何（第一册）.tex:11822	187	182	1285	0.924	0.076	pending
books/assets/plane-geometry-1/fig-p0212-01.png	平面几何（第一册）	plane-geometry-1	212	T	medium	高留白线稿	(第7题)	tex/books/平面几何（第一册）.tex:11844	235	153	1492	0.921	0.079	pending
books/assets/plane-geometry-1/fig-p0213-01.png	平面几何（第一册）	plane-geometry-1	213	T	medium	高留白线稿	图4-1	tex/books/平面几何（第一册）.tex:11869	248	218	1881	0.936	0.064	pending
books/assets/plane-geometry-1/fig-p0214-01.png	平面几何（第一册）	plane-geometry-1	214	T	low	初分待对照 raw 改轨	图4-2	tex/books/平面几何（第一册）.tex:11894	154	314	1955	0.902	0.098	pending
books/assets/plane-geometry-1/fig-p0215-01.png	平面几何（第一册）	plane-geometry-1	215	T	medium	高留白线稿	(1)	tex/books/平面几何（第一册）.tex:11912	248	211	696	0.977	0.023	pending
books/assets/plane-geometry-1/fig-p0215-02.png	平面几何（第一册）	plane-geometry-1	215	T	low	初分待对照 raw 改轨	(2)	tex/books/平面几何（第一册）.tex:11920	170	185	1305	0.916	0.084	pending
books/assets/plane-geometry-1/fig-p0216-01.png	平面几何（第一册）	plane-geometry-1	216	T	medium	高留白线稿	(1)	tex/books/平面几何（第一册）.tex:11965	175	169	997	0.952	0.048	pending
books/assets/plane-geometry-1/fig-p0216-02.png	平面几何（第一册）	plane-geometry-1	216	T	medium	高留白线稿	(2)	tex/books/平面几何（第一册）.tex:11973	151	158	1030	0.940	0.060	pending
books/assets/plane-geometry-1/fig-p0216-03.png	平面几何（第一册）	plane-geometry-1	216	T	medium	高留白线稿	图4-5	tex/books/平面几何（第一册）.tex:11999	238	201	1469	0.962	0.038	pending
books/assets/plane-geometry-1/fig-p0217-01.png	平面几何（第一册）	plane-geometry-1	217	T	medium	高留白线稿	(1)	tex/books/平面几何（第一册）.tex:12038	200	143	791	0.957	0.043	pending
books/assets/plane-geometry-1/fig-p0217-02.png	平面几何（第一册）	plane-geometry-1	217	T	low	初分待对照 raw 改轨	(2)	tex/books/平面几何（第一册）.tex:12046	212	157	1497	0.915	0.085	pending
books/assets/plane-geometry-1/fig-p0218-01.png	平面几何（第一册）	plane-geometry-1	218	V	low	初分待对照 raw 改轨	(第5题)	tex/books/平面几何（第一册）.tex:12081	221	100	1228	0.713	0.287	pending
books/assets/plane-geometry-1/fig-p0218-02.png	平面几何（第一册）	plane-geometry-1	218	T	medium	高留白线稿	图4-7	tex/books/平面几何（第一册）.tex:12111	153	182	1023	0.926	0.074	pending
books/assets/plane-geometry-1/fig-p0219-01.png	平面几何（第一册）	plane-geometry-1	219	T	medium	高留白线稿	(1)	tex/books/平面几何（第一册）.tex:12151	162	194	705	0.968	0.032	pending
books/assets/plane-geometry-1/fig-p0219-02.png	平面几何（第一册）	plane-geometry-1	219	T	medium	高留白线稿	(2)	tex/books/平面几何（第一册）.tex:12159	153	182	990	0.923	0.077	pending
books/assets/plane-geometry-1/fig-p0220-01.png	平面几何（第一册）	plane-geometry-1	220	T	low	初分待对照 raw 改轨	图4-9	tex/books/平面几何（第一册）.tex:12214	163	168	1250	0.907	0.093	pending
books/assets/plane-geometry-1/fig-p0221-01.png	平面几何（第一册）	plane-geometry-1	221	T	low	初分待对照 raw 改轨	图示（原PDF第221页）	tex/books/平面几何（第一册）.tex:12235	158	162	1219	0.913	0.087	pending
books/assets/plane-geometry-1/fig-p0221-02.png	平面几何（第一册）	plane-geometry-1	221	T	low	初分待对照 raw 改轨	图4-10	tex/books/平面几何（第一册）.tex:12241	152	155	963	0.919	0.081	pending
books/assets/plane-geometry-1/fig-p0221-03.png	平面几何（第一册）	plane-geometry-1	221	T	low	初分待对照 raw 改轨	图4-11	tex/books/平面几何（第一册）.tex:12262	174	172	1302	0.915	0.085	pending
books/assets/plane-geometry-1/fig-p0222-01.png	平面几何（第一册）	plane-geometry-1	222	T	medium	高留白线稿	图4-12	tex/books/平面几何（第一册）.tex:12310	158	156	983	0.924	0.076	pending
books/assets/plane-geometry-1/fig-p0222-02.png	平面几何（第一册）	plane-geometry-1	222	T	medium	高留白线稿	图4-13	tex/books/平面几何（第一册）.tex:12332	174	153	1060	0.922	0.078	pending
books/assets/plane-geometry-1/fig-p0222-03.png	平面几何（第一册）	plane-geometry-1	222	T	low	初分待对照 raw 改轨	图4-14	tex/books/平面几何（第一册）.tex:12368	173	142	1096	0.907	0.093	pending
books/assets/plane-geometry-1/fig-p0223-01.png	平面几何（第一册）	plane-geometry-1	223	T	low	初分待对照 raw 改轨	图4-15	tex/books/平面几何（第一册）.tex:12400	174	158	1220	0.904	0.096	pending
books/assets/plane-geometry-1/fig-p0223-02.png	平面几何（第一册）	plane-geometry-1	223	T	medium	高留白线稿	图 4·16	tex/books/平面几何（第一册）.tex:12427	174	178	1064	0.937	0.063	pending
books/assets/plane-geometry-1/fig-p0223-03.png	平面几何（第一册）	plane-geometry-1	223	T	medium	高留白线稿	图 4·17	tex/books/平面几何（第一册）.tex:12435	153	166	1087	0.929	0.071	pending
books/assets/plane-geometry-1/fig-p0224-01.png	平面几何（第一册）	plane-geometry-1	224	T	low	初分待对照 raw 改轨	(第5题)	tex/books/平面几何（第一册）.tex:12487	164	176	1210	0.919	0.081	pending
books/assets/plane-geometry-1/fig-p0224-02.png	平面几何（第一册）	plane-geometry-1	224	T	low	初分待对照 raw 改轨	(第6题)	tex/books/平面几何（第一册）.tex:12495	170	163	1199	0.906	0.094	pending
books/assets/plane-geometry-1/fig-p0225-01.png	平面几何（第一册）	plane-geometry-1	225	T	medium	高留白线稿	(第8题)	tex/books/平面几何（第一册）.tex:12529	262	175	1319	0.931	0.069	pending
books/assets/plane-geometry-1/fig-p0225-02.png	平面几何（第一册）	plane-geometry-1	225	T	medium	高留白线稿	(第10题)	tex/books/平面几何（第一册）.tex:12539	173	176	1007	0.941	0.059	pending
books/assets/plane-geometry-1/fig-p0225-03.png	平面几何（第一册）	plane-geometry-1	225	T	low	初分待对照 raw 改轨	(第11题)	tex/books/平面几何（第一册）.tex:12547	174	181	1233	0.914	0.086	pending
books/assets/plane-geometry-1/fig-p0226-01.png	平面几何（第一册）	plane-geometry-1	226	T	medium	高留白线稿	图4·18	tex/books/平面几何（第一册）.tex:12585	162	172	1084	0.942	0.058	pending
books/assets/plane-geometry-1/fig-p0226-02.png	平面几何（第一册）	plane-geometry-1	226	T	medium	高留白线稿	图4-19	tex/books/平面几何（第一册）.tex:12593	200	164	1052	0.959	0.041	pending
books/assets/plane-geometry-1/fig-p0226-03.png	平面几何（第一册）	plane-geometry-1	226	T	low	初分待对照 raw 改轨	图4-20	tex/books/平面几何（第一册）.tex:12611	158	160	1201	0.918	0.082	pending
books/assets/plane-geometry-1/fig-p0227-01.png	平面几何（第一册）	plane-geometry-1	227	T	medium	高留白线稿	图4·21	tex/books/平面几何（第一册）.tex:12637	161	165	1006	0.931	0.069	pending
books/assets/plane-geometry-1/fig-p0227-02.png	平面几何（第一册）	plane-geometry-1	227	T	medium	高留白线稿	(1)	tex/books/平面几何（第一册）.tex:12649	157	165	1081	0.921	0.079	pending
books/assets/plane-geometry-1/fig-p0227-03.png	平面几何（第一册）	plane-geometry-1	227	T	low	初分待对照 raw 改轨	(2)	tex/books/平面几何（第一册）.tex:12657	155	179	1247	0.914	0.086	pending
books/assets/plane-geometry-1/fig-p0227-04.png	平面几何（第一册）	plane-geometry-1	227	T	low	初分待对照 raw 改轨	(3)	tex/books/平面几何（第一册）.tex:12665	159	181	1169	0.914	0.086	pending
books/assets/plane-geometry-1/fig-p0228-01.png	平面几何（第一册）	plane-geometry-1	228	T	medium	高留白线稿	图4·23	tex/books/平面几何（第一册）.tex:12705	171	186	1138	0.946	0.054	pending
books/assets/plane-geometry-1/fig-p0228-02.png	平面几何（第一册）	plane-geometry-1	228	T	low	初分待对照 raw 改轨	图4·24	tex/books/平面几何（第一册）.tex:12713	163	174	1391	0.909	0.091	pending
books/assets/plane-geometry-1/fig-p0229-01.png	平面几何（第一册）	plane-geometry-1	229	T	medium	高留白线稿	图4·28	tex/books/平面几何（第一册）.tex:12748	172	178	1320	0.931	0.069	pending
books/assets/plane-geometry-1/fig-p0229-02.png	平面几何（第一册）	plane-geometry-1	229	T	medium	高留白线稿	图4-26	tex/books/平面几何（第一册）.tex:12773	159	230	1325	0.939	0.061	pending
books/assets/plane-geometry-1/fig-p0230-01.png	平面几何（第一册）	plane-geometry-1	230	T	low	初分待对照 raw 改轨	图4-27	tex/books/平面几何（第一册）.tex:12799	166	159	1173	0.918	0.082	pending
books/assets/plane-geometry-1/fig-p0230-02.png	平面几何（第一册）	plane-geometry-1	230	T	low	初分待对照 raw 改轨	图示（原PDF第230页）	tex/books/平面几何（第一册）.tex:12826	196	63	302	0.916	0.084	pending
books/assets/plane-geometry-1/fig-p0230-03.png	平面几何（第一册）	plane-geometry-1	230	T	medium	高留白线稿	图4-28	tex/books/平面几何（第一册）.tex:12832	218	132	1040	0.924	0.076	pending
books/assets/plane-geometry-1/fig-p0231-01.png	平面几何（第一册）	plane-geometry-1	231	T	medium	高留白线稿	图4-29	tex/books/平面几何（第一册）.tex:12882	169	187	1043	0.928	0.072	pending
books/assets/plane-geometry-1/fig-p0232-01.png	平面几何（第一册）	plane-geometry-1	232	T	medium	高留白线稿	(第8题)	tex/books/平面几何（第一册）.tex:12941	255	132	970	0.944	0.056	pending
books/assets/plane-geometry-1/fig-p0232-02.png	平面几何（第一册）	plane-geometry-1	232	T	medium	高留白线稿	(第11题)	tex/books/平面几何（第一册）.tex:12965	168	164	1105	0.921	0.079	pending
books/assets/plane-geometry-1/fig-p0233-01.png	平面几何（第一册）	plane-geometry-1	233	T	low	初分待对照 raw 改轨	图4-30	tex/books/平面几何（第一册）.tex:13046	165	155	1043	0.900	0.100	pending
books/assets/plane-geometry-1/fig-p0233-02.png	平面几何（第一册）	plane-geometry-1	233	T	low	初分待对照 raw 改轨	图4-31	tex/books/平面几何（第一册）.tex:13054	191	162	1213	0.916	0.084	pending
books/assets/plane-geometry-1/fig-p0234-01.png	平面几何（第一册）	plane-geometry-1	234	T	medium	高留白线稿	(1)	tex/books/平面几何（第一册）.tex:13083	184	171	1209	0.928	0.072	pending
books/assets/plane-geometry-1/fig-p0234-02.png	平面几何（第一册）	plane-geometry-1	234	T	low	初分待对照 raw 改轨	(2)	tex/books/平面几何（第一册）.tex:13091	160	165	1160	0.900	0.100	pending
books/assets/plane-geometry-1/fig-p0235-01.png	平面几何（第一册）	plane-geometry-1	235	T	low	初分待对照 raw 改轨	图4·33	tex/books/平面几何（第一册）.tex:13142	142	139	867	0.905	0.095	pending
books/assets/plane-geometry-1/fig-p0235-02.png	平面几何（第一册）	plane-geometry-1	235	T	medium	高留白线稿	图4·33	tex/books/平面几何（第一册）.tex:13148	169	140	868	0.920	0.080	pending
books/assets/plane-geometry-1/fig-p0235-03.png	平面几何（第一册）	plane-geometry-1	235	T	medium	高留白线稿	图4-34	tex/books/平面几何（第一册）.tex:13178	169	290	1510	0.925	0.075	pending
books/assets/plane-geometry-1/fig-p0236-01.png	平面几何（第一册）	plane-geometry-1	236	T	medium	高留白线稿	图4-35	tex/books/平面几何（第一册）.tex:13215	289	186	1395	0.945	0.055	pending
books/assets/plane-geometry-1/fig-p0237-01.png	平面几何（第一册）	plane-geometry-1	237	T	medium	高留白线稿	图4-38	tex/books/平面几何（第一册）.tex:13259	268	195	1405	0.939	0.061	pending
books/assets/plane-geometry-1/fig-p0238-01.png	平面几何（第一册）	plane-geometry-1	238	T	medium	高留白线稿	图示（原PDF第238页）	tex/books/平面几何（第一册）.tex:13295	190	173	1453	0.931	0.069	pending
books/assets/plane-geometry-1/fig-p0238-02.png	平面几何（第一册）	plane-geometry-1	238	T	medium	高留白线稿	图4-37	tex/books/平面几何（第一册）.tex:13301	257	175	1280	0.940	0.060	pending
books/assets/plane-geometry-1/fig-p0238-04.png	平面几何（第一册）	plane-geometry-1	238	T	medium	高留白线稿	(第2题)	tex/books/平面几何（第一册）.tex:13345	435	162	1459	0.951	0.049	pending
books/assets/plane-geometry-1/fig-p0239-01.png	平面几何（第一册）	plane-geometry-1	239	T	low	初分待对照 raw 改轨	(第3,4题)	tex/books/平面几何（第一册）.tex:13368	248	157	1659	0.918	0.082	pending
books/assets/plane-geometry-1/fig-p0239-02.png	平面几何（第一册）	plane-geometry-1	239	T	low	初分待对照 raw 改轨	图示（原PDF第239页）	tex/books/平面几何（第一册）.tex:13387	151	144	1098	0.909	0.091	pending
books/assets/plane-geometry-1/fig-p0239-03.png	平面几何（第一册）	plane-geometry-1	239	T	medium	高留白线稿	(第5,6题)	tex/books/平面几何（第一册）.tex:13393	159	157	1136	0.921	0.079	pending
books/assets/plane-geometry-1/fig-p0240-01.png	平面几何（第一册）	plane-geometry-1	240	T	medium	高留白线稿	(第9题)	tex/books/平面几何（第一册）.tex:13416	198	200	1352	0.933	0.067	pending
books/assets/plane-geometry-1/fig-p0240-02.png	平面几何（第一册）	plane-geometry-1	240	T	low	初分待对照 raw 改轨	(第10题)	tex/books/平面几何（第一册）.tex:13424	183	189	1439	0.909	0.091	pending
books/assets/plane-geometry-1/fig-p0240-03.png	平面几何（第一册）	plane-geometry-1	240	T	medium	高留白线稿	(1) 相离	tex/books/平面几何（第一册）.tex:13458	175	187	1002	0.934	0.066	pending
books/assets/plane-geometry-1/fig-p0240-04.png	平面几何（第一册）	plane-geometry-1	240	T	medium	高留白线稿	(2) 相交	tex/books/平面几何（第一册）.tex:13466	184	177	969	0.933	0.067	pending
books/assets/plane-geometry-1/fig-p0240-05.png	平面几何（第一册）	plane-geometry-1	240	T	medium	高留白线稿	(3) 相切	tex/books/平面几何（第一册）.tex:13474	170	174	995	0.926	0.074	pending
books/assets/plane-geometry-1/fig-p0242-01.png	平面几何（第一册）	plane-geometry-1	242	T	medium	高留白线稿	图4-39	tex/books/平面几何（第一册）.tex:13521	202	169	1124	0.939	0.061	pending
books/assets/plane-geometry-1/fig-p0242-02.png	平面几何（第一册）	plane-geometry-1	242	T	medium	高留白线稿	图4-40	tex/books/平面几何（第一册）.tex:13550	210	201	971	0.952	0.048	pending
books/assets/plane-geometry-1/fig-p0243-01.png	平面几何（第一册）	plane-geometry-1	243	T	medium	高留白线稿	图4-41	tex/books/平面几何（第一册）.tex:13563	223	153	1098	0.935	0.065	pending
books/assets/plane-geometry-1/fig-p0243-02.png	平面几何（第一册）	plane-geometry-1	243	T	low	初分待对照 raw 改轨	图4-42	tex/books/平面几何（第一册）.tex:13571	244	184	1757	0.913	0.087	pending
books/assets/plane-geometry-1/fig-p0244-01.png	平面几何（第一册）	plane-geometry-1	244	T	low	初分待对照 raw 改轨	图4-43	tex/books/平面几何（第一册）.tex:13636	170	128	945	0.903	0.097	pending
books/assets/plane-geometry-1/fig-p0245-01.png	平面几何（第一册）	plane-geometry-1	245	T	medium	高留白线稿	图4-4-44	tex/books/平面几何（第一册）.tex:13674	255	170	1398	0.930	0.070	pending
books/assets/plane-geometry-1/fig-p0245-02.png	平面几何（第一册）	plane-geometry-1	245	T	medium	高留白线稿	图4-45	tex/books/平面几何（第一册）.tex:13700	161	254	1372	0.934	0.066	pending
books/assets/plane-geometry-1/fig-p0246-01.png	平面几何（第一册）	plane-geometry-1	246	T	low	初分待对照 raw 改轨	图4-48	tex/books/平面几何（第一册）.tex:13754	143	159	1046	0.910	0.090	pending
books/assets/plane-geometry-1/fig-p0247-01.png	平面几何（第一册）	plane-geometry-1	247	T	low	初分待对照 raw 改轨	(第7题)	tex/books/平面几何（第一册）.tex:13839	201	167	1296	0.910	0.090	pending
books/assets/plane-geometry-1/fig-p0247-02.png	平面几何（第一册）	plane-geometry-1	247	T	medium	高留白线稿	(第9题)	tex/books/平面几何（第一册）.tex:13847	195	178	1082	0.923	0.077	pending
books/assets/plane-geometry-1/fig-p0247-03.png	平面几何（第一册）	plane-geometry-1	247	T	low	初分待对照 raw 改轨	(第11题)	tex/books/平面几何（第一册）.tex:13855	174	128	776	0.914	0.086	pending
books/assets/plane-geometry-1/fig-p0248-01.png	平面几何（第一册）	plane-geometry-1	248	T	medium	高留白线稿	(第13题)	tex/books/平面几何（第一册）.tex:13877	170	200	1250	0.929	0.071	pending
books/assets/plane-geometry-1/fig-p0248-02.png	平面几何（第一册）	plane-geometry-1	248	T	low	初分待对照 raw 改轨	(第17题)	tex/books/平面几何（第一册）.tex:13907	168	164	1169	0.914	0.086	pending
books/assets/plane-geometry-1/fig-p0249-01.png	平面几何（第一册）	plane-geometry-1	249	T	medium	高留白线稿	图示（原PDF第249页）	tex/books/平面几何（第一册）.tex:13927	239	170	1148	0.946	0.054	pending
books/assets/plane-geometry-1/fig-p0249-02.png	平面几何（第一册）	plane-geometry-1	249	T	medium	高留白线稿	图4-47	tex/books/平面几何（第一册）.tex:13933	158	152	965	0.925	0.075	pending
books/assets/plane-geometry-1/fig-p0249-03.png	平面几何（第一册）	plane-geometry-1	249	T	medium	高留白线稿	图4-48	tex/books/平面几何（第一册）.tex:13948	216	174	1362	0.934	0.066	pending
books/assets/plane-geometry-1/fig-p0250-01.png	平面几何（第一册）	plane-geometry-1	250	T	medium	高留白线稿	图4-49	tex/books/平面几何（第一册）.tex:13984	208	161	1235	0.945	0.055	pending
books/assets/plane-geometry-1/fig-p0251-01.png	平面几何（第一册）	plane-geometry-1	251	T	medium	高留白线稿	图4-50	tex/books/平面几何（第一册）.tex:14046	180	185	1047	0.933	0.067	pending
books/assets/plane-geometry-1/fig-p0252-01.png	平面几何（第一册）	plane-geometry-1	252	T	medium	高留白线稿	(1)	tex/books/平面几何（第一册）.tex:14075	284	172	1727	0.929	0.071	pending
books/assets/plane-geometry-1/fig-p0252-02.png	平面几何（第一册）	plane-geometry-1	252	T	low	初分待对照 raw 改轨	(2)	tex/books/平面几何（第一册）.tex:14083	266	146	1585	0.897	0.103	pending
books/assets/plane-geometry-1/fig-p0253-01.png	平面几何（第一册）	plane-geometry-1	253	T	low	初分待对照 raw 改轨	(第7题)	tex/books/平面几何（第一册）.tex:14129	211	178	1446	0.900	0.100	pending
books/assets/plane-geometry-1/fig-p0253-02.png	平面几何（第一册）	plane-geometry-1	253	T	medium	高留白线稿	图 4-7-52	tex/books/平面几何（第一册）.tex:14171	222	194	1468	0.925	0.075	pending
books/assets/plane-geometry-1/fig-p0254-01.png	平面几何（第一册）	plane-geometry-1	254	T	low	初分待对照 raw 改轨	(1)	tex/books/平面几何（第一册）.tex:14203	152	150	963	0.895	0.105	pending
books/assets/plane-geometry-1/fig-p0254-02.png	平面几何（第一册）	plane-geometry-1	254	T	low	初分待对照 raw 改轨	(2)	tex/books/平面几何（第一册）.tex:14211	149	140	960	0.878	0.122	pending
books/assets/plane-geometry-1/fig-p0255-01.png	平面几何（第一册）	plane-geometry-1	255	T	low	初分待对照 raw 改轨	图4-54	tex/books/平面几何（第一册）.tex:14269	156	121	774	0.898	0.102	pending
books/assets/plane-geometry-1/fig-p0255-02.png	平面几何（第一册）	plane-geometry-1	255	T	low	初分待对照 raw 改轨	图4-55	tex/books/平面几何（第一册）.tex:14293	198	145	1365	0.897	0.103	pending
books/assets/plane-geometry-1/fig-p0257-01.png	平面几何（第一册）	plane-geometry-1	257	T	medium	高留白线稿	(1)	tex/books/平面几何（第一册）.tex:14377	163	157	1016	0.935	0.065	pending
books/assets/plane-geometry-1/fig-p0257-02.png	平面几何（第一册）	plane-geometry-1	257	T	medium	高留白线稿	(2)	tex/books/平面几何（第一册）.tex:14385	160	157	834	0.937	0.063	pending
books/assets/plane-geometry-1/fig-p0257-03.png	平面几何（第一册）	plane-geometry-1	257	T	medium	高留白线稿	(3)	tex/books/平面几何（第一册）.tex:14393	152	153	933	0.929	0.071	pending
books/assets/plane-geometry-1/fig-p0258-01.png	平面几何（第一册）	plane-geometry-1	258	T	medium	高留白线稿	图4-57	tex/books/平面几何（第一册）.tex:14437	203	166	1182	0.925	0.075	pending
books/assets/plane-geometry-1/fig-p0258-02.png	平面几何（第一册）	plane-geometry-1	258	T	low	初分待对照 raw 改轨	(第5题)	tex/books/平面几何（第一册）.tex:14476	143	141	1068	0.887	0.113	pending
books/assets/plane-geometry-1/fig-p0258-03.png	平面几何（第一册）	plane-geometry-1	258	T	medium	高留白线稿	(第6题)	tex/books/平面几何（第一册）.tex:14484	211	235	1611	0.925	0.075	pending
books/assets/plane-geometry-1/fig-p0259-01.png	平面几何（第一册）	plane-geometry-1	259	V	low	初分待对照 raw 改轨	图4-58	tex/books/平面几何（第一册）.tex:14502	456	164	4182	0.835	0.165	pending
books/assets/plane-geometry-1/fig-p0260-01.png	平面几何（第一册）	plane-geometry-1	260	T	medium	高留白线稿	(1) 外离	tex/books/平面几何（第一册）.tex:14521	181	113	836	0.936	0.064	pending
books/assets/plane-geometry-1/fig-p0260-02.png	平面几何（第一册）	plane-geometry-1	260	T	medium	高留白线稿	(2) 外切	tex/books/平面几何（第一册）.tex:14529	163	112	832	0.929	0.071	pending
books/assets/plane-geometry-1/fig-p0260-03.png	平面几何（第一册）	plane-geometry-1	260	T	medium	高留白线稿	(3) 相交	tex/books/平面几何（第一册）.tex:14537	143	110	769	0.928	0.072	pending
books/assets/plane-geometry-1/fig-p0260-04.png	平面几何（第一册）	plane-geometry-1	260	T	low	初分待对照 raw 改轨	(4) 内切	tex/books/平面几何（第一册）.tex:14545	111	102	671	0.905	0.095	pending
books/assets/plane-geometry-1/fig-p0260-05.png	平面几何（第一册）	plane-geometry-1	260	T	low	初分待对照 raw 改轨	(5) 内含	tex/books/平面几何（第一册）.tex:14553	101	102	699	0.895	0.105	pending
books/assets/plane-geometry-1/fig-p0260-06.png	平面几何（第一册）	plane-geometry-1	260	T	low	初分待对照 raw 改轨	(6) 同心	tex/books/平面几何（第一册）.tex:14561	103	100	630	0.910	0.090	pending
books/assets/plane-geometry-1/fig-p0261-01.png	平面几何（第一册）	plane-geometry-1	261	T	low	初分待对照 raw 改轨	图4-80	tex/books/平面几何（第一册）.tex:14626	247	139	1236	0.914	0.086	pending
books/assets/plane-geometry-1/fig-p0262-01.png	平面几何（第一册）	plane-geometry-1	262	T	low	初分待对照 raw 改轨	(第3题)	tex/books/平面几何（第一册）.tex:14704	172	162	1047	0.913	0.087	pending
books/assets/plane-geometry-1/fig-p0263-01.png	平面几何（第一册）	plane-geometry-1	263	T	low	初分待对照 raw 改轨	图4-61	tex/books/平面几何（第一册）.tex:14752	198	139	1174	0.910	0.090	pending
books/assets/plane-geometry-1/fig-p0264-01.png	平面几何（第一册）	plane-geometry-1	264	T	medium	高留白线稿	(1)	tex/books/平面几何（第一册）.tex:14793	229	168	1231	0.948	0.052	pending
books/assets/plane-geometry-1/fig-p0264-02.png	平面几何（第一册）	plane-geometry-1	264	T	medium	高留白线稿	(2)	tex/books/平面几何（第一册）.tex:14801	181	171	1277	0.930	0.070	pending
books/assets/plane-geometry-1/fig-p0264-03.png	平面几何（第一册）	plane-geometry-1	264	T	medium	高留白线稿	图4-63	tex/books/平面几何（第一册）.tex:14824	301	155	1610	0.931	0.069	pending
books/assets/plane-geometry-1/fig-p0265-01.png	平面几何（第一册）	plane-geometry-1	265	T	medium	高留白线稿	图4-84	tex/books/平面几何（第一册）.tex:14857	281	265	2641	0.932	0.068	pending
books/assets/plane-geometry-1/fig-p0265-02.png	平面几何（第一册）	plane-geometry-1	265	T	low	初分待对照 raw 改轨	图：4.65	tex/books/平面几何（第一册）.tex:14882	231	223	2490	0.905	0.095	pending
books/assets/plane-geometry-1/fig-p0266-01.png	平面几何（第一册）	plane-geometry-1	266	T	medium	高留白线稿	图示（原PDF第266页）	tex/books/平面几何（第一册）.tex:14922	235	160	1378	0.945	0.055	pending
books/assets/plane-geometry-1/fig-p0266-02.png	平面几何（第一册）	plane-geometry-1	266	T	medium	高留白线稿	(第2题)	tex/books/平面几何（第一册）.tex:14928	183	183	1368	0.925	0.075	pending
books/assets/plane-geometry-1/fig-p0267-01.png	平面几何（第一册）	plane-geometry-1	267	T	medium	高留白线稿	(第4题)	tex/books/平面几何（第一册）.tex:14956	264	170	1567	0.945	0.055	pending
books/assets/plane-geometry-1/fig-p0267-02.png	平面几何（第一册）	plane-geometry-1	267	T	medium	高留白线稿	(第5题)	tex/books/平面几何（第一册）.tex:14964	211	163	1458	0.928	0.072	pending
books/assets/plane-geometry-1/fig-p0267-03.png	平面几何（第一册）	plane-geometry-1	267	T	low	初分待对照 raw 改轨	图示（原PDF第267页）	tex/books/平面几何（第一册）.tex:14992	101	103	698	0.855	0.145	pending
books/assets/plane-geometry-1/fig-p0267-04.png	平面几何（第一册）	plane-geometry-1	267	T	low	初分待对照 raw 改轨	(第6题)	tex/books/平面几何（第一册）.tex:14998	183	101	931	0.873	0.127	pending
books/assets/plane-geometry-1/fig-p0267-05.png	平面几何（第一册）	plane-geometry-1	267	T	low	初分待对照 raw 改轨	(第8题)	tex/books/平面几何（第一册）.tex:15015	271	179	1608	0.916	0.084	pending
books/assets/plane-geometry-1/fig-p0268-01.png	平面几何（第一册）	plane-geometry-1	268	T	medium	高留白线稿	(1)	tex/books/平面几何（第一册）.tex:15032	232	115	941	0.940	0.060	pending
books/assets/plane-geometry-1/fig-p0268-02.png	平面几何（第一册）	plane-geometry-1	268	T	medium	高留白线稿	(2)	tex/books/平面几何（第一册）.tex:15040	235	124	1256	0.940	0.060	pending
books/assets/plane-geometry-1/fig-p0268-03.png	平面几何（第一册）	plane-geometry-1	268	T	medium	高留白线稿	图4.67	tex/books/平面几何（第一册）.tex:15058	353	165	1972	0.930	0.070	pending
books/assets/plane-geometry-1/fig-p0269-01.png	平面几何（第一册）	plane-geometry-1	269	T	medium	高留白线稿	图4-68	tex/books/平面几何（第一册）.tex:15080	275	177	2198	0.921	0.079	pending
books/assets/plane-geometry-1/fig-p0270-01.png	平面几何（第一册）	plane-geometry-1	270	T	medium	高留白线稿	跑道	tex/books/平面几何（第一册）.tex:15100	193	105	601	0.934	0.066	pending
books/assets/plane-geometry-1/fig-p0270-02.png	平面几何（第一册）	plane-geometry-1	270	T	medium	高留白线稿	机械零件	tex/books/平面几何（第一册）.tex:15108	170	110	737	0.942	0.058	pending
books/assets/plane-geometry-1/fig-p0270-03.png	平面几何（第一册）	plane-geometry-1	270	T	low	初分待对照 raw 改轨	鼓风机外壳	tex/books/平面几何（第一册）.tex:15116	120	122	977	0.872	0.128	pending
books/assets/plane-geometry-1/fig-p0270-04.png	平面几何（第一册）	plane-geometry-1	270	T	medium	高留白线稿	图4-70	tex/books/平面几何（第一册）.tex:15135	139	224	633	0.960	0.040	pending
books/assets/plane-geometry-1/fig-p0271-01.png	平面几何（第一册）	plane-geometry-1	271	T	medium	高留白线稿	(1)	tex/books/平面几何（第一册）.tex:15150	272	114	704	0.958	0.042	pending
books/assets/plane-geometry-1/fig-p0271-02.png	平面几何（第一册）	plane-geometry-1	271	T	medium	高留白线稿	(2)	tex/books/平面几何（第一册）.tex:15158	224	138	746	0.965	0.035	pending
books/assets/plane-geometry-1/fig-p0271-03.png	平面几何（第一册）	plane-geometry-1	271	T	medium	高留白线稿	图4-72	tex/books/平面几何（第一册）.tex:15181	152	100	552	0.931	0.069	pending
books/assets/plane-geometry-1/fig-p0271-04.png	平面几何（第一册）	plane-geometry-1	271	T	medium	高留白线稿	图4-73	tex/books/平面几何（第一册）.tex:15189	205	150	1059	0.936	0.064	pending
books/assets/plane-geometry-1/fig-p0272-01.png	平面几何（第一册）	plane-geometry-1	272	T	medium	高留白线稿	图示（原PDF第272页）	tex/books/平面几何（第一册）.tex:15208	193	163	1169	0.939	0.061	pending
books/assets/plane-geometry-1/fig-p0272-02.png	平面几何（第一册）	plane-geometry-1	272	T	medium	高留白线稿	图4-74	tex/books/平面几何（第一册）.tex:15214	123	132	775	0.927	0.073	pending
books/assets/plane-geometry-1/fig-p0272-03.png	平面几何（第一册）	plane-geometry-1	272	T	medium	高留白线稿	(1)	tex/books/平面几何（第一册）.tex:15228	218	142	867	0.955	0.045	pending
books/assets/plane-geometry-1/fig-p0272-04.png	平面几何（第一册）	plane-geometry-1	272	T	medium	高留白线稿	(2).	tex/books/平面几何（第一册）.tex:15236	212	123	806	0.948	0.052	pending
books/assets/plane-geometry-1/fig-p0273-01.png	平面几何（第一册）	plane-geometry-1	273	T	medium	高留白线稿	图4-76	tex/books/平面几何（第一册）.tex:15263	252	157	1330	0.936	0.064	pending
books/assets/plane-geometry-1/fig-p0273-02.png	平面几何（第一册）	plane-geometry-1	273	T	low	初分待对照 raw 改轨	按1:5比例尺	tex/books/平面几何（第一册）.tex:15304	281	165	1210	0.912	0.088	pending
books/assets/plane-geometry-1/fig-p0274-02.png	平面几何（第一册）	plane-geometry-1	274	T	medium	高留白线稿	(第10题)	tex/books/平面几何（第一册）.tex:15369	199	185	943	0.951	0.049	pending
books/assets/plane-geometry-1/fig-p0275-01.png	平面几何（第一册）	plane-geometry-1	275	T	medium	高留白线稿	(第12题)	tex/books/平面几何（第一册）.tex:15387	282	103	681	0.930	0.070	pending
books/assets/plane-geometry-1/fig-p0275-02.png	平面几何（第一册）	plane-geometry-1	275	T	medium	高留白线稿	(第13题)	tex/books/平面几何（第一册）.tex:15395	161	122	744	0.929	0.071	pending
books/assets/plane-geometry-1/fig-p0275-03.png	平面几何（第一册）	plane-geometry-1	275	T	medium	高留白线稿	(第14题)	tex/books/平面几何（第一册）.tex:15413	190	99	571	0.933	0.067	pending
books/assets/plane-geometry-1/fig-p0275-04.png	平面几何（第一册）	plane-geometry-1	275	T	medium	高留白线稿	(第15题)	tex/books/平面几何（第一册）.tex:15421	207	179	1098	0.936	0.064	pending
books/assets/plane-geometry-1/fig-p0276-01.png	平面几何（第一册）	plane-geometry-1	276	T	medium	高留白线稿	图示（原PDF第276页）	tex/books/平面几何（第一册）.tex:15455	139	136	475	0.956	0.044	pending
books/assets/plane-geometry-1/fig-p0276-02.png	平面几何（第一册）	plane-geometry-1	276	T	low	初分待对照 raw 改轨	图4-78	tex/books/平面几何（第一册）.tex:15461	162	202	1445	0.916	0.084	pending
books/assets/plane-geometry-1/fig-p0277-01.png	平面几何（第一册）	plane-geometry-1	277	T	medium	高留白线稿	图 4-79	tex/books/平面几何（第一册）.tex:15498	315	296	2263	0.950	0.050	pending
books/assets/plane-geometry-1/fig-p0278-01.png	平面几何（第一册）	plane-geometry-1	278	T	medium	高留白线稿	图示（原PDF第278页）	tex/books/平面几何（第一册）.tex:15533	190	176	622	0.956	0.044	pending
books/assets/plane-geometry-1/fig-p0278-02.png	平面几何（第一册）	plane-geometry-1	278	T	low	初分待对照 raw 改轨	图4-80	tex/books/平面几何（第一册）.tex:15539	213	172	1483	0.905	0.095	pending
books/assets/plane-geometry-1/fig-p0279-01.png	平面几何（第一册）	plane-geometry-1	279	T	medium	高留白线稿	图示（原PDF第279页）	tex/books/平面几何（第一册）.tex:15574	194	160	506	0.962	0.038	pending
books/assets/plane-geometry-1/fig-p0279-02.png	平面几何（第一册）	plane-geometry-1	279	T	medium	高留白线稿	图4-81	tex/books/平面几何（第一册）.tex:15580	192	143	1260	0.920	0.080	pending
books/assets/plane-geometry-1/fig-p0279-03.png	平面几何（第一册）	plane-geometry-1	279	T	low	初分待对照 raw 改轨	图4-82	tex/books/平面几何（第一册）.tex:15612	247	177	1732	0.910	0.090	pending
books/assets/plane-geometry-1/fig-p0280-02.png	平面几何（第一册）	plane-geometry-1	280	T	medium	高留白线稿	图示（原PDF第280页）	tex/books/平面几何（第一册）.tex:15665	125	107	438	0.950	0.050	pending
books/assets/plane-geometry-1/fig-p0280-03.png	平面几何（第一册）	plane-geometry-1	280	T	low	初分待对照 raw 改轨	(第3题)	tex/books/平面几何（第一册）.tex:15671	194	139	1232	0.900	0.100	pending
books/assets/plane-geometry-1/fig-p0281-01.png	平面几何（第一册）	plane-geometry-1	281	T	medium	高留白线稿	(第8题)	tex/books/平面几何（第一册）.tex:15707	167	139	896	0.935	0.065	pending
books/assets/plane-geometry-1/fig-p0281-02.png	平面几何（第一册）	plane-geometry-1	281	T	low	初分待对照 raw 改轨	(第8题)	tex/books/平面几何（第一册）.tex:15725	170	158	1161	0.915	0.085	pending
books/assets/plane-geometry-1/fig-p0282-01.png	平面几何（第一册）	plane-geometry-1	282	T	medium	高留白线稿	(第10题)	tex/books/平面几何（第一册）.tex:15745	165	167	558	0.961	0.039	pending
books/assets/plane-geometry-1/fig-p0282-02.png	平面几何（第一册）	plane-geometry-1	282	T	medium	高留白线稿	(第11题)	tex/books/平面几何（第一册）.tex:15753	162	157	469	0.972	0.028	pending
books/assets/plane-geometry-1/fig-p0282-03.png	平面几何（第一册）	plane-geometry-1	282	T	medium	高留白线稿	图示（原PDF第282页）	tex/books/平面几何（第一册）.tex:15771	163	77	243	0.980	0.020	pending
books/assets/plane-geometry-1/fig-p0282-04.png	平面几何（第一册）	plane-geometry-1	282	T	medium	高留白线稿	已知线段 AB（第12题条件图的一部分）	tex/books/平面几何（第一册）.tex:15777	173	33	188	0.930	0.070	pending
books/assets/plane-geometry-1/fig-p0282-05.png	平面几何（第一册）	plane-geometry-1	282	T	medium	高留白线稿	图示（原PDF第282页）	tex/books/平面几何（第一册）.tex:15793	148	95	467	0.958	0.042	pending
books/assets/plane-geometry-1/fig-p0282-06.png	平面几何（第一册）	plane-geometry-1	282	T	medium	高留白线稿	已知线段 AB（第13题条件图的一部分）	tex/books/平面几何（第一册）.tex:15799	171	31	190	0.926	0.074	pending
books/assets/plane-geometry-1/fig-p0282-07.png	平面几何（第一册）	plane-geometry-1	282	T	medium	高留白线稿	(第14题)	tex/books/平面几何（第一册）.tex:15817	179	151	524	0.968	0.032	pending
books/assets/plane-geometry-1/fig-p0287-01.png	平面几何（第一册）	plane-geometry-1	287	T	medium	高留白线稿	(第7题)	tex/books/平面几何（第一册）.tex:16031	205	170	1442	0.931	0.069	pending
books/assets/plane-geometry-1/fig-p0287-02.png	平面几何（第一册）	plane-geometry-1	287	T	medium	高留白线稿	(第8题)	tex/books/平面几何（第一册）.tex:16039	186	153	1133	0.930	0.070	pending
books/assets/plane-geometry-1/fig-p0288-01.png	平面几何（第一册）	plane-geometry-1	288	T	low	初分待对照 raw 改轨	(第10题)	tex/books/平面几何（第一册）.tex:16067	227	136	1315	0.906	0.094	pending
books/assets/plane-geometry-1/fig-p0288-02.png	平面几何（第一册）	plane-geometry-1	288	T	low	初分待对照 raw 改轨	(第12题)	tex/books/平面几何（第一册）.tex:16093	165	162	1376	0.865	0.135	pending
books/assets/plane-geometry-1/fig-p0288-03.png	平面几何（第一册）	plane-geometry-1	288	T	low	初分待对照 raw 改轨	(第13题)	tex/books/平面几何（第一册）.tex:16101	167	159	1389	0.867	0.133	pending
books/assets/plane-geometry-1/fig-p0289-01.png	平面几何（第一册）	plane-geometry-1	289	T	medium	高留白线稿	(第14题)	tex/books/平面几何（第一册）.tex:16126	216	220	1602	0.923	0.077	pending
books/assets/plane-geometry-1/fig-p0289-02.png	平面几何（第一册）	plane-geometry-1	289	T	medium	高留白线稿	(第15题)	tex/books/平面几何（第一册）.tex:16134	212	192	1512	0.932	0.068	pending
books/assets/plane-geometry-1/fig-p0289-03.png	平面几何（第一册）	plane-geometry-1	289	T	low	初分待对照 raw 改轨	(第20题(1))	tex/books/平面几何（第一册）.tex:16181	229	170	1508	0.910	0.090	pending
books/assets/plane-geometry-1/fig-p0290-01.png	平面几何（第一册）	plane-geometry-1	290	T	medium	高留白线稿	(第20题(2))	tex/books/平面几何（第一册）.tex:16206	282	260	2188	0.949	0.051	pending
books/assets/plane-geometry-1/fig-p0290-02.png	平面几何（第一册）	plane-geometry-1	290	T	low	初分待对照 raw 改轨	(第22题)	tex/books/平面几何（第一册）.tex:16228	164	188	1369	0.897	0.103	pending
books/assets/plane-geometry-1/fig-p0290-03.png	平面几何（第一册）	plane-geometry-1	290	T	low	初分待对照 raw 改轨	(第23题)	tex/books/平面几何（第一册）.tex:16236	159	167	1144	0.893	0.107	pending
books/assets/plane-geometry-1/fig-p0291-01.png	平面几何（第一册）	plane-geometry-1	291	T	medium	高留白线稿	(第26题)	tex/books/平面几何（第一册）.tex:16268	242	140	368	0.971	0.029	pending
books/assets/plane-geometry-1/fig-p0291-02.png	平面几何（第一册）	plane-geometry-1	291	T	medium	高留白线稿	(第 26 题提示图)	tex/books/平面几何（第一册）.tex:16283	506	158	2208	0.921	0.079	pending
books/assets/plane-geometry-1/fig-p0291-03.png	平面几何（第一册）	plane-geometry-1	291	T	low	初分待对照 raw 改轨	(第1题)	tex/books/平面几何（第一册）.tex:16302	152	157	988	0.909	0.091	pending
books/assets/plane-geometry-1/fig-p0291-04.png	平面几何（第一册）	plane-geometry-1	291	T	low	初分待对照 raw 改轨	(第2题)	tex/books/平面几何（第一册）.tex:16310	153	149	1034	0.902	0.098	pending
books/assets/plane-geometry-1/fig-p0292-01.png	平面几何（第一册）	plane-geometry-1	292	T	low	初分待对照 raw 改轨	(第4题)	tex/books/平面几何（第一册）.tex:16341	219	139	1341	0.902	0.098	pending
books/assets/plane-geometry-1/fig-p0292-02.png	平面几何（第一册）	plane-geometry-1	292	T	low	初分待对照 raw 改轨	(第5题)	tex/books/平面几何（第一册）.tex:16349	157	163	1319	0.874	0.126	pending
books/assets/plane-geometry-1/fig-p0292-03.png	平面几何（第一册）	plane-geometry-1	292	T	medium	高留白线稿	(第10题)	tex/books/平面几何（第一册）.tex:16386	285	149	1207	0.929	0.071	pending
books/assets/plane-geometry-1/fig-p0293-01.png	平面几何（第一册）	plane-geometry-1	293	T	medium	高留白线稿	(第11题)	tex/books/平面几何（第一册）.tex:16406	259	213	1382	0.956	0.044	pending
books/assets/plane-geometry-1/fig-p0294-01.png	平面几何（第一册）	plane-geometry-1	294	T	low	初分待对照 raw 改轨	(第8题)	tex/books/平面几何（第一册）.tex:16462	213	213	1985	0.895	0.105	pending
books/assets/plane-geometry-1/fig-p0295-01.png	平面几何（第一册）	plane-geometry-1	295	T	medium	高留白线稿	(第5题)	tex/books/平面几何（第一册）.tex:16490	263	154	844	0.949	0.051	pending
books/assets/plane-geometry-1/fig-p0295-02.png	平面几何（第一册）	plane-geometry-1	295	T	medium	高留白线稿	(第6题)	tex/books/平面几何（第一册）.tex:16508	201	246	1089	0.955	0.045	pending
books/assets/plane-geometry-1/fig-p0295-03.png	平面几何（第一册）	plane-geometry-1	295	T	medium	高留白线稿	(第7题)	tex/books/平面几何（第一册）.tex:16516	263	182	1590	0.924	0.076	pending
books/assets/plane-geometry-1/fig-p0296-01.png	平面几何（第一册）	plane-geometry-1	296	T	low	初分待对照 raw 改轨	(第8题)	tex/books/平面几何（第一册）.tex:16560	221	144	1334	0.917	0.083	pending
books/assets/plane-geometry-1/fig-p0296-02.png	平面几何（第一册）	plane-geometry-1	296	V	low	初分待对照 raw 改轨	(第9题)	tex/books/平面几何（第一册）.tex:16568	194	143	1668	0.793	0.207	pending
books/assets/plane-geometry-1/fig-p0296-03.png	平面几何（第一册）	plane-geometry-1	296	T	low	初分待对照 raw 改轨	(第10题)	tex/books/平面几何（第一册）.tex:16588	163	190	1138	0.905	0.095	pending
books/assets/plane-geometry-1/fig-p0297-01.png	平面几何（第一册）	plane-geometry-1	297	T	medium	高留白线稿	(第11题)	tex/books/平面几何（第一册）.tex:16609	279	178	1057	0.945	0.055	pending
books/assets/plane-geometry-1/fig-p0297-02.png	平面几何（第一册）	plane-geometry-1	297	T	medium	高留白线稿	(第12题)	tex/books/平面几何（第一册）.tex:16617	186	190	1259	0.936	0.064	pending
books/assets/plane-geometry-1/fig-p0297-03.png	平面几何（第一册）	plane-geometry-1	297	T	low	初分待对照 raw 改轨	(第13题)	tex/books/平面几何（第一册）.tex:16645	201	212	1548	0.909	0.091	pending
books/assets/plane-geometry-1/fig-p0297-04.png	平面几何（第一册）	plane-geometry-1	297	T	medium	高留白线稿	(第14题)	tex/books/平面几何（第一册）.tex:16653	230	220	1767	0.945	0.055	pending
books/assets/plane-geometry-1/fig-p0298-01.png	平面几何（第一册）	plane-geometry-1	298	T	low	初分待对照 raw 改轨	(第15题)	tex/books/平面几何（第一册）.tex:16691	201	155	1177	0.915	0.085	pending
books/assets/plane-geometry-1/fig-p0298-02.png	平面几何（第一册）	plane-geometry-1	298	T	medium	高留白线稿	(第18题)	tex/books/平面几何（第一册）.tex:16699	217	175	1255	0.930	0.070	pending
books/assets/plane-geometry-1/fig-p0298-03.png	平面几何（第一册）	plane-geometry-1	298	T	low	初分待对照 raw 改轨	(第17题)	tex/books/平面几何（第一册）.tex:16720	225	163	1438	0.899	0.101	pending
books/assets/plane-geometry-1/fig-p0298-04.png	平面几何（第一册）	plane-geometry-1	298	T	low	初分待对照 raw 改轨	(第18题)	tex/books/平面几何（第一册）.tex:16728	192	201	1705	0.894	0.106	pending
books/assets/plane-geometry-1/fig-p0298-05.png	平面几何（第一册）	plane-geometry-1	298	T	low	初分待对照 raw 改轨	(第19题)	tex/books/平面几何（第一册）.tex:16762	276	113	1003	0.907	0.093	pending
books/assets/plane-geometry-1/fig-p0299-01.png	平面几何（第一册）	plane-geometry-1	299	T	medium	高留白线稿	(第20题)	tex/books/平面几何（第一册）.tex:16782	234	185	1511	0.930	0.070	pending
books/assets/plane-geometry-1/fig-p0299-02.png	平面几何（第一册）	plane-geometry-1	299	T	medium	高留白线稿	(第21题)	tex/books/平面几何（第一册）.tex:16790	174	185	905	0.947	0.053	pending
books/assets/plane-geometry-1/fig-p0300-01.png	平面几何（第一册）	plane-geometry-1	300	T	medium	高留白线稿	(第24题)	tex/books/平面几何（第一册）.tex:16854	233	173	1129	0.945	0.055	pending
books/assets/plane-geometry-1/fig-p0300-02.png	平面几何（第一册）	plane-geometry-1	300	T	low	初分待对照 raw 改轨	(第25题)	tex/books/平面几何（第一册）.tex:16862	187	199	1763	0.890	0.110	pending
books/assets/plane-geometry-1/fig-p0300-03.png	平面几何（第一册）	plane-geometry-1	300	T	medium	高留白线稿	(第28题)	tex/books/平面几何（第一册）.tex:16888	351	135	1372	0.942	0.058	pending
books/assets/plane-geometry-1/fig-p0300-04.png	平面几何（第一册）	plane-geometry-1	300	T	medium	高留白线稿	(第29题)	tex/books/平面几何（第一册）.tex:16896	249	154	1298	0.930	0.070	pending
books/assets/plane-geometry-1/fig-p0301-01.png	平面几何（第一册）	plane-geometry-1	301	T	low	初分待对照 raw 改轨	(第31题)	tex/books/平面几何（第一册）.tex:16925	254	172	1558	0.918	0.082	pending
books/assets/plane-geometry-1/fig-p0301-02.png	平面几何（第一册）	plane-geometry-1	301	T	medium	高留白线稿	图示（原PDF第301页）	tex/books/平面几何（第一册）.tex:16940	225	144	678	0.968	0.032	pending
books/assets/plane-geometry-1/fig-p0301-03.png	平面几何（第一册）	plane-geometry-1	301	T	medium	高留白线稿	(第32题)	tex/books/平面几何（第一册）.tex:16946	295	149	1163	0.935	0.065	pending
books/assets/plane-geometry-1/fig-p0301-04.png	平面几何（第一册）	plane-geometry-1	301	T	low	初分待对照 raw 改轨	(第1题)	tex/books/平面几何（第一册）.tex:16964	197	168	1337	0.912	0.088	pending
books/assets/plane-geometry-1/fig-p0301-05.png	平面几何（第一册）	plane-geometry-1	301	T	low	初分待对照 raw 改轨	(第2题)	tex/books/平面几何（第一册）.tex:16972	190	213	1586	0.905	0.095	pending
books/assets/plane-geometry-1/fig-p0302-01.png	平面几何（第一册）	plane-geometry-1	302	T	low	初分待对照 raw 改轨	(第3题)	tex/books/平面几何（第一册）.tex:17005	182	198	1479	0.920	0.080	pending
books/assets/plane-geometry-1/fig-p0302-02.png	平面几何（第一册）	plane-geometry-1	302	T	low	初分待对照 raw 改轨	(第4题)	tex/books/平面几何（第一册）.tex:17013	153	153	1163	0.897	0.103	pending
books/assets/plane-geometry-1/fig-p0302-03.png	平面几何（第一册）	plane-geometry-1	302	T	low	初分待对照 raw 改轨	(第5题)	tex/books/平面几何（第一册）.tex:17045	179	170	1226	0.912	0.088	pending
books/assets/plane-geometry-1/fig-p0302-04.png	平面几何（第一册）	plane-geometry-1	302	V	low	初分待对照 raw 改轨	(第8题)	tex/books/平面几何（第一册）.tex:17053	180	189	1838	0.848	0.152	pending
books/assets/plane-geometry-1/fig-p0303-01.png	平面几何（第一册）	plane-geometry-1	303	T	medium	高留白线稿	(第7题)	tex/books/平面几何（第一册）.tex:17087	209	284	1684	0.951	0.049	pending
books/assets/plane-geometry-1/fig-p0303-02.png	平面几何（第一册）	plane-geometry-1	303	T	medium	高留白线稿	(第8题)	tex/books/平面几何（第一册）.tex:17095	246	192	1595	0.933	0.067	pending
books/assets/plane-geometry-1/fig-p0303-03.png	平面几何（第一册）	plane-geometry-1	303	T	low	初分待对照 raw 改轨	(第9题)	tex/books/平面几何（第一册）.tex:17127	207	192	1395	0.917	0.083	pending
books/assets/plane-geometry-1/fig-p0303-04.png	平面几何（第一册）	plane-geometry-1	303	T	medium	高留白线稿	(第10题)	tex/books/平面几何（第一册）.tex:17135	235	140	1244	0.932	0.068	pending
books/assets/plane-geometry-1/fig-p0304-01.png	平面几何（第一册）	plane-geometry-1	304	T	medium	高留白线稿	(第11题)	tex/books/平面几何（第一册）.tex:17161	179	184	945	0.942	0.058	pending
books/assets/plane-geometry-1/fig-p0304-02.png	平面几何（第一册）	plane-geometry-1	304	T	low	初分待对照 raw 改轨	(第12题)	tex/books/平面几何（第一册）.tex:17169	290	176	1710	0.912	0.088	pending
books/assets/plane-geometry-1/fig-p0305-01.png	平面几何（第一册）	plane-geometry-1	305	T	medium	高留白线稿	(第4题)	tex/books/平面几何（第一册）.tex:17210	246	185	1482	0.930	0.070	pending
books/assets/plane-geometry-1/fig-p0305-02.png	平面几何（第一册）	plane-geometry-1	305	T	low	初分待对照 raw 改轨	(第5题)	tex/books/平面几何（第一册）.tex:17218	238	188	1747	0.896	0.104	pending
books/assets/plane-geometry-1/fig-p0305-03.png	平面几何（第一册）	plane-geometry-1	305	T	medium	高留白线稿	(第8题)	tex/books/平面几何（第一册）.tex:17249	176	109	714	0.924	0.076	pending
books/assets/plane-geometry-1/fig-p0305-04.png	平面几何（第一册）	plane-geometry-1	305	T	low	初分待对照 raw 改轨	(第7题)	tex/books/平面几何（第一册）.tex:17267	181	197	1466	0.904	0.096	pending
books/assets/plane-geometry-1/fig-p0305-05.png	平面几何（第一册）	plane-geometry-1	305	T	low	初分待对照 raw 改轨	(第8题)	tex/books/平面几何（第一册）.tex:17275	167	193	1197	0.902	0.098	pending
books/assets/plane-geometry-1/fig-p0306-01.png	平面几何（第一册）	plane-geometry-1	306	T	medium	高留白线稿	(习题1.3第9题)	tex/books/平面几何（第一册）.tex:17319	482	124	1266	0.931	0.069	pending
books/assets/plane-geometry-1/fig-p0306-02.png	平面几何（第一册）	plane-geometry-1	306	T	medium	高留白线稿	(习题1.4第3题)	tex/books/平面几何（第一册）.tex:17336	178	145	1050	0.920	0.080	pending
books/assets/plane-geometry-1/fig-p0307-01.png	平面几何（第一册）	plane-geometry-1	307	T	medium	高留白线稿	(习题18第3题)	tex/books/平面几何（第一册）.tex:17372	239	157	1067	0.936	0.064	pending
books/assets/plane-geometry-1/fig-p0307-02.png	平面几何（第一册）	plane-geometry-1	307	T	medium	高留白线稿	(习题1·8第8题)	tex/books/平面几何（第一册）.tex:17380	221	166	1171	0.944	0.056	pending
books/assets/plane-geometry-1/fig-p0309-01.png	平面几何（第一册）	plane-geometry-1	309	T	medium	高留白线稿	图示（原PDF第309页）	tex/books/平面几何（第一册）.tex:17512	246	182	587	0.974	0.026	pending
books/assets/plane-geometry-1/fig-p0309-02.png	平面几何（第一册）	plane-geometry-1	309	T	medium	高留白线稿	(习题 2·5 第 5 题)	tex/books/平面几何（第一册）.tex:17518	315	182	1036	0.965	0.035	pending
books/assets/plane-geometry-2/fig-p0004-01.png	平面几何（第二册）	plane-geometry-2	4	V	low	初分待对照 raw 改轨	图1-1	tex/books/平面几何（第二册）.tex:261	476	112	1613	0.835	0.165	pending
books/assets/plane-geometry-2/fig-p0005-01.png	平面几何（第二册）	plane-geometry-2	5	T	high	对照 raw 第5页，已改 TikZ	图1-2	tex/books/平面几何（第二册）.tex:289	458	145	1740	0.924	0.076	replaced
books/assets/plane-geometry-2/fig-p0006-01.png	平面几何（第二册）	plane-geometry-2	6	T	high	对照 raw 第6页，已改 TikZ	(1)	tex/books/平面几何（第二册）.tex:314	300	74	504	0.931	0.069	replaced
books/assets/plane-geometry-2/fig-p0006-02.png	平面几何（第二册）	plane-geometry-2	6	T	high	对照 raw 第6页，已改 TikZ	(2)	tex/books/平面几何（第二册）.tex:324	367	83	602	0.923	0.077	replaced
books/assets/plane-geometry-2/fig-p0007-01.png	平面几何（第二册）	plane-geometry-2	7	T	high	对照 raw 第7页，已改 TikZ	(1)	tex/books/平面几何（第二册）.tex:358	374	96	664	0.955	0.045	replaced
books/assets/plane-geometry-2/fig-p0007-02.png	平面几何（第二册）	plane-geometry-2	7	T	high	对照 raw 第7页，已改 TikZ	(2)	tex/books/平面几何（第二册）.tex:368	372	96	792	0.931	0.069	replaced
books/assets/plane-geometry-2/fig-p0008-01.png	平面几何（第二册）	plane-geometry-2	8	T	high	对照 raw 第8页，已改 TikZ	图1-5	tex/books/平面几何（第二册）.tex:412	301	111	646	0.930	0.070	replaced
books/assets/plane-geometry-2/fig-p0010-01.png	平面几何（第二册）	plane-geometry-2	10	T	high	对照 raw 第10页，已改 TikZ	图1-8	tex/books/平面几何（第二册）.tex:471	473	79	717	0.917	0.083	replaced
books/assets/plane-geometry-2/fig-p0012-01.png	平面几何（第二册）	plane-geometry-2	12	T	high	对照 raw 第12页，已改 TikZ	图1-7	tex/books/平面几何（第二册）.tex:578	387	98	644	0.915	0.085	replaced
books/assets/plane-geometry-2/fig-p0012-02.png	平面几何（第二册）	plane-geometry-2	12	T	high	对照 raw 第12页，已改 TikZ	图示（原PDF第12页）	tex/books/平面几何（第二册）.tex:593	222	141	841	0.943	0.057	replaced
books/assets/plane-geometry-2/fig-p0012-03.png	平面几何（第二册）	plane-geometry-2	12	T	high	对照 raw 第12页，已改 TikZ	图1-8	tex/books/平面几何（第二册）.tex:599	177	159	743	0.939	0.061	replaced
books/assets/plane-geometry-2/fig-p0016-01.png	平面几何（第二册）	plane-geometry-2	16	T	high	对照 raw 第16页，已改 TikZ	图1-9	tex/books/平面几何（第二册）.tex:791	293	171	1122	0.949	0.051	replaced
books/assets/plane-geometry-2/fig-p0019-01.png	平面几何（第二册）	plane-geometry-2	19	T	high	对照 raw 第19页，已改 TikZ	图1-16	tex/books/平面几何（第二册）.tex:1036	290	226	1674	0.918	0.082	replaced
books/assets/plane-geometry-2/fig-p0020-01.png	平面几何（第二册）	plane-geometry-2	20	T	high	对照 raw 第20页，已改 TikZ	(1)	tex/books/平面几何（第二册）.tex:1077	252	211	1380	0.938	0.062	replaced
books/assets/plane-geometry-2/fig-p0020-02.png	平面几何（第二册）	plane-geometry-2	20	T	high	对照 raw 第20页，已改 TikZ	(2)	tex/books/平面几何（第二册）.tex:1087	226	198	1587	0.902	0.098	replaced
books/assets/plane-geometry-2/fig-p0022-01.png	平面几何（第二册）	plane-geometry-2	22	T	high	对照 raw 第22页，已改 TikZ	图1-12	tex/books/平面几何（第二册）.tex:1179	232	190	983	0.956	0.044	replaced
books/assets/plane-geometry-2/fig-p0022-02.png	平面几何（第二册）	plane-geometry-2	22	T	high	对照 raw 第22页，已改 TikZ	图1-13	tex/books/平面几何（第二册）.tex:1189	255	169	1219	0.926	0.074	replaced
books/assets/plane-geometry-2/fig-p0024-01.png	平面几何（第二册）	plane-geometry-2	24	T	high	对照 raw 页线稿，已改 TikZ	图1-15	tex/books/平面几何（第二册）.tex:1282	270	175	1054	0.951	0.049	replaced
books/assets/plane-geometry-2/fig-p0025-01.png	平面几何（第二册）	plane-geometry-2	25	T	high	对照 raw 页线稿，已改 TikZ	图1·16	tex/books/平面几何（第二册）.tex:1351	258	182	1021	0.948	0.052	replaced
books/assets/plane-geometry-2/fig-p0026-01.png	平面几何（第二册）	plane-geometry-2	26	T	high	对照 raw 页线稿，已改 TikZ	图1-17	tex/books/平面几何（第二册）.tex:1391	240	147	860	0.955	0.045	replaced
books/assets/plane-geometry-2/fig-p0026-02.png	平面几何（第二册）	plane-geometry-2	26	T	high	对照 raw 页线稿，已改 TikZ	图 1-18	tex/books/平面几何（第二册）.tex:1429	282	172	1396	0.916	0.084	replaced
books/assets/plane-geometry-2/fig-p0027-01.png	平面几何（第二册）	plane-geometry-2	27	T	high	对照 raw 页线稿，已改 TikZ	图1-19	tex/books/平面几何（第二册）.tex:1479	273	208	1363	0.919	0.081	replaced
books/assets/plane-geometry-2/fig-p0028-02.png	平面几何（第二册）	plane-geometry-2	28	T	high	对照 raw 页线稿，已改 TikZ	(第2题)	tex/books/平面几何（第二册）.tex:1548	302	343	1939	0.955	0.045	replaced
books/assets/plane-geometry-2/fig-p0029-01.png	平面几何（第二册）	plane-geometry-2	29	T	high	对照 raw 页线稿，已改 TikZ	(第4题)	tex/books/平面几何（第二册）.tex:1572	158	147	1069	0.892	0.108	replaced
books/assets/plane-geometry-2/fig-p0029-02.png	平面几何（第二册）	plane-geometry-2	29	T	high	对照 raw 页线稿，已改 TikZ	(第5题)	tex/books/平面几何（第二册）.tex:1582	192	169	827	0.929	0.071	replaced
books/assets/plane-geometry-2/fig-p0029-03.png	平面几何（第二册）	plane-geometry-2	29	T	high	对照 raw 第29页线稿，已改 TikZ	(第8题)	tex/books/平面几何（第二册）.tex:1632	175	143	926	0.927	0.073	replaced
books/assets/plane-geometry-2/fig-p0029-04.png	平面几何（第二册）	plane-geometry-2	29	T	high	对照 raw 第29页线稿，已改 TikZ	(第9题)	tex/books/平面几何（第二册）.tex:1642	200	145	1176	0.910	0.090	replaced
books/assets/plane-geometry-2/fig-p0030-01.png	平面几何（第二册）	plane-geometry-2	30	T	high	对照 raw 第30页线稿，已改 TikZ	(第14题)	tex/books/平面几何（第二册）.tex:1695	188	142	1027	0.892	0.108	replaced
books/assets/plane-geometry-2/fig-p0031-01.png	平面几何（第二册）	plane-geometry-2	31	T	high	对照 raw 第31页线稿，已改 TikZ	图1.20	tex/books/平面几何（第二册）.tex:1773	284	236	1322	0.963	0.037	replaced
books/assets/plane-geometry-2/fig-p0032-01.png	平面几何（第二册）	plane-geometry-2	32	T	high	对照 raw 第32页线稿，已改 TikZ	图1.21	tex/books/平面几何（第二册）.tex:1797	388	198	1424	0.976	0.024	replaced
books/assets/plane-geometry-2/fig-p0032-02.png	平面几何（第二册）	plane-geometry-2	32	T	high	对照 raw 第32页线稿，已改 TikZ	图1·22	tex/books/平面几何（第二册）.tex:1834	272	194	1028	0.968	0.032	replaced
books/assets/plane-geometry-2/fig-p0033-01.png	平面几何（第二册）	plane-geometry-2	33	T	high	对照 raw 第33页线稿，已改 TikZ	图1-23	tex/books/平面几何（第二册）.tex:1861	283	254	1699	0.957	0.043	replaced
books/assets/plane-geometry-2/fig-p0034-01.png	平面几何（第二册）	plane-geometry-2	34	T	high	对照 raw 第34页线稿，已改 TikZ	图1-24	tex/books/平面几何（第二册）.tex:1905	373	292	1934	0.964	0.036	replaced
books/assets/plane-geometry-2/fig-p0035-01.png	平面几何（第二册）	plane-geometry-2	35	T	high	对照 raw 线框，已改 TikZ	(第9题)	tex/books/平面几何（第二册）.tex:1971	263	201	1341	0.948	0.052	replaced
books/assets/plane-geometry-2/fig-p0036-01.png	平面几何（第二册）	plane-geometry-2	36	T	high	对照 raw 线框，已改 TikZ	(第12题)	tex/books/平面几何（第二册）.tex:2025	232	170	1001	0.931	0.069	replaced
books/assets/plane-geometry-2/fig-p0037-01.png	平面几何（第二册）	plane-geometry-2	37	T	high	对照 raw 线框，已改 TikZ	图1-25	tex/books/平面几何（第二册）.tex:2094	224	176	1114	0.939	0.061	replaced
books/assets/plane-geometry-2/fig-p0038-01.png	平面几何（第二册）	plane-geometry-2	38	T	high	对照 raw 线框，已改 TikZ	图1-2e	tex/books/平面几何（第二册）.tex:2146	326	180	1326	0.946	0.054	replaced
books/assets/plane-geometry-2/fig-p0039-01.png	平面几何（第二册）	plane-geometry-2	39	T	high	对照 raw 线框，已改 TikZ	图1-27	tex/books/平面几何（第二册）.tex:2198	204	142	890	0.942	0.058	replaced
books/assets/plane-geometry-2/fig-p0040-01.png	平面几何（第二册）	plane-geometry-2	40	T	high	对照 raw 线框，已改 TikZ	图 1-28	tex/books/平面几何（第二册）.tex:2254	257	183	1918	0.910	0.090	replaced
books/assets/plane-geometry-2/fig-p0040-02.png	平面几何（第二册）	plane-geometry-2	40	T	high	对照 raw 线框，已改 TikZ	图1-29	tex/books/平面几何（第二册）.tex:2298	234	119	802	0.966	0.034	replaced
books/assets/plane-geometry-2/fig-p0041-01.png	平面几何（第二册）	plane-geometry-2	41	T	high	对照 raw 线框，已改 TikZ	图1-30	tex/books/平面几何（第二册）.tex:2343	483	134	1109	0.958	0.042	replaced
books/assets/plane-geometry-2/fig-p0042-01.png	平面几何（第二册）	plane-geometry-2	42	T	high	对照 raw 线框，已改 TikZ	(1)	tex/books/平面几何（第二册）.tex:2407	262	162	1151	0.955	0.045	replaced
books/assets/plane-geometry-2/fig-p0043-01.png	平面几何（第二册）	plane-geometry-2	43	T	high	对照 raw 线框，已改 TikZ	(2)	tex/books/平面几何（第二册）.tex:2446	279	205	1701	0.956	0.044	replaced
books/assets/plane-geometry-2/fig-p0044-01.png	平面几何（第二册）	plane-geometry-2	44	T	high	对照 raw 线框，已改 TikZ	(第1题)	tex/books/平面几何（第二册）.tex:2510	166	167	869	0.940	0.060	replaced
books/assets/plane-geometry-2/fig-p0045-01.png	平面几何（第二册）	plane-geometry-2	45	T	high	对照 raw 线框，已改 TikZ	(第8题)	tex/books/平面几何（第二册）.tex:2590	359	172	1889	0.928	0.072	replaced
books/assets/plane-geometry-2/fig-p0045-02.png	平面几何（第二册）	plane-geometry-2	45	T	high	对照 raw 线框，已改 TikZ	(第11题)	tex/books/平面几何（第二册）.tex:2648	213	221	1619	0.925	0.075	replaced
books/assets/plane-geometry-2/fig-p0046-01.png	平面几何（第二册）	plane-geometry-2	46	T	high	对照 raw 线框，已改 TikZ	(第14题)	tex/books/平面几何（第二册）.tex:2677	243	160	1195	0.938	0.062	replaced
books/assets/plane-geometry-2/fig-p0047-01.png	平面几何（第二册）	plane-geometry-2	47	T	high	对照 raw 线框，已改 TikZ	图1-32	tex/books/平面几何（第二册）.tex:2709	200	188	1030	0.921	0.079	replaced
books/assets/plane-geometry-2/fig-p0047-02.png	平面几何（第二册）	plane-geometry-2	47	T	high	对照 raw 线框，已改 TikZ	图1-33	tex/books/平面几何（第二册）.tex:2719	328	326	1887	0.941	0.059	replaced
books/assets/plane-geometry-2/fig-p0048-01.png	平面几何（第二册）	plane-geometry-2	48	T	low	初分待对照 raw 改轨	图示（原PDF第48页）	tex/books/平面几何（第二册）.tex:2741	91	98	448	0.919	0.081	pending
books/assets/plane-geometry-2/fig-p0048-02.png	平面几何（第二册）	plane-geometry-2	48	T	medium	高留白线稿	图示（原PDF第48页）	tex/books/平面几何（第二册）.tex:2747	113	101	472	0.933	0.067	pending
books/assets/plane-geometry-2/fig-p0048-03.png	平面几何（第二册）	plane-geometry-2	48	T	high	对照 raw 线框，已改 TikZ	图1-34	tex/books/平面几何（第二册）.tex:2753	148	162	727	0.951	0.049	replaced
books/assets/plane-geometry-2/fig-p0048-04.png	平面几何（第二册）	plane-geometry-2	48	T	low	初分待对照 raw 改轨	图示（原PDF第48页）	tex/books/平面几何（第二册）.tex:2769	101	128	423	0.912	0.088	pending
books/assets/plane-geometry-2/fig-p0048-05.png	平面几何（第二册）	plane-geometry-2	48	T	medium	高留白线稿	图示（原PDF第48页）	tex/books/平面几何（第二册）.tex:2775	142	127	459	0.925	0.075	pending
books/assets/plane-geometry-2/fig-p0048-06.png	平面几何（第二册）	plane-geometry-2	48	T	high	对照 raw 线框，已改 TikZ	图1-35	tex/books/平面几何（第二册）.tex:2781	207	127	769	0.951	0.049	replaced
books/assets/plane-geometry-2/fig-p0049-01.png	平面几何（第二册）	plane-geometry-2	49	T	medium	高留白线稿	图示（原PDF第49页）	tex/books/平面几何（第二册）.tex:2805	223	170	874	0.948	0.052	pending
books/assets/plane-geometry-2/fig-p0049-02.png	平面几何（第二册）	plane-geometry-2	49	T	high	对照 raw 线框，已改 TikZ	图1-36	tex/books/平面几何（第二册）.tex:2811	189	149	835	0.933	0.067	replaced
books/assets/plane-geometry-2/fig-p0049-03.png	平面几何（第二册）	plane-geometry-2	49	T	high	对照 raw 线框，已改 TikZ	图37	tex/books/平面几何（第二册）.tex:2852	228	165	1204	0.897	0.103	replaced
books/assets/plane-geometry-2/fig-p0050-01.png	平面几何（第二册）	plane-geometry-2	50	T	medium	高留白线稿	图示（原PDF第50页）	tex/books/平面几何（第二册）.tex:2882	192	145	730	0.927	0.073	pending
books/assets/plane-geometry-2/fig-p0050-02.png	平面几何（第二册）	plane-geometry-2	50	T	high	对照 raw 线框，已改 TikZ	图1-38	tex/books/平面几何（第二册）.tex:2888	224	166	899	0.933	0.067	replaced
books/assets/plane-geometry-2/fig-p0052-01.png	平面几何（第二册）	plane-geometry-2	52	T	high	对照 raw 线框，已改 TikZ	(第9题)	tex/books/平面几何（第二册）.tex:2997	185	146	965	0.895	0.105	replaced
books/assets/plane-geometry-2/fig-p0053-01.png	平面几何（第二册）	plane-geometry-2	53	T	high	对照 raw 线框，已改 TikZ	图1-39	tex/books/平面几何（第二册）.tex:3027	202	156	953	0.939	0.061	replaced
books/assets/plane-geometry-2/fig-p0054-01.png	平面几何（第二册）	plane-geometry-2	54	T	high	对照 raw 第54页，已改 TikZ	图 1-40	tex/books/平面几何（第二册）.tex:3106	200	176	1181	0.940	0.060	replaced
books/assets/plane-geometry-2/fig-p0054-02.png	平面几何（第二册）	plane-geometry-2	54	T	high	对照 raw 第54页，已改 TikZ	图 1-41	tex/books/平面几何（第二册）.tex:3134	207	218	1581	0.929	0.071	replaced
books/assets/plane-geometry-2/fig-p0056-01.png	平面几何（第二册）	plane-geometry-2	56	T	medium	高留白线稿	图示（原PDF第56页）	tex/books/平面几何（第二册）.tex:3207	263	165	1008	0.951	0.049	pending
books/assets/plane-geometry-2/fig-p0056-02.png	平面几何（第二册）	plane-geometry-2	56	T	high	对照 raw 第56页，已改 TikZ	图1-42	tex/books/平面几何（第二册）.tex:3213	165	119	664	0.935	0.065	replaced
books/assets/plane-geometry-2/fig-p0056-03.png	平面几何（第二册）	plane-geometry-2	56	T	medium	高留白线稿	图示（原PDF第56页）	tex/books/平面几何（第二册）.tex:3251	161	208	823	0.949	0.051	pending
books/assets/plane-geometry-2/fig-p0056-04.png	平面几何（第二册）	plane-geometry-2	56	T	high	对照 raw 第56页，已改 TikZ	图1-48	tex/books/平面几何（第二册）.tex:3257	136	184	771	0.939	0.061	replaced
books/assets/plane-geometry-2/fig-p0057-01.png	平面几何（第二册）	plane-geometry-2	57	T	high	对照 raw 第57页，已改 TikZ	图1-44	tex/books/平面几何（第二册）.tex:3301	262	190	1497	0.925	0.075	replaced
books/assets/plane-geometry-2/fig-p0057-02.png	平面几何（第二册）	plane-geometry-2	57	T	high	对照 raw 第57页，已改 TikZ	图1-45	tex/books/平面几何（第二册）.tex:3330	169	203	1042	0.941	0.059	replaced
books/assets/plane-geometry-2/fig-p0058-01.png	平面几何（第二册）	plane-geometry-2	58	T	medium	高留白线稿	图示（原PDF第58页）	tex/books/平面几何（第二册）.tex:3375	129	178	681	0.952	0.048	pending
books/assets/plane-geometry-2/fig-p0058-02.png	平面几何（第二册）	plane-geometry-2	58	T	high	对照 raw 第58页，已改 TikZ	图1-46	tex/books/平面几何（第二册）.tex:3381	132	128	641	0.940	0.060	replaced
books/assets/plane-geometry-2/fig-p0058-03.png	平面几何（第二册）	plane-geometry-2	58	T	high	对照 raw 第58页，已改 TikZ	图1-47	tex/books/平面几何（第二册）.tex:3391	184	194	1418	0.905	0.095	replaced
books/assets/plane-geometry-2/fig-p0059-01.png	平面几何（第二册）	plane-geometry-2	59	T	high	对照 raw 第59页，已改 TikZ	图 1.48	tex/books/平面几何（第二册）.tex:3432	221	192	1230	0.944	0.056	replaced
books/assets/plane-geometry-2/fig-p0059-02.png	平面几何（第二册）	plane-geometry-2	59	T	medium	高留白线稿	图示（原PDF第59页）	tex/books/平面几何（第二册）.tex:3462	231	215	1223	0.958	0.042	pending
books/assets/plane-geometry-2/fig-p0059-03.png	平面几何（第二册）	plane-geometry-2	59	T	high	对照 raw 第59页，已改 TikZ	图1-49	tex/books/平面几何（第二册）.tex:3468	146	158	692	0.946	0.054	replaced
books/assets/plane-geometry-2/fig-p0060-01.png	平面几何（第二册）	plane-geometry-2	60	T	high	对照 raw 第60页，已改 TikZ	图1-50	tex/books/平面几何（第二册）.tex:3527	382	148	1402	0.953	0.047	replaced
books/assets/plane-geometry-2/fig-p0062-01.png	平面几何（第二册）	plane-geometry-2	62	T	high	对照 raw 第62页，已改 TikZ	图1-52	tex/books/平面几何（第二册）.tex:3626	334	178	1418	0.957	0.043	replaced
books/assets/plane-geometry-2/fig-p0063-01.png	平面几何（第二册）	plane-geometry-2	63	T	high	对照 raw 第63页，已改 TikZ	图1.53	tex/books/平面几何（第二册）.tex:3668	391	184	1590	0.953	0.047	replaced
books/assets/plane-geometry-2/fig-p0064-01.png	平面几何（第二册）	plane-geometry-2	64	T	high	对照 raw 第64页，已改 TikZ	图1-54	tex/books/平面几何（第二册）.tex:3741	211	182	1134	0.936	0.064	replaced
books/assets/plane-geometry-2/fig-p0065-01.png	平面几何（第二册）	plane-geometry-2	65	T	high	对照 raw 第65页，已改 TikZ	(第3题)	tex/books/平面几何（第二册）.tex:3805	238	158	1155	0.926	0.074	replaced
books/assets/plane-geometry-2/fig-p0065-02.png	平面几何（第二册）	plane-geometry-2	65	T	high	对照 raw 第65页，已改 TikZ	(第4题)	tex/books/平面几何（第二册）.tex:3815	243	167	1256	0.919	0.081	replaced
books/assets/plane-geometry-2/fig-p0065-03.png	平面几何（第二册）	plane-geometry-2	65	T	low	初分待对照 raw 改轨	图示（原PDF第65页）	tex/books/平面几何（第二册）.tex:3852	205	175	1238	0.913	0.087	pending
books/assets/plane-geometry-2/fig-p0065-04.png	平面几何（第二册）	plane-geometry-2	65	T	medium	高留白线稿	(第9题)	tex/books/平面几何（第二册）.tex:3858	79	82	306	0.963	0.037	pending
books/assets/plane-geometry-2/fig-p0066-01.png	平面几何（第二册）	plane-geometry-2	66	T	high	对照 raw 第66页，已改 TikZ	(第11题)	tex/books/平面几何（第二册）.tex:3890	239	152	1193	0.923	0.077	replaced
books/assets/plane-geometry-2/fig-p0066-02.png	平面几何（第二册）	plane-geometry-2	66	T	high	对照 raw 第66页，已改 TikZ	(第18题)	tex/books/平面几何（第二册）.tex:3928	228	193	1626	0.903	0.097	replaced
books/assets/plane-geometry-2/fig-p0066-03.png	平面几何（第二册）	plane-geometry-2	66	T	high	对照 raw 第66页，已改 TikZ	(第14题)	tex/books/平面几何（第二册）.tex:3938	182	235	964	0.956	0.044	replaced
books/assets/plane-geometry-2/fig-p0067-01.png	平面几何（第二册）	plane-geometry-2	67	T	high	对照 raw 第67页，已改 TikZ	(第16题)	tex/books/平面几何（第二册）.tex:3966	248	148	949	0.945	0.055	replaced
books/assets/plane-geometry-2/fig-p0067-02.png	平面几何（第二册）	plane-geometry-2	67	T	high	对照 raw 第67页，已改 TikZ	(第18题)	tex/books/平面几何（第二册）.tex:3976	186	158	888	0.936	0.064	replaced
books/assets/plane-geometry-2/fig-p0067-03.png	平面几何（第二册）	plane-geometry-2	67	T	high	对照 raw 第67页，已改 TikZ	(第20题)	tex/books/平面几何（第二册）.tex:4009	222	242	1278	0.952	0.048	replaced
books/assets/plane-geometry-2/fig-p0067-04.png	平面几何（第二册）	plane-geometry-2	67	T	high	对照 raw 第67页，已改 TikZ	(第21题)	tex/books/平面几何（第二册）.tex:4019	229	223	1272	0.953	0.047	replaced
books/assets/plane-geometry-2/fig-p0069-01.png	平面几何（第二册）	plane-geometry-2	69	T	medium	高留白线稿	图示（原PDF第69页）	tex/books/平面几何（第二册）.tex:4077	114	218	740	0.941	0.059	pending
books/assets/plane-geometry-2/fig-p0069-02.png	平面几何（第二册）	plane-geometry-2	69	T	high	对照 raw 第69页，已改 TikZ	图1-55	tex/books/平面几何（第二册）.tex:4083	109	176	656	0.938	0.062	replaced
books/assets/plane-geometry-2/fig-p0070-01.png	平面几何（第二册）	plane-geometry-2	70	T	high	对照 raw 第70页，已改 TikZ	图1-56	tex/books/平面几何（第二册）.tex:4153	221	184	1273	0.931	0.069	replaced
books/assets/plane-geometry-2/fig-p0071-01.png	平面几何（第二册）	plane-geometry-2	71	T	low	初分待对照 raw 改轨	图示（原PDF第71页）	tex/books/平面几何（第二册）.tex:4222	94	98	471	0.899	0.101	pending
books/assets/plane-geometry-2/fig-p0071-02.png	平面几何（第二册）	plane-geometry-2	71	T	high	对照 raw 第71页，已改 TikZ	图1-57	tex/books/平面几何（第二册）.tex:4228	160	135	810	0.917	0.083	replaced
books/assets/plane-geometry-2/fig-p0072-01.png	平面几何（第二册）	plane-geometry-2	72	T	high	对照 raw 第72页，已改 TikZ	(第4题)	tex/books/平面几何（第二册）.tex:4313	250	176	1713	0.910	0.090	replaced
books/assets/plane-geometry-2/fig-p0072-02.png	平面几何（第二册）	plane-geometry-2	72	T	high	对照 raw 第72页，已改 TikZ	(第6题)	tex/books/平面几何（第二册）.tex:4335	224	170	1324	0.918	0.082	replaced
books/assets/plane-geometry-2/fig-p0072-03.png	平面几何（第二册）	plane-geometry-2	72	T	high	对照 raw 第72页，已改 TikZ	(第7题)	tex/books/平面几何（第二册）.tex:4345	261	175	1393	0.913	0.087	replaced
books/assets/plane-geometry-2/fig-p0073-01.png	平面几何（第二册）	plane-geometry-2	73	T	high	对照 raw 第73页，已改 TikZ	(第8题)	tex/books/平面几何（第二册）.tex:4370	324	174	1346	0.895	0.105	replaced
books/assets/plane-geometry-2/fig-p0073-02.png	平面几何（第二册）	plane-geometry-2	73	T	high	对照 raw 第73页，已改 TikZ	(第3题)	tex/books/平面几何（第二册）.tex:4390	284	164	1359	0.928	0.072	replaced
books/assets/plane-geometry-2/fig-p0074-01.png	平面几何（第二册）	plane-geometry-2	74	T	high	对照 raw 第74页，已改 TikZ	(第10题)	tex/books/平面几何（第二册）.tex:4443	256	178	1231	0.937	0.063	replaced
books/assets/plane-geometry-2/fig-p0075-01.png	平面几何（第二册）	plane-geometry-2	75	T	high	对照 raw 第75页，已改 TikZ	图1·58	tex/books/平面几何（第二册）.tex:4464	316	154	1137	0.950	0.050	replaced
books/assets/plane-geometry-2/fig-p0076-01.png	平面几何（第二册）	plane-geometry-2	76	T	high	对照 raw 第76页，已改 TikZ	(1)	tex/books/平面几何（第二册）.tex:4502	292	140	1080	0.943	0.057	replaced
books/assets/plane-geometry-2/fig-p0076-02.png	平面几何（第二册）	plane-geometry-2	76	T	high	对照 raw 第76页，已改 TikZ	图1-59	tex/books/平面几何（第二册）.tex:4512	288	140	1040	0.952	0.048	replaced
books/assets/plane-geometry-2/fig-p0077-01.png	平面几何（第二册）	plane-geometry-2	77	T	low	初分待对照 raw 改轨	图示（原PDF第77页）	tex/books/平面几何（第二册）.tex:4554	175	200	1383	0.894	0.106	pending
books/assets/plane-geometry-2/fig-p0077-02.png	平面几何（第二册）	plane-geometry-2	77	T	high	对照 raw 第77页，已改 TikZ	图 1-60	tex/books/平面几何（第二册）.tex:4560	139	158	990	0.885	0.115	replaced
books/assets/plane-geometry-2/fig-p0077-03.png	平面几何（第二册）	plane-geometry-2	77	T	high	对照 raw 第77页，已改 TikZ	图1·81	tex/books/平面几何（第二册）.tex:4585	330	237	1961	0.943	0.057	replaced
books/assets/plane-geometry-2/fig-p0078-01.png	平面几何（第二册）	plane-geometry-2	78	T	high	对照 raw 第78页，已改 TikZ	图1-62	tex/books/平面几何（第二册）.tex:4637	394	222	1778	0.963	0.037	replaced
books/assets/plane-geometry-2/fig-p0079-01.png	平面几何（第二册）	plane-geometry-2	79	T	high	对照 raw 第79页，已改 TikZ	(第4题)	tex/books/平面几何（第二册）.tex:4694	199	170	1193	0.917	0.083	replaced
books/assets/plane-geometry-2/fig-p0080-01.png	平面几何（第二册）	plane-geometry-2	80	T	high	对照 raw 第80页，已改 TikZ	(第7题)	tex/books/平面几何（第二册）.tex:4720	238	164	1013	0.939	0.061	replaced
books/assets/plane-geometry-2/fig-p0080-02.png	平面几何（第二册）	plane-geometry-2	80	T	high	对照 raw 第80页，已改 TikZ	(第8题)	tex/books/平面几何（第二册）.tex:4730	230	244	1385	0.916	0.084	replaced
books/assets/plane-geometry-2/fig-p0080-03.png	平面几何（第二册）	plane-geometry-2	80	T	high	对照 raw 第80页，已改 TikZ	(第9题)	tex/books/平面几何（第二册）.tex:4754	262	135	1073	0.925	0.075	replaced
books/assets/plane-geometry-2/fig-p0081-01.png	平面几何（第二册）	plane-geometry-2	81	T	high	对照 raw 第81页，已改 TikZ	图1.63	tex/books/平面几何（第二册）.tex:4788	180	220	1604	0.903	0.097	replaced
books/assets/plane-geometry-2/fig-p0082-01.png	平面几何（第二册）	plane-geometry-2	82	T	high	对照 raw 第82页，已改 TikZ	图1-64	tex/books/平面几何（第二册）.tex:4839	525	173	2918	0.921	0.079	replaced
books/assets/plane-geometry-2/fig-p0083-01.png	平面几何（第二册）	plane-geometry-2	83	T	high	对照 raw 第83页，已改 TikZ	图1.65	tex/books/平面几何（第二册）.tex:4863	78	284	714	0.884	0.116	replaced
books/assets/plane-geometry-2/fig-p0084-01.png	平面几何（第二册）	plane-geometry-2	84	T	high	对照 raw 第84页，已改 TikZ	(第2题)	tex/books/平面几何（第二册）.tex:4918	145	152	717	0.924	0.076	replaced
books/assets/plane-geometry-2/fig-p0084-02.png	平面几何（第二册）	plane-geometry-2	84	T	high	对照 raw 第84页，已改 TikZ	(第3题)	tex/books/平面几何（第二册）.tex:4928	184	185	1112	0.933	0.067	replaced
books/assets/plane-geometry-2/fig-p0085-01.png	平面几何（第二册）	plane-geometry-2	85	T	high	对照 raw 第85页，已改 TikZ	(第10题)	tex/books/平面几何（第二册）.tex:4967	163	171	1029	0.938	0.062	replaced
books/assets/plane-geometry-2/fig-p0086-01.png	平面几何（第二册）	plane-geometry-2	86	T	high	对照 raw 第86页，已改 TikZ	图 1.66	tex/books/平面几何（第二册）.tex:5009	330	169	1593	0.934	0.066	replaced
books/assets/plane-geometry-2/fig-p0088-01.png	平面几何（第二册）	plane-geometry-2	88	T	high	对照 raw 第88页，已改 TikZ	图1-87	tex/books/平面几何（第二册）.tex:5191	328	170	1605	0.930	0.070	replaced
books/assets/plane-geometry-2/fig-p0090-01.png	平面几何（第二册）	plane-geometry-2	90	T	high	对照 raw 第90页，已改 TikZ	图1-68	tex/books/平面几何（第二册）.tex:5293	306	273	2764	0.911	0.089	replaced
books/assets/plane-geometry-2/fig-p0091-01.png	平面几何（第二册）	plane-geometry-2	91	T	high	对照 raw 第91页，已改 TikZ	图1-69	tex/books/平面几何（第二册）.tex:5380	284	158	1425	0.937	0.063	replaced
books/assets/plane-geometry-2/fig-p0092-02.png	平面几何（第二册）	plane-geometry-2	92	T	high	对照 raw 第92页，已改 TikZ	(第4题)	tex/books/平面几何（第二册）.tex:5447	198	161	583	0.915	0.085	replaced
books/assets/plane-geometry-2/fig-p0092-03.png	平面几何（第二册）	plane-geometry-2	92	T	high	对照 raw 第92页，已改 TikZ	(第5题)	tex/books/平面几何（第二册）.tex:5457	255	160	1399	0.903	0.097	replaced
books/assets/plane-geometry-2/fig-p0093-01.png	平面几何（第二册）	plane-geometry-2	93	T	high	对照 raw 第93页，已改 TikZ	(第6题)	tex/books/平面几何（第二册）.tex:5499	193	196	1253	0.938	0.062	replaced
books/assets/plane-geometry-2/fig-p0093-02.png	平面几何（第二册）	plane-geometry-2	93	T	high	对照 raw 第93页，已改 TikZ	(第8题)	tex/books/平面几何（第二册）.tex:5519	233	148	1106	0.915	0.085	replaced
books/assets/plane-geometry-2/fig-p0094-01.png	平面几何（第二册）	plane-geometry-2	94	T	high	对照 raw 第94页，已改 TikZ	图1-70	tex/books/平面几何（第二册）.tex:5555	357	206	2300	0.939	0.061	replaced
books/assets/plane-geometry-2/fig-p0095-01.png	平面几何（第二册）	plane-geometry-2	95	T	high	对照 raw 第95页，已改 TikZ	图1-71	tex/books/平面几何（第二册）.tex:5640	512	179	2392	0.954	0.046	replaced
books/assets/plane-geometry-2/fig-p0097-01.png	平面几何（第二册）	plane-geometry-2	97	T	medium	高留白线稿	图示（原PDF第97页）	tex/books/平面几何（第二册）.tex:5681	207	186	1490	0.927	0.073	pending
books/assets/plane-geometry-2/fig-p0097-02.png	平面几何（第二册）	plane-geometry-2	97	T	high	对照 raw 第97页，已改 TikZ	图1-72	tex/books/平面几何（第二册）.tex:5687	207	189	1631	0.920	0.080	replaced
books/assets/plane-geometry-2/fig-p0097-03.png	平面几何（第二册）	plane-geometry-2	97	T	medium	高留白线稿	图示（原PDF第97页）	tex/books/平面几何（第二册）.tex:5697	206	189	1474	0.931	0.069	pending
books/assets/plane-geometry-2/fig-p0097-04.png	平面几何（第二册）	plane-geometry-2	97	T	high	对照 raw 第97页，已改 TikZ	图1-73	tex/books/平面几何（第二册）.tex:5703	208	243	1699	0.945	0.055	replaced
books/assets/plane-geometry-2/fig-p0097-05.png	平面几何（第二册）	plane-geometry-2	97	T	medium	高留白线稿	图示（原PDF第97页）	tex/books/平面几何（第二册）.tex:5713	207	196	1416	0.938	0.062	pending
books/assets/plane-geometry-2/fig-p0097-06.png	平面几何（第二册）	plane-geometry-2	97	T	high	对照 raw 第97页，已改 TikZ	图1-74	tex/books/平面几何（第二册）.tex:5719	278	265	1870	0.958	0.042	replaced
books/assets/plane-geometry-2/fig-p0098-01.png	平面几何（第二册）	plane-geometry-2	98	T	high	对照 raw 第98页，已改 TikZ	图1-75	tex/books/平面几何（第二册）.tex:5736	252	128	996	0.951	0.049	replaced
books/assets/plane-geometry-2/fig-p0098-02.png	平面几何（第二册）	plane-geometry-2	98	T	high	对照 raw 第98页，已改 TikZ	(第2题)	tex/books/平面几何（第二册）.tex:5771	199	139	1004	0.946	0.054	replaced
books/assets/plane-geometry-2/fig-p0099-01.png	平面几何（第二册）	plane-geometry-2	99	T	high	对照 raw 第99页，已改 TikZ	(第8题)	tex/books/平面几何（第二册）.tex:5820	178	225	1249	0.927	0.073	replaced
books/assets/plane-geometry-2/fig-p0099-02.png	平面几何（第二册）	plane-geometry-2	99	T	high	对照 raw 第99页，已改 TikZ	(第9题)	tex/books/平面几何（第二册）.tex:5830	349	163	1660	0.915	0.085	replaced
books/assets/plane-geometry-2/fig-p0100-01.png	平面几何（第二册）	plane-geometry-2	100	T	high	对照 raw 第100页，已改 TikZ	(第10题)	tex/books/平面几何（第二册）.tex:5874	288	147	1210	0.932	0.068	replaced
books/assets/plane-geometry-2/fig-p0101-01.png	平面几何（第二册）	plane-geometry-2	101	T	high	对照 raw 第101页，已改 TikZ	图 1.76	tex/books/平面几何（第二册）.tex:5910	258	198	1488	0.931	0.069	replaced
books/assets/plane-geometry-2/fig-p0102-01.png	平面几何（第二册）	plane-geometry-2	102	T	medium	高留白线稿	图示（原PDF第102页）	tex/books/平面几何（第二册）.tex:5965	203	185	1237	0.927	0.073	pending
books/assets/plane-geometry-2/fig-p0102-02.png	平面几何（第二册）	plane-geometry-2	102	T	medium	高留白线稿	图示（原PDF第102页）	tex/books/平面几何（第二册）.tex:5971	272	192	1545	0.934	0.066	pending
books/assets/plane-geometry-2/fig-p0102-03.png	平面几何（第二册）	plane-geometry-2	102	T	medium	高留白线稿	图示（原PDF第102页）	tex/books/平面几何（第二册）.tex:5977	225	369	1984	0.946	0.054	pending
books/assets/plane-geometry-2/fig-p0102-04.png	平面几何（第二册）	plane-geometry-2	102	T	high	对照 raw 第102页，已改 TikZ	图1.77	tex/books/平面几何（第二册）.tex:5983	205	232	1751	0.918	0.082	replaced
books/assets/plane-geometry-2/fig-p0103-01.png	平面几何（第二册）	plane-geometry-2	103	T	high	对照 raw 第103页，已改 TikZ	图1-78	tex/books/平面几何（第二册）.tex:6002	251	274	1588	0.952	0.048	replaced
books/assets/plane-geometry-2/fig-p0104-01.png	平面几何（第二册）	plane-geometry-2	104	T	high	对照 raw 第104页，已改 TikZ	图1-79	tex/books/平面几何（第二册）.tex:6063	161	99	524	0.949	0.051	replaced
books/assets/plane-geometry-2/fig-p0104-02.png	平面几何（第二册）	plane-geometry-2	104	T	high	对照 raw 第104页，已改 TikZ	图1-80	tex/books/平面几何（第二册）.tex:6073	162	105	765	0.929	0.071	replaced
books/assets/plane-geometry-2/fig-p0105-01.png	平面几何（第二册）	plane-geometry-2	105	T	high	对照 raw 第105页，已改 TikZ	图1-81	tex/books/平面几何（第二册）.tex:6136	159	112	801	0.929	0.071	replaced
books/assets/plane-geometry-2/fig-p0106-02.png	平面几何（第二册）	plane-geometry-2	106	T	medium	高留白线稿	图示（原PDF第106页）	tex/books/平面几何（第二册）.tex:6175	103	204	583	0.933	0.067	pending
books/assets/plane-geometry-2/fig-p0106-03.png	平面几何（第二册）	plane-geometry-2	106	T	high	对照 raw 第106页，已改 TikZ	(第6题)	tex/books/平面几何（第二册）.tex:6181	229	212	1829	0.897	0.103	replaced
books/assets/plane-geometry-2/fig-p0107-01.png	平面几何（第二册）	plane-geometry-2	107	T	high	对照 raw 第107页，已改 TikZ	(第10题)	tex/books/平面几何（第二册）.tex:6213	374	197	2368	0.923	0.077	replaced
books/assets/plane-geometry-2/fig-p0108-01.png	平面几何（第二册）	plane-geometry-2	108	T	low	初分待对照 raw 改轨	图示（原PDF第108页）	tex/books/平面几何（第二册）.tex:6274	265	125	1306	0.904	0.096	pending
books/assets/plane-geometry-2/fig-p0108-02.png	平面几何（第二册）	plane-geometry-2	108	T	high	对照 raw 第108页，已改 TikZ	图1-82	tex/books/平面几何（第二册）.tex:6280	228	123	867	0.948	0.052	replaced
books/assets/plane-geometry-2/fig-p0109-01.png	平面几何（第二册）	plane-geometry-2	109	T	high	对照 raw 第109页，已改 TikZ	图1-83	tex/books/平面几何（第二册）.tex:6326	520	255	3264	0.965	0.035	replaced
books/assets/plane-geometry-2/fig-p0112-01.png	平面几何（第二册）	plane-geometry-2	112	T	high	对照 raw 第112页，已改 TikZ	(第13题)	tex/books/平面几何（第二册）.tex:6456	196	145	1406	0.882	0.118	replaced
books/assets/plane-geometry-2/fig-p0112-02.png	平面几何（第二册）	plane-geometry-2	112	T	high	对照 raw 第112页，已改 TikZ	(第15题)	tex/books/平面几何（第二册）.tex:6483	231	194	1364	0.930	0.070	replaced
books/assets/plane-geometry-2/fig-p0112-03.png	平面几何（第二册）	plane-geometry-2	112	T	high	对照 raw 第112页，已改 TikZ	(第16题)	tex/books/平面几何（第二册）.tex:6493	318	140	1215	0.924	0.076	replaced
books/assets/plane-geometry-2/fig-p0113-01.png	平面几何（第二册）	plane-geometry-2	113	T	high	对照 raw 第113页，已改 TikZ	(第20题)	tex/books/平面几何（第二册）.tex:6537	239	156	914	0.936	0.064	replaced
books/assets/plane-geometry-2/fig-p0113-02.png	平面几何（第二册）	plane-geometry-2	113	T	high	对照 raw 第113页，已改 TikZ	(第22题)	tex/books/平面几何（第二册）.tex:6547	267	257	1477	0.947	0.053	replaced
books/assets/plane-geometry-2/fig-p0114-01.png	平面几何（第二册）	plane-geometry-2	114	T	high	对照 raw 第114页，已改 TikZ	(第3题)	tex/books/平面几何（第二册）.tex:6578	232	164	1335	0.954	0.046	replaced
books/assets/plane-geometry-2/fig-p0114-02.png	平面几何（第二册）	plane-geometry-2	114	T	high	对照 raw 第114页，已改 TikZ	(第4题)	tex/books/平面几何（第二册）.tex:6588	219	183	1244	0.920	0.080	replaced
books/assets/plane-geometry-2/fig-p0114-03.png	平面几何（第二册）	plane-geometry-2	114	T	high	对照 raw 第114页，已改 TikZ	(第7题)	tex/books/平面几何（第二册）.tex:6647	207	150	1074	0.945	0.055	replaced
books/assets/plane-geometry-2/fig-p0115-01.png	平面几何（第二册）	plane-geometry-2	115	T	high	对照 raw 第115页，已改 TikZ	(第8题)	tex/books/平面几何（第二册）.tex:6662	120	116	786	0.886	0.114	replaced
books/assets/plane-geometry-2/fig-p0115-02.png	平面几何（第二册）	plane-geometry-2	115	T	high	对照 raw 第115页，已改 TikZ	(第9题)	tex/books/平面几何（第二册）.tex:6672	194	211	1535	0.924	0.076	replaced
books/assets/plane-geometry-2/fig-p0115-03.png	平面几何（第二册）	plane-geometry-2	115	T	high	对照 raw 第115页，已改 TikZ	(第10题)	tex/books/平面几何（第二册）.tex:6712	217	172	1132	0.934	0.066	replaced
books/assets/plane-geometry-2/fig-p0115-04.png	平面几何（第二册）	plane-geometry-2	115	T	high	对照 raw 第115页，已改 TikZ	(第11题)	tex/books/平面几何（第二册）.tex:6722	237	161	1194	0.939	0.061	replaced
books/assets/plane-geometry-2/fig-p0116-01.png	平面几何（第二册）	plane-geometry-2	116	T	high	对照 raw 第116页，已改 TikZ	(第13题)	tex/books/平面几何（第二册）.tex:6762	227	136	1025	0.912	0.088	replaced
books/assets/plane-geometry-2/fig-p0116-02.png	平面几何（第二册）	plane-geometry-2	116	T	high	对照 raw 第116页，已改 TikZ	(第20题)	tex/books/平面几何（第二册）.tex:6822	226	185	1147	0.946	0.054	replaced
books/assets/plane-geometry-2/fig-p0117-01.png	平面几何（第二册）	plane-geometry-2	117	T	high	对照 raw 第117页，已改 TikZ	(第22题)	tex/books/平面几何（第二册）.tex:6838	265	218	1927	0.939	0.061	replaced
books/assets/plane-geometry-2/fig-p0117-02.png	平面几何（第二册）	plane-geometry-2	117	T	high	对照 raw 第117页，已改 TikZ	(第25题)	tex/books/平面几何（第二册）.tex:6872	197	191	1572	0.905	0.095	replaced
books/assets/plane-geometry-2/fig-p0118-01.png	平面几何（第二册）	plane-geometry-2	118	T	high	对照 raw 第118页，已改 TikZ	(第1题)	tex/books/平面几何（第二册）.tex:6925	212	142	941	0.928	0.072	replaced
books/assets/plane-geometry-2/fig-p0118-02.png	平面几何（第二册）	plane-geometry-2	118	T	high	对照 raw 第118页，已改 TikZ	(第2题)	tex/books/平面几何（第二册）.tex:6935	245	166	1483	0.910	0.090	replaced
books/assets/plane-geometry-2/fig-p0118-03.png	平面几何（第二册）	plane-geometry-2	118	T	high	对照 raw 第118页，已改 TikZ	(第3题)	tex/books/平面几何（第二册）.tex:6962	221	174	1476	0.905	0.095	replaced
books/assets/plane-geometry-2/fig-p0119-01.png	平面几何（第二册）	plane-geometry-2	119	T	high	对照 raw 第119页，已改 TikZ	(第4题)	tex/books/平面几何（第二册）.tex:6982	203	177	1171	0.928	0.072	replaced
books/assets/plane-geometry-2/fig-p0119-02.png	平面几何（第二册）	plane-geometry-2	119	T	high	对照 raw 第119页，已改 TikZ	(第5题)	tex/books/平面几何（第二册）.tex:6992	224	166	982	0.948	0.052	replaced
books/assets/plane-geometry-2/fig-p0119-03.png	平面几何（第二册）	plane-geometry-2	119	T	high	对照 raw 第119页，已改 TikZ	(第6题)	tex/books/平面几何（第二册）.tex:7014	243	190	1548	0.931	0.069	replaced
books/assets/plane-geometry-2/fig-p0121-01.png	平面几何（第二册）	plane-geometry-2	121	T	high	对照 raw 第121页，已改 TikZ	图2-1	tex/books/平面几何（第二册）.tex:7049	215	149	472	0.965	0.035	replaced
books/assets/plane-geometry-2/fig-p0121-02.png	平面几何（第二册）	plane-geometry-2	121	T	high	对照 raw 第121页，已改 TikZ	图2-2	tex/books/平面几何（第二册）.tex:7059	212	159	689	0.951	0.049	replaced
books/assets/plane-geometry-2/fig-p0122-01.png	平面几何（第二册）	plane-geometry-2	122	T	high	对照 raw 第122页，已改 TikZ	图2-3	tex/books/平面几何（第二册）.tex:7081	530	182	2081	0.943	0.057	replaced
books/assets/plane-geometry-2/fig-p0122-02.png	平面几何（第二册）	plane-geometry-2	122	T	high	对照 raw 第122页，已改 TikZ	图2-4	tex/books/平面几何（第二册）.tex:7106	220	139	808	0.940	0.060	replaced
books/assets/plane-geometry-2/fig-p0123-01.png	平面几何（第二册）	plane-geometry-2	123	T	high	对照 raw 第123页，已改 TikZ	图2-5	tex/books/平面几何（第二册）.tex:7166	254	144	1209	0.905	0.095	replaced
books/assets/plane-geometry-2/fig-p0124-01.png	平面几何（第二册）	plane-geometry-2	124	T	low	初分待对照 raw 改轨	图示（原PDF第124页）	tex/books/平面几何（第二册）.tex:7222	143	64	312	0.915	0.085	pending
books/assets/plane-geometry-2/fig-p0124-02.png	平面几何（第二册）	plane-geometry-2	124	T	high	对照 raw 第124页，已改 TikZ	图2-8	tex/books/平面几何（第二册）.tex:7228	306	138	1184	0.950	0.050	replaced
books/assets/plane-geometry-2/fig-p0124-03.png	平面几何（第二册）	plane-geometry-2	124	T	high	对照 raw 第124页，已改 TikZ	图2-7	tex/books/平面几何（第二册）.tex:7238	220	115	902	0.935	0.065	replaced
books/assets/plane-geometry-2/fig-p0124-04.png	平面几何（第二册）	plane-geometry-2	124	T	high	对照 raw 第124页，已改 TikZ	图2-3	tex/books/平面几何（第二册）.tex:7278	247	146	879	0.941	0.059	replaced
books/assets/plane-geometry-2/fig-p0125-01.png	平面几何（第二册）	plane-geometry-2	125	T	high	对照 raw 第125页，已改 TikZ	(第2题)	tex/books/平面几何（第二册）.tex:7316	233	140	828	0.941	0.059	replaced
books/assets/plane-geometry-2/fig-p0125-02.png	平面几何（第二册）	plane-geometry-2	125	T	high	对照 raw 第125页，已改 TikZ	(第3题)	tex/books/平面几何（第二册）.tex:7336	495	152	1819	0.941	0.059	replaced
books/assets/plane-geometry-2/fig-p0126-01.png	平面几何（第二册）	plane-geometry-2	126	T	high	对照 raw 第126页，已改 TikZ	(第7题)	tex/books/平面几何（第二册）.tex:7368	203	226	1416	0.929	0.071	replaced
books/assets/plane-geometry-2/fig-p0126-02.png	平面几何（第二册）	plane-geometry-2	126	T	high	对照 raw 第126页，已改 TikZ	(第8题)	tex/books/平面几何（第二册）.tex:7378	161	154	1027	0.904	0.096	replaced
books/assets/plane-geometry-2/fig-p0127-01.png	平面几何（第二册）	plane-geometry-2	127	T	high	对照 raw 第127页，已改 TikZ	图2-9	tex/books/平面几何（第二册）.tex:7456	246	141	886	0.952	0.048	replaced
books/assets/plane-geometry-2/fig-p0127-02.png	平面几何（第二册）	plane-geometry-2	127	T	high	对照 raw 第127页，已改 TikZ	图2·10	tex/books/平面几何（第二册）.tex:7486	138	228	910	0.938	0.062	replaced
books/assets/plane-geometry-2/fig-p0128-01.png	平面几何（第二册）	plane-geometry-2	128	T	high	对照 raw 第128页，已改 TikZ	图2-11	tex/books/平面几何（第二册）.tex:7515	173	165	783	0.940	0.060	replaced
books/assets/plane-geometry-2/fig-p0128-02.png	平面几何（第二册）	plane-geometry-2	128	T	high	对照 raw 第128页，已改 TikZ	图2-12	tex/books/平面几何（第二册）.tex:7540	247	141	1130	0.926	0.074	replaced
books/assets/plane-geometry-2/fig-p0129-01.png	平面几何（第二册）	plane-geometry-2	129	T	high	对照 raw 第129页，已改 TikZ	图2·13	tex/books/平面几何（第二册）.tex:7589	250	177	872	0.944	0.056	replaced
books/assets/plane-geometry-2/fig-p0129-02.png	平面几何（第二册）	plane-geometry-2	129	T	high	对照 raw 第129页，已改 TikZ	图2-14	tex/books/平面几何（第二册）.tex:7615	278	136	891	0.935	0.065	replaced
books/assets/plane-geometry-2/fig-p0130-01.png	平面几何（第二册）	plane-geometry-2	130	T	high	对照 raw 第130页，已改 TikZ	(第5题1)	tex/books/平面几何（第二册）.tex:7671	238	165	1644	0.895	0.105	replaced
books/assets/plane-geometry-2/fig-p0130-02.png	平面几何（第二册）	plane-geometry-2	130	T	high	对照 raw 第130页，已改 TikZ	(第5题1i)	tex/books/平面几何（第二册）.tex:7681	302	156	2058	0.852	0.148	replaced
books/assets/plane-geometry-2/fig-p0130-03.png	平面几何（第二册）	plane-geometry-2	130	T	high	对照 raw 第130页，已改 TikZ	(第8题)	tex/books/平面几何（第二册）.tex:7714	215	199	1382	0.917	0.083	replaced
books/assets/plane-geometry-2/fig-p0130-04.png	平面几何（第二册）	plane-geometry-2	130	T	high	对照 raw 第130页，已改 TikZ	(第10题)	tex/books/平面几何（第二册）.tex:7724	189	174	1268	0.878	0.122	replaced
books/assets/plane-geometry-2/fig-p0131-01.png	平面几何（第二册）	plane-geometry-2	131	T	high	对照 raw 第131页，已改 TikZ	(第17题)	tex/books/平面几何（第二册）.tex:7799	174	171	952	0.908	0.092	replaced
books/assets/plane-geometry-2/fig-p0131-02.png	平面几何（第二册）	plane-geometry-2	131	T	high	对照 raw 第131页，已改 TikZ	(第19题)	tex/books/平面几何（第二册）.tex:7809	194	176	1097	0.928	0.072	replaced
books/assets/plane-geometry-2/fig-p0132-01.png	平面几何（第二册）	plane-geometry-2	132	T	high	对照 raw 第132页，已改 TikZ	(第20题)	tex/books/平面几何（第二册）.tex:7837	211	216	1844	0.889	0.111	replaced
books/assets/plane-geometry-2/fig-p0132-02.png	平面几何（第二册）	plane-geometry-2	132	T	high	对照 raw 第132页，已改 TikZ	图2·15	tex/books/平面几何（第二册）.tex:7860	540	146	1866	0.943	0.057	replaced
books/assets/plane-geometry-2/fig-p0133-01.png	平面几何（第二册）	plane-geometry-2	133	T	high	对照 raw 第133页，已改 TikZ	图2-18	tex/books/平面几何（第二册）.tex:7894	405	176	1609	0.952	0.048	replaced
books/assets/plane-geometry-2/fig-p0134-01.png	平面几何（第二册）	plane-geometry-2	134	T	high	对照 raw 第134页，已改 TikZ	图2-17	tex/books/平面几何（第二册）.tex:7968	211	188	972	0.949	0.051	replaced
books/assets/plane-geometry-2/fig-p0135-01.png	平面几何（第二册）	plane-geometry-2	135	T	high	对照 raw 第135页，已改 TikZ	图2·18	tex/books/平面几何（第二册）.tex:7996	512	199	2401	0.952	0.048	replaced
books/assets/plane-geometry-2/fig-p0135-02.png	平面几何（第二册）	plane-geometry-2	135	T	high	对照 raw 第135页，已改 TikZ	图2-19	tex/books/平面几何（第二册）.tex:8029	153	216	676	0.957	0.043	replaced
books/assets/plane-geometry-2/fig-p0137-01.png	平面几何（第二册）	plane-geometry-2	137	T	high	对照 raw 第137页，已改 TikZ	caption 图2-20	quote 图2·20	tex/books/平面几何（第二册）.tex:8114	265	140	1293	0.915	0.085	replaced
books/assets/plane-geometry-2/fig-p0138-01.png	平面几何（第二册）	plane-geometry-2	138	T	high	对照 raw 第138页，已改 TikZ	假caption「图示（原PDF第138页）」已删	（第1题左，锐角 a/b/c/h/p）	tex/books/平面几何（第二册）.tex:8196	179	136	774	0.925	0.075	replaced
books/assets/plane-geometry-2/fig-p0138-02.png	平面几何（第二册）	plane-geometry-2	138	T	high	对照 raw 第138页，已改 TikZ	caption (第1题)	quote （第1题）	tex/books/平面几何（第二册）.tex:8202	172	138	834	0.918	0.082	replaced
books/assets/plane-geometry-2/fig-p0138-03.png	平面几何（第二册）	plane-geometry-2	138	T	high	对照 raw 第138页，已改 TikZ	caption (第9题)	quote （第9题）	tex/books/平面几何（第二册）.tex:8283	322	133	1424	0.900	0.100	replaced
books/assets/plane-geometry-2/fig-p0139-01.png	平面几何（第二册）	plane-geometry-2	139	T	high	对照 raw 第139页，已改 TikZ	caption (第16题)	quote （第16题）	tex/books/平面几何（第二册）.tex:8338	219	136	1085	0.910	0.090	replaced
books/assets/plane-geometry-2/fig-p0140-01.png	平面几何（第二册）	plane-geometry-2	140	T	high	对照 raw 第140页，已改 TikZ	caption 图2·21	quote 图2·21	tex/books/平面几何（第二册）.tex:8392	189	232	1338	0.949	0.051	replaced
books/assets/plane-geometry-2/fig-p0141-01.png	平面几何（第二册）	plane-geometry-2	141	T	high	对照 raw 第141页，已改 TikZ	caption 图2·22	quote 图2·22	tex/books/平面几何（第二册）.tex:8426	391	184	1534	0.947	0.053	replaced
books/assets/plane-geometry-2/fig-p0142-01.png	平面几何（第二册）	plane-geometry-2	142	T	high	对照 raw 第142页，已改 TikZ	caption 图2·23	quote 图2·23	tex/books/平面几何（第二册）.tex:8509	201	204	1657	0.913	0.087	replaced
books/assets/plane-geometry-2/fig-p0143-01.png	平面几何（第二册）	plane-geometry-2	143	T	high	对照 raw 第143页，已改 TikZ	caption 图2-24	quote 图2·24	tex/books/平面几何（第二册）.tex:8548	244	172	1143	0.944	0.056	replaced
books/assets/plane-geometry-2/fig-p0145-01.png	平面几何（第二册）	plane-geometry-2	145	T	high	对照 raw 第145页，已改 TikZ	caption (第7题)	quote （第7题）	tex/books/平面几何（第二册）.tex:8710	192	159	1292	0.904	0.096	replaced
books/assets/plane-geometry-2/fig-p0146-01.png	平面几何（第二册）	plane-geometry-2	146	T	high	对照 raw 第146页，已改 TikZ	caption 图2·25	quote 图2·25	tex/books/平面几何（第二册）.tex:8757	292	168	1471	0.930	0.070	replaced
books/assets/plane-geometry-2/fig-p0147-01.png	平面几何（第二册）	plane-geometry-2	147	T	high	对照 raw 第147页，已改 TikZ	caption 图2-26	quote 图2·26	tex/books/平面几何（第二册）.tex:8793	281	160	1383	0.939	0.061	replaced
books/assets/plane-geometry-2/fig-p0147-02.png	平面几何（第二册）	plane-geometry-2	147	T	high	对照 raw 第147页，已改 TikZ	caption 图2·27	quote 图2·27	tex/books/平面几何（第二册）.tex:8849	244	200	1330	0.936	0.064	replaced
books/assets/plane-geometry-2/fig-p0148-01.png	平面几何（第二册）	plane-geometry-2	148	T	high	对照 raw 第148页，已改 TikZ	caption 图2-28	quote 图2·28	tex/books/平面几何（第二册）.tex:8879	216	228	1481	0.930	0.070	replaced
books/assets/plane-geometry-2/fig-p0148-02.png	平面几何（第二册）	plane-geometry-2	148	T	high	对照 raw 第148页，已改 TikZ	caption 图2·29	quote 图2·29	tex/books/平面几何（第二册）.tex:8911	239	158	1321	0.921	0.079	replaced
books/assets/plane-geometry-2/fig-p0149-01.png	平面几何（第二册）	plane-geometry-2	149	T	high	对照 raw 第149页，已改 TikZ	caption (第1题)	quote （第1题）	tex/books/平面几何（第二册）.tex:8972	226	165	1139	0.933	0.067	replaced
books/assets/plane-geometry-2/fig-p0149-02.png	平面几何（第二册）	plane-geometry-2	149	T	high	对照 raw 第149页，已改 TikZ	caption (第5题)	quote （第5题）	tex/books/平面几何（第二册）.tex:8999	151	213	1224	0.896	0.104	replaced
books/assets/plane-geometry-2/fig-p0150-01.png	平面几何（第二册）	plane-geometry-2	150	T	high	对照 raw 第150页，已改 TikZ	caption (第10题)	quote （第10题）	tex/books/平面几何（第二册）.tex:9031	248	166	1336	0.929	0.071	replaced
books/assets/plane-geometry-2/fig-p0150-02.png	平面几何（第二册）	plane-geometry-2	150	T	high	对照 raw 第150页，已改 TikZ	caption (第12题)	quote （第12题）	tex/books/平面几何（第二册）.tex:9060	262	176	1753	0.908	0.092	replaced
books/assets/plane-geometry-2/fig-p0150-03.png	平面几何（第二册）	plane-geometry-2	150	T	high	对照 raw 第150页，已改 TikZ	caption (第13题)	quote （第13题）	tex/books/平面几何（第二册）.tex:9070	203	187	1639	0.903	0.097	replaced
books/assets/plane-geometry-2/fig-p0151-01.png	平面几何（第二册）	plane-geometry-2	151	T	high	对照 raw 第151页，已改 TikZ	caption 图2·30	quote 图2·30	tex/books/平面几何（第二册）.tex:9119	193	217	1478	0.925	0.075	replaced
books/assets/plane-geometry-2/fig-p0151-02.png	平面几何（第二册）	plane-geometry-2	151	T	high	对照 raw 第151页，已改 TikZ	caption 图2·31	quote 图2·31	tex/books/平面几何（第二册）.tex:9129	167	175	1131	0.919	0.081	replaced
books/assets/plane-geometry-2/fig-p0152-01.png	平面几何（第二册）	plane-geometry-2	152	T	high	对照 raw 第152页，已改 TikZ	caption 图2·32	quote 图2·32	tex/books/平面几何（第二册）.tex:9167	224	213	1485	0.946	0.054	replaced
books/assets/plane-geometry-2/fig-p0153-01.png	平面几何（第二册）	plane-geometry-2	153	T	high	对照 raw 第153页，已改 TikZ	caption (第4题)	quote （第4题）	tex/books/平面几何（第二册）.tex:9239	176	152	898	0.916	0.084	replaced
books/assets/plane-geometry-2/fig-p0153-02.png	平面几何（第二册）	plane-geometry-2	153	T	high	对照 raw 第153页，已改 TikZ	caption (1)	quote （1）	tex/books/平面几何（第二册）.tex:9265	264	99	837	0.897	0.103	replaced
books/assets/plane-geometry-2/fig-p0153-03.png	平面几何（第二册）	plane-geometry-2	153	T	high	对照 raw 第153页，已改 TikZ	caption (2)	quote （2）	tex/books/平面几何（第二册）.tex:9275	95	111	551	0.887	0.113	replaced
books/assets/plane-geometry-2/fig-p0154-01.png	平面几何（第二册）	plane-geometry-2	154	T	high	对照 raw 第154页，已改 TikZ	caption (第5题)	quote （第5题）	tex/books/平面几何（第二册）.tex:9313	292	136	970	0.928	0.072	replaced
books/assets/plane-geometry-2/fig-p0154-02.png	平面几何（第二册）	plane-geometry-2	154	T	high	对照 raw 第154页，已改 TikZ	caption (第6题)	quote （第6题）	tex/books/平面几何（第二册）.tex:9323	213	152	1272	0.921	0.079	replaced
books/assets/plane-geometry-2/fig-p0155-01.png	平面几何（第二册）	plane-geometry-2	155	T	high	对照 raw 第155页，已改 TikZ	caption (第9题)	quote （第9题）	tex/books/平面几何（第二册）.tex:9381	174	172	1246	0.909	0.091	replaced
books/assets/plane-geometry-2/fig-p0156-01.png	平面几何（第二册）	plane-geometry-2	156	T	high	对照 raw 第156页，已改 TikZ	caption 图2·33	quote 图2·33	tex/books/平面几何（第二册）.tex:9424	217	151	978	0.931	0.069	replaced
books/assets/plane-geometry-2/fig-p0156-02.png	平面几何（第二册）	plane-geometry-2	156	T	high	对照 raw 第156页，已改 TikZ	caption 图2·34	quote 图2·34	tex/books/平面几何（第二册）.tex:9434	246	163	1385	0.911	0.089	replaced
books/assets/plane-geometry-2/fig-p0156-03.png	平面几何（第二册）	plane-geometry-2	156	T	high	对照 raw 第156页，已改 TikZ	caption 图2·35	quote 图2·35	tex/books/平面几何（第二册）.tex:9485	169	144	922	0.904	0.096	replaced
books/assets/plane-geometry-2/fig-p0157-01.png	平面几何（第二册）	plane-geometry-2	157	T	high	对照 raw 第157页，已改 TikZ	caption 图2-36	quote 图2·36	tex/books/平面几何（第二册）.tex:9508	173	171	1391	0.903	0.097	replaced
books/assets/plane-geometry-2/fig-p0158-01.png	平面几何（第二册）	plane-geometry-2	158	T	high	对照 raw 第158页，已改 TikZ	caption 图2·37	quote 图2·37	tex/books/平面几何（第二册）.tex:9556	263	201	1486	0.943	0.057	replaced
books/assets/plane-geometry-2/fig-p0161-01.png	平面几何（第二册）	plane-geometry-2	161	T	high	对照 raw 第161页，已改 TikZ	caption (1)	quote （随图2·38；假caption「图示」已清）	tex/books/平面几何（第二册）.tex:9668	255	100	547	0.960	0.040	replaced
books/assets/plane-geometry-2/fig-p0161-02.png	平面几何（第二册）	plane-geometry-2	161	T	high	对照 raw 第161页，已改 TikZ	caption (2)	quote （随图2·38；假caption「图示」已清）	tex/books/平面几何（第二册）.tex:9674	184	99	641	0.963	0.037	replaced
books/assets/plane-geometry-2/fig-p0161-03.png	平面几何（第二册）	plane-geometry-2	161	T	high	对照 raw 第161页，已改 TikZ	caption 图2·38	quote 图2·38	tex/books/平面几何（第二册）.tex:9680	474	147	1204	0.976	0.024	replaced
books/assets/plane-geometry-2/fig-p0161-04.png	平面几何（第二册）	plane-geometry-2	161	T	high	对照 raw 第161页，已改 TikZ	caption (1)	quote （1）	tex/books/平面几何（第二册）.tex:9707	214	105	519	0.950	0.050	replaced
books/assets/plane-geometry-2/fig-p0161-05.png	平面几何（第二册）	plane-geometry-2	161	T	high	对照 raw 第161页，已改 TikZ	caption (2)	quote （2）	tex/books/平面几何（第二册）.tex:9717	145	80	513	0.936	0.064	replaced
books/assets/plane-geometry-2/fig-p0161-06.png	平面几何（第二册）	plane-geometry-2	161	T	high	对照 raw 第161页，已改 TikZ	caption (3)	quote （3）	tex/books/平面几何（第二册）.tex:9727	254	165	1044	0.954	0.046	replaced
books/assets/plane-geometry-2/fig-p0162-01.png	平面几何（第二册）	plane-geometry-2	162	T	high	对照 raw 第162页，已改 TikZ	caption 图2·40	quote 图2·40	tex/books/平面几何（第二册）.tex:9756	222	188	1327	0.925	0.075	replaced
books/assets/plane-geometry-2/fig-p0164-01.png	平面几何（第二册）	plane-geometry-2	164	T	high	对照 raw 第164页，已改 TikZ	caption (第4题)	quote （第4题）	tex/books/平面几何（第二册）.tex:9910	352	175	1149	0.957	0.043	replaced
books/assets/plane-geometry-2/fig-p0165-01.png	平面几何（第二册）	plane-geometry-2	165	T	high	对照 raw 第165页，已改 TikZ	caption (第8题)	quote （第8题）	tex/books/平面几何（第二册）.tex:9951	168	106	647	0.908	0.092	replaced
books/assets/plane-geometry-2/fig-p0165-02.png	平面几何（第二册）	plane-geometry-2	165	T	high	对照 raw 第165页，已改 TikZ	caption (第9题)	quote （第9题）	tex/books/平面几何（第二册）.tex:9961	168	186	848	0.928	0.072	replaced
books/assets/plane-geometry-2/fig-p0166-01.png	平面几何（第二册）	plane-geometry-2	166	T	high	对照 raw 第166页，已改 TikZ	caption (第12题)	quote （第12题）	tex/books/平面几何（第二册）.tex:10002	207	142	894	0.931	0.069	replaced
books/assets/plane-geometry-2/fig-p0166-02.png	平面几何（第二册）	plane-geometry-2	166	T	high	对照 raw 第166页，已改 TikZ	caption (第13题)	quote （第13题）	tex/books/平面几何（第二册）.tex:10012	224	212	1696	0.913	0.087	replaced
books/assets/plane-geometry-2/fig-p0167-01.png	平面几何（第二册）	plane-geometry-2	167	T	high	对照 raw 第167页，已改 TikZ	caption (第17题)	quote （第17题）	tex/books/平面几何（第二册）.tex:10078	320	179	1285	0.950	0.050	replaced
books/assets/plane-geometry-2/fig-p0168-01.png	平面几何（第二册）	plane-geometry-2	168	T	high	对照 raw 第168页，已改 TikZ	caption (1)	quote （1）	tex/books/平面几何（第二册）.tex:10118	233	178	1168	0.935	0.065	replaced
books/assets/plane-geometry-2/fig-p0168-02.png	平面几何（第二册）	plane-geometry-2	168	T	high	对照 raw 第168页，已改 TikZ	caption (2)	quote （2）	tex/books/平面几何（第二册）.tex:10128	212	183	1191	0.938	0.062	replaced
books/assets/plane-geometry-2/fig-p0168-03.png	平面几何（第二册）	plane-geometry-2	168	T	high	对照 raw 第168页，已改 TikZ	caption (3)	quote （3）	tex/books/平面几何（第二册）.tex:10138	206	172	1212	0.926	0.074	replaced
books/assets/plane-geometry-2/fig-p0168-04.png	平面几何（第二册）	plane-geometry-2	168	T	high	对照 raw 第168页，已改 TikZ	caption (4)	quote （4）	tex/books/平面几何（第二册）.tex:10148	219	164	1067	0.931	0.069	replaced
books/assets/plane-geometry-2/fig-p0168-05.png	平面几何（第二册）	plane-geometry-2	168	T	high	对照 raw 第168页，已改 TikZ	caption (5)	quote （5）	tex/books/平面几何（第二册）.tex:10158	168	156	1103	0.907	0.093	replaced
books/assets/plane-geometry-2/fig-p0168-06.png	平面几何（第二册）	plane-geometry-2	168	T	high	对照 raw 第168页，已改 TikZ	caption (6)	quote （6）	tex/books/平面几何（第二册）.tex:10168	177	170	948	0.917	0.083	replaced
books/assets/plane-geometry-2/fig-p0169-01.png	平面几何（第二册）	plane-geometry-2	169	T	high	对照 raw 第169页，已改 TikZ	caption (第10题)	quote （第10题）	tex/books/平面几何（第二册）.tex:10230	315	180	1487	0.946	0.054	replaced
books/assets/plane-geometry-2/fig-p0170-01.png	平面几何（第二册）	plane-geometry-2	170	T	high	对照 raw 第170页，已改 TikZ	caption (第14题)	quote （第14题）	tex/books/平面几何（第二册）.tex:10272	209	167	1332	0.911	0.089	replaced
books/assets/plane-geometry-2/fig-p0170-02.png	平面几何（第二册）	plane-geometry-2	170	T	high	对照 raw 第170页，已改 TikZ	caption (第15题)	quote （第15题）	tex/books/平面几何（第二册）.tex:10282	178	170	1092	0.911	0.089	replaced
books/assets/plane-geometry-2/fig-p0171-01.png	平面几何（第二册）	plane-geometry-2	171	T	medium	高留白线稿	(第18题)	tex/books/平面几何（第二册）.tex:10317	229	152	1328	0.920	0.080	pending
books/assets/plane-geometry-2/fig-p0171-02.png	平面几何（第二册）	plane-geometry-2	171	T	medium	高留白线稿	(第20题)	tex/books/平面几何（第二册）.tex:10327	202	136	719	0.938	0.062	pending
books/assets/plane-geometry-2/fig-p0171-03.png	平面几何（第二册）	plane-geometry-2	171	T	medium	高留白线稿	(第2题)	tex/books/平面几何（第二册）.tex:10375	238	176	1284	0.944	0.056	pending
books/assets/plane-geometry-2/fig-p0172-01.png	平面几何（第二册）	plane-geometry-2	172	T	low	初分待对照 raw 改轨	(第3题)	tex/books/平面几何（第二册）.tex:10412	290	184	1649	0.919	0.081	pending
books/assets/plane-geometry-2/fig-p0172-02.png	平面几何（第二册）	plane-geometry-2	172	T	low	初分待对照 raw 改轨	(第7题)	tex/books/平面几何（第二册）.tex:10422	236	156	1490	0.904	0.096	pending
books/assets/plane-geometry-2/fig-p0172-03.png	平面几何（第二册）	plane-geometry-2	172	T	medium	高留白线稿	(第10题)	tex/books/平面几何（第二册）.tex:10479	235	202	1683	0.933	0.067	pending
books/assets/plane-geometry-2/fig-p0172-04.png	平面几何（第二册）	plane-geometry-2	172	T	low	初分待对照 raw 改轨	(第11题)	tex/books/平面几何（第二册）.tex:10489	242	179	1552	0.914	0.086	pending
books/assets/plane-geometry-2/fig-p0173-01.png	平面几何（第二册）	plane-geometry-2	173	T	medium	高留白线稿	(第13题)	tex/books/平面几何（第二册）.tex:10516	235	211	1652	0.927	0.073	pending
books/assets/plane-geometry-2/fig-p0173-02.png	平面几何（第二册）	plane-geometry-2	173	T	medium	高留白线稿	(第16题)	tex/books/平面几何（第二册）.tex:10526	192	198	1459	0.927	0.073	pending
books/assets/plane-geometry-2/fig-p0173-03.png	平面几何（第二册）	plane-geometry-2	173	T	low	初分待对照 raw 改轨	(第19题)	tex/books/平面几何（第二册）.tex:10589	201	130	769	0.916	0.084	pending
books/assets/plane-geometry-2/fig-p0174-01.png	平面几何（第二册）	plane-geometry-2	174	T	medium	高留白线稿	(第21题)	tex/books/平面几何（第二册）.tex:10612	141	110	621	0.935	0.065	pending
books/assets/plane-geometry-2/fig-p0174-02.png	平面几何（第二册）	plane-geometry-2	174	T	medium	高留白线稿	(第22题)	tex/books/平面几何（第二册）.tex:10622	222	133	1035	0.938	0.062	pending
books/assets/plane-geometry-2/fig-p0174-03.png	平面几何（第二册）	plane-geometry-2	174	T	low	初分待对照 raw 改轨	(第2题)	tex/books/平面几何（第二册）.tex:10657	156	212	1079	0.918	0.082	pending
books/assets/plane-geometry-2/fig-p0174-04.png	平面几何（第二册）	plane-geometry-2	174	T	medium	高留白线稿	(第3题)	tex/books/平面几何（第二册）.tex:10667	272	154	1303	0.922	0.078	pending
books/assets/plane-geometry-2/fig-p0175-01.png	平面几何（第二册）	plane-geometry-2	175	T	medium	高留白线稿	(第5题)	tex/books/平面几何（第二册）.tex:10697	250	176	1330	0.953	0.047	pending
books/assets/plane-geometry-2/fig-p0175-02.png	平面几何（第二册）	plane-geometry-2	175	T	medium	高留白线稿	(第6题)	tex/books/平面几何（第二册）.tex:10707	184	177	1236	0.933	0.067	pending
books/assets/plane-geometry-2/fig-p0177-01.png	平面几何（第二册）	plane-geometry-2	177	T	medium	高留白线稿	图3-1	tex/books/平面几何（第二册）.tex:10749	211	207	882	0.945	0.055	pending
books/assets/plane-geometry-2/fig-p0177-02.png	平面几何（第二册）	plane-geometry-2	177	T	low	初分待对照 raw 改轨	图3-2	tex/books/平面几何（第二册）.tex:10761	308	186	1586	0.918	0.082	pending
books/assets/plane-geometry-2/fig-p0178-01.png	平面几何（第二册）	plane-geometry-2	178	T	medium	高留白线稿	(1)	tex/books/平面几何（第二册）.tex:10779	215	140	804	0.945	0.055	pending
books/assets/plane-geometry-2/fig-p0178-02.png	平面几何（第二册）	plane-geometry-2	178	T	medium	高留白线稿	(2)	tex/books/平面几何（第二册）.tex:10789	187	140	901	0.930	0.070	pending
books/assets/plane-geometry-2/fig-p0178-03.png	平面几何（第二册）	plane-geometry-2	178	T	low	初分待对照 raw 改轨	(3)	tex/books/平面几何（第二册）.tex:10799	184	145	902	0.904	0.096	pending
books/assets/plane-geometry-2/fig-p0178-04.png	平面几何（第二册）	plane-geometry-2	178	T	medium	高留白线稿	(4)	tex/books/平面几何（第二册）.tex:10809	163	137	613	0.929	0.071	pending
books/assets/plane-geometry-2/fig-p0179-01.png	平面几何（第二册）	plane-geometry-2	179	T	medium	高留白线稿	(第3题)	tex/books/平面几何（第二册）.tex:10857	255	159	1145	0.935	0.065	pending
books/assets/plane-geometry-2/fig-p0179-02.png	平面几何（第二册）	plane-geometry-2	179	T	medium	高留白线稿	图3-4	tex/books/平面几何（第二册）.tex:10884	354	193	1629	0.921	0.079	pending
books/assets/plane-geometry-2/fig-p0181-01.png	平面几何（第二册）	plane-geometry-2	181	T	low	初分待对照 raw 改轨	图3-5	tex/books/平面几何（第二册）.tex:10984	237	199	1053	0.913	0.087	pending
books/assets/plane-geometry-2/fig-p0181-02.png	平面几何（第二册）	plane-geometry-2	181	V	low	初分待对照 raw 改轨	图示（原PDF第181页）	tex/books/平面几何（第二册）.tex:10994	104	106	546	0.809	0.191	pending
books/assets/plane-geometry-2/fig-p0185-01.png	平面几何（第二册）	plane-geometry-2	185	T	low	初分待对照 raw 改轨	(1)	tex/books/平面几何（第二册）.tex:11176	158	164	1006	0.892	0.108	pending
books/assets/plane-geometry-2/fig-p0185-02.png	平面几何（第二册）	plane-geometry-2	185	T	low	初分待对照 raw 改轨	(2)	tex/books/平面几何（第二册）.tex:11186	152	168	1070	0.880	0.120	pending
books/assets/plane-geometry-2/fig-p0185-03.png	平面几何（第二册）	plane-geometry-2	185	P	medium	疑似网纹或照片	(3)	tex/books/平面几何（第二册）.tex:11196	191	167	1387	0.866	0.134	pending
books/assets/plane-geometry-2/fig-p0185-04.png	平面几何（第二册）	plane-geometry-2	185	T	low	初分待对照 raw 改轨	(4)	tex/books/平面几何（第二册）.tex:11206	254	169	1391	0.894	0.106	pending
books/assets/plane-geometry-2/fig-p0186-01.png	平面几何（第二册）	plane-geometry-2	186	T	low	初分待对照 raw 改轨	(1)	tex/books/平面几何（第二册）.tex:11238	146	155	622	0.878	0.122	pending
books/assets/plane-geometry-2/fig-p0186-02.png	平面几何（第二册）	plane-geometry-2	186	V	low	初分待对照 raw 改轨	(2)	tex/books/平面几何（第二册）.tex:11248	153	163	1193	0.830	0.170	pending
books/assets/plane-geometry-2/fig-p0186-03.png	平面几何（第二册）	plane-geometry-2	186	T	low	初分待对照 raw 改轨	(3)	tex/books/平面几何（第二册）.tex:11258	136	168	744	0.892	0.108	pending
books/assets/plane-geometry-2/fig-p0186-04.png	平面几何（第二册）	plane-geometry-2	186	T	low	初分待对照 raw 改轨	(4)	tex/books/平面几何（第二册）.tex:11268	142	155	623	0.883	0.117	pending
books/assets/plane-geometry-2/fig-p0186-05.png	平面几何（第二册）	plane-geometry-2	186	T	low	初分待对照 raw 改轨	(1)	tex/books/平面几何（第二册）.tex:11290	168	134	791	0.909	0.091	pending
books/assets/plane-geometry-2/fig-p0186-06.png	平面几何（第二册）	plane-geometry-2	186	T	medium	高留白线稿	(2)	tex/books/平面几何（第二册）.tex:11300	166	136	792	0.922	0.078	pending
books/assets/plane-geometry-2/fig-p0186-07.png	平面几何（第二册）	plane-geometry-2	186	T	low	初分待对照 raw 改轨	图示（原PDF第186页）	tex/books/平面几何（第二册）.tex:11310	165	135	806	0.909	0.091	pending
books/assets/plane-geometry-2/fig-p0186-08.png	平面几何（第二册）	plane-geometry-2	186	T	medium	高留白线稿	(3)	tex/books/平面几何（第二册）.tex:11316	204	141	1004	0.925	0.075	pending
books/assets/plane-geometry-2/fig-p0186-09.png	平面几何（第二册）	plane-geometry-2	186	T	medium	高留白线稿	(4)	tex/books/平面几何（第二册）.tex:11326	161	139	823	0.925	0.075	pending
books/assets/plane-geometry-2/fig-p0186-10.png	平面几何（第二册）	plane-geometry-2	186	T	low	初分待对照 raw 改轨	(第9题)	tex/books/平面几何（第二册）.tex:11336	163	135	885	0.918	0.082	pending
books/assets/plane-geometry-2/fig-p0187-01.png	平面几何（第二册）	plane-geometry-2	187	T	medium	高留白线稿	图3-6	tex/books/平面几何（第二册）.tex:11351	336	191	1480	0.950	0.050	pending
books/assets/plane-geometry-2/fig-p0187-02.png	平面几何（第二册）	plane-geometry-2	187	T	medium	高留白线稿	图3-7	tex/books/平面几何（第二册）.tex:11373	239	137	900	0.940	0.060	pending
books/assets/plane-geometry-2/fig-p0188-01.png	平面几何（第二册）	plane-geometry-2	188	T	medium	高留白线稿	图3·8	tex/books/平面几何（第二册）.tex:11438	261	186	1218	0.952	0.048	pending
books/assets/plane-geometry-2/fig-p0189-01.png	平面几何（第二册）	plane-geometry-2	189	T	medium	高留白线稿	(a)	tex/books/平面几何（第二册）.tex:11460	217	175	1056	0.950	0.050	pending
books/assets/plane-geometry-2/fig-p0189-02.png	平面几何（第二册）	plane-geometry-2	189	T	low	初分待对照 raw 改轨	(b)	tex/books/平面几何（第二册）.tex:11470	125	173	810	0.909	0.091	pending
books/assets/plane-geometry-2/fig-p0189-03.png	平面几何（第二册）	plane-geometry-2	189	T	low	初分待对照 raw 改轨	图3-10	tex/books/平面几何（第二册）.tex:11493	219	136	989	0.911	0.089	pending
books/assets/plane-geometry-2/fig-p0190-01.png	平面几何（第二册）	plane-geometry-2	190	T	low	初分待对照 raw 改轨	图3-11	tex/books/平面几何（第二册）.tex:11535	223	148	1168	0.913	0.087	pending
books/assets/plane-geometry-2/fig-p0191-01.png	平面几何（第二册）	plane-geometry-2	191	T	medium	高留白线稿	图3.12	tex/books/平面几何（第二册）.tex:11566	338	160	1292	0.940	0.060	pending
books/assets/plane-geometry-2/fig-p0191-02.png	平面几何（第二册）	plane-geometry-2	191	T	medium	高留白线稿	(第3题)	tex/books/平面几何（第二册）.tex:11600	218	137	825	0.927	0.073	pending
books/assets/plane-geometry-2/fig-p0191-03.png	平面几何（第二册）	plane-geometry-2	191	T	medium	高留白线稿	(第4题)	tex/books/平面几何（第二册）.tex:11620	195	144	789	0.938	0.062	pending
books/assets/plane-geometry-2/fig-p0191-04.png	平面几何（第二册）	plane-geometry-2	191	T	low	初分待对照 raw 改轨	(第5题).	tex/books/平面几何（第二册）.tex:11630	179	143	1117	0.911	0.089	pending
books/assets/plane-geometry-2/fig-p0192-01.png	平面几何（第二册）	plane-geometry-2	192	T	medium	高留白线稿	(第6题)	tex/books/平面几何（第二册）.tex:11677	217	132	926	0.922	0.078	pending
books/assets/plane-geometry-2/fig-p0193-01.png	平面几何（第二册）	plane-geometry-2	193	T	medium	高留白线稿	图3·13	tex/books/平面几何（第二册）.tex:11730	223	134	894	0.940	0.060	pending
books/assets/plane-geometry-2/fig-p0194-01.png	平面几何（第二册）	plane-geometry-2	194	T	medium	高留白线稿	图3-14	tex/books/平面几何（第二册）.tex:11774	201	196	1235	0.927	0.073	pending
books/assets/plane-geometry-2/fig-p0194-02.png	平面几何（第二册）	plane-geometry-2	194	T	medium	高留白线稿	图3-15	tex/books/平面几何（第二册）.tex:11784	131	227	930	0.932	0.068	pending
books/assets/plane-geometry-2/fig-p0195-01.png	平面几何（第二册）	plane-geometry-2	195	T	medium	高留白线稿	图3-16	tex/books/平面几何（第二册）.tex:11830	309	155	1478	0.939	0.061	pending
books/assets/plane-geometry-2/fig-p0196-01.png	平面几何（第二册）	plane-geometry-2	196	T	medium	高留白线稿	图3-17	tex/books/平面几何（第二册）.tex:11918	240	160	963	0.960	0.040	pending
books/assets/plane-geometry-2/fig-p0196-02.png	平面几何（第二册）	plane-geometry-2	196	T	medium	高留白线稿	图3-18	tex/books/平面几何（第二册）.tex:11928	218	192	1470	0.947	0.053	pending
books/assets/plane-geometry-2/fig-p0198-01.png	平面几何（第二册）	plane-geometry-2	198	T	medium	高留白线稿	(第4题)	tex/books/平面几何（第二册）.tex:12015	135	190	699	0.938	0.062	pending
books/assets/plane-geometry-2/fig-p0198-02.png	平面几何（第二册）	plane-geometry-2	198	T	low	初分待对照 raw 改轨	(第6题)	tex/books/平面几何（第二册）.tex:12025	161	149	946	0.906	0.094	pending
books/assets/plane-geometry-2/fig-p0198-03.png	平面几何（第二册）	plane-geometry-2	198	T	low	初分待对照 raw 改轨	(第7题)	tex/books/平面几何（第二册）.tex:12035	209	139	1270	0.901	0.099	pending
books/assets/plane-geometry-2/fig-p0199-01.png	平面几何（第二册）	plane-geometry-2	199	T	medium	高留白线稿	(第9题)	tex/books/平面几何（第二册）.tex:12084	199	186	1324	0.933	0.067	pending
books/assets/plane-geometry-2/fig-p0199-02.png	平面几何（第二册）	plane-geometry-2	199	T	low	初分待对照 raw 改轨	(第10题)	tex/books/平面几何（第二册）.tex:12094	163	139	1029	0.908	0.092	pending
books/assets/plane-geometry-2/fig-p0199-03.png	平面几何（第二册）	plane-geometry-2	199	T	low	初分待对照 raw 改轨	(第13题)	tex/books/平面几何（第二册）.tex:12151	254	168	1731	0.917	0.083	pending
books/assets/plane-geometry-2/fig-p0199-04.png	平面几何（第二册）	plane-geometry-2	199	T	medium	高留白线稿	(第15题)	tex/books/平面几何（第二册）.tex:12161	235	147	1295	0.931	0.069	pending
books/assets/plane-geometry-2/fig-p0200-01.png	平面几何（第二册）	plane-geometry-2	200	T	medium	高留白线稿	(第 16 题)	tex/books/平面几何（第二册）.tex:12197	217	93	743	0.921	0.079	pending
books/assets/plane-geometry-2/fig-p0200-02.png	平面几何（第二册）	plane-geometry-2	200	T	medium	高留白线稿	(第19题)	tex/books/平面几何（第二册）.tex:12207	178	210	1367	0.922	0.078	pending
books/assets/plane-geometry-2/fig-p0201-01.png	平面几何（第二册）	plane-geometry-2	201	T	medium	高留白线稿	(第22题)	tex/books/平面几何（第二册）.tex:12302	269	300	2058	0.940	0.060	pending
books/assets/plane-geometry-2/fig-p0202-01.png	平面几何（第二册）	plane-geometry-2	202	T	medium	高留白线稿	图3-19	tex/books/平面几何（第二册）.tex:12346	220	144	1107	0.922	0.078	pending
books/assets/plane-geometry-2/fig-p0202-02.png	平面几何（第二册）	plane-geometry-2	202	T	medium	高留白线稿	图 3-20	tex/books/平面几何（第二册）.tex:12356	259	187	1153	0.943	0.057	pending
books/assets/plane-geometry-2/fig-p0203-01.png	平面几何（第二册）	plane-geometry-2	203	T	medium	高留白线稿	图.3-21	tex/books/平面几何（第二册）.tex:12393	191	139	696	0.931	0.069	pending
books/assets/plane-geometry-2/fig-p0204-01.png	平面几何（第二册）	plane-geometry-2	204	T	medium	高留白线稿	图3-22	tex/books/平面几何（第二册）.tex:12450	241	127	838	0.929	0.071	pending
books/assets/plane-geometry-2/fig-p0205-01.png	平面几何（第二册）	plane-geometry-2	205	T	medium	高留白线稿	图3·23	tex/books/平面几何（第二册）.tex:12499	558	263	3642	0.954	0.046	pending
books/assets/plane-geometry-2/fig-p0205-03.png	平面几何（第二册）	plane-geometry-2	205	T	medium	高留白线稿	(第5题)	tex/books/平面几何（第二册）.tex:12530	178	148	809	0.926	0.074	pending
books/assets/plane-geometry-2/fig-p0205-04.png	平面几何（第二册）	plane-geometry-2	205	T	low	初分待对照 raw 改轨	(第8题)	tex/books/平面几何（第二册）.tex:12540	209	147	1192	0.903	0.097	pending
books/assets/plane-geometry-2/fig-p0206-01.png	平面几何（第二册）	plane-geometry-2	206	T	low	初分待对照 raw 改轨	(第9题)	tex/books/平面几何（第二册）.tex:12575	229	136	1104	0.897	0.103	pending
books/assets/plane-geometry-2/fig-p0207-01.png	平面几何（第二册）	plane-geometry-2	207	T	medium	高留白线稿	图3-24	tex/books/平面几何（第二册）.tex:12619	337	141	1186	0.938	0.062	pending
books/assets/plane-geometry-2/fig-p0208-01.png	平面几何（第二册）	plane-geometry-2	208	T	medium	高留白线稿	图示（原PDF第208页）	tex/books/平面几何（第二册）.tex:12669	201	140	760	0.939	0.061	pending
books/assets/plane-geometry-2/fig-p0208-02.png	平面几何（第二册）	plane-geometry-2	208	T	medium	高留白线稿	图3·25	tex/books/平面几何（第二册）.tex:12675	148	208	901	0.939	0.061	pending
books/assets/plane-geometry-2/fig-p0208-03.png	平面几何（第二册）	plane-geometry-2	208	T	medium	高留白线稿	图示（原PDF第208页）	tex/books/平面几何（第二册）.tex:12696	212	170	905	0.950	0.050	pending
books/assets/plane-geometry-2/fig-p0208-04.png	平面几何（第二册）	plane-geometry-2	208	T	medium	高留白线稿	图3·26	tex/books/平面几何（第二册）.tex:12702	231	138	972	0.936	0.064	pending
books/assets/plane-geometry-2/fig-p0209-01.png	平面几何（第二册）	plane-geometry-2	209	T	medium	高留白线稿	图3·27	tex/books/平面几何（第二册）.tex:12721	275	198	1704	0.931	0.069	pending
books/assets/plane-geometry-2/fig-p0210-01.png	平面几何（第二册）	plane-geometry-2	210	T	medium	高留白线稿	图3-28	tex/books/平面几何（第二册）.tex:12772	326	166	1542	0.949	0.051	pending
books/assets/plane-geometry-2/fig-p0211-01.png	平面几何（第二册）	plane-geometry-2	211	T	medium	高留白线稿	图3·29	tex/books/平面几何（第二册）.tex:12845	211	211	1366	0.941	0.059	pending
books/assets/plane-geometry-2/fig-p0213-01.png	平面几何（第二册）	plane-geometry-2	213	T	medium	高留白线稿	(第17题)	tex/books/平面几何（第二册）.tex:12968	240	186	1421	0.936	0.064	pending
books/assets/plane-geometry-2/fig-p0214-01.png	平面几何（第二册）	plane-geometry-2	214	T	medium	高留白线稿	图3-20	tex/books/平面几何（第二册）.tex:13027	252	187	1337	0.937	0.063	pending
books/assets/plane-geometry-2/fig-p0215-01.png	平面几何（第二册）	plane-geometry-2	215	T	medium	高留白线稿	(1)	tex/books/平面几何（第二册）.tex:13062	263	222	1361	0.950	0.050	pending
books/assets/plane-geometry-2/fig-p0215-02.png	平面几何（第二册）	plane-geometry-2	215	T	medium	高留白线稿	(2)	tex/books/平面几何（第二册）.tex:13072	192	202	1202	0.933	0.067	pending
books/assets/plane-geometry-2/fig-p0215-03.png	平面几何（第二册）	plane-geometry-2	215	T	low	初分待对照 raw 改轨	(3)	tex/books/平面几何（第二册）.tex:13082	238	189	1795	0.918	0.082	pending
books/assets/plane-geometry-2/fig-p0215-04.png	平面几何（第二册）	plane-geometry-2	215	T	medium	高留白线稿	(4)	tex/books/平面几何（第二册）.tex:13092	271	182	1780	0.921	0.079	pending
books/assets/plane-geometry-2/fig-p0216-01.png	平面几何（第二册）	plane-geometry-2	216	T	medium	高留白线稿	图3-32	tex/books/平面几何（第二册）.tex:13132	259	170	1464	0.939	0.061	pending
books/assets/plane-geometry-2/fig-p0217-01.png	平面几何（第二册）	plane-geometry-2	217	T	medium	高留白线稿	图3-33	tex/books/平面几何（第二册）.tex:13169	387	175	1637	0.947	0.053	pending
books/assets/plane-geometry-2/fig-p0218-01.png	平面几何（第二册）	plane-geometry-2	218	T	medium	高留白线稿	(1)	tex/books/平面几何（第二册）.tex:13197	148	124	576	0.952	0.048	pending
books/assets/plane-geometry-2/fig-p0218-02.png	平面几何（第二册）	plane-geometry-2	218	T	medium	高留白线稿	(2)	tex/books/平面几何（第二册）.tex:13207	149	117	674	0.947	0.053	pending
books/assets/plane-geometry-2/fig-p0218-03.png	平面几何（第二册）	plane-geometry-2	218	T	medium	高留白线稿	(3)	tex/books/平面几何（第二册）.tex:13217	152	116	804	0.931	0.069	pending
books/assets/plane-geometry-2/fig-p0218-04.png	平面几何（第二册）	plane-geometry-2	218	T	medium	高留白线稿	(4)	tex/books/平面几何（第二册）.tex:13227	223	152	1230	0.927	0.073	pending
books/assets/plane-geometry-2/fig-p0219-01.png	平面几何（第二册）	plane-geometry-2	219	T	medium	高留白线稿	图3.35	tex/books/平面几何（第二册）.tex:13287	360	144	849	0.944	0.056	pending
books/assets/plane-geometry-2/fig-p0220-01.png	平面几何（第二册）	plane-geometry-2	220	T	medium	高留白线稿	图3-36	tex/books/平面几何（第二册）.tex:13342	176	203	1157	0.945	0.055	pending
books/assets/plane-geometry-2/fig-p0221-01.png	平面几何（第二册）	plane-geometry-2	221	T	medium	高留白线稿	图3-37	tex/books/平面几何（第二册）.tex:13371	215	187	1362	0.945	0.055	pending
books/assets/plane-geometry-2/fig-p0221-02.png	平面几何（第二册）	plane-geometry-2	221	T	medium	高留白线稿	图3-38	tex/books/平面几何（第二册）.tex:13381	213	193	1348	0.950	0.050	pending
books/assets/plane-geometry-2/fig-p0223-01.png	平面几何（第二册）	plane-geometry-2	223	T	medium	高留白线稿	图3·39	tex/books/平面几何（第二册）.tex:13478	413	208	1626	0.954	0.046	pending
books/assets/plane-geometry-2/fig-p0224-02.png	平面几何（第二册）	plane-geometry-2	224	T	low	初分待对照 raw 改轨	(第10题)	tex/books/平面几何（第二册）.tex:13549	227	132	1104	0.893	0.107	pending
books/assets/plane-geometry-2/fig-p0224-03.png	平面几何（第二册）	plane-geometry-2	224	T	medium	高留白线稿	(第14题)	tex/books/平面几何（第二册）.tex:13559	204	149	895	0.943	0.057	pending
books/assets/plane-geometry-2/fig-p0225-01.png	平面几何（第二册）	plane-geometry-2	225	T	low	初分待对照 raw 改轨	(第12题)	tex/books/平面几何（第二册）.tex:13592	191	137	1052	0.915	0.085	pending
books/assets/plane-geometry-2/fig-p0227-01.png	平面几何（第二册）	plane-geometry-2	227	T	medium	高留白线稿	(第2题)	tex/books/平面几何（第二册）.tex:13697	197	140	584	0.941	0.059	pending
books/assets/plane-geometry-2/fig-p0227-02.png	平面几何（第二册）	plane-geometry-2	227	T	medium	高留白线稿	(第3题)	tex/books/平面几何（第二册）.tex:13707	176	161	919	0.944	0.056	pending
books/assets/plane-geometry-2/fig-p0228-01.png	平面几何（第二册）	plane-geometry-2	228	T	low	初分待对照 raw 改轨	(第14题)	tex/books/平面几何（第二册）.tex:13783	165	146	961	0.918	0.082	pending
books/assets/plane-geometry-2/fig-p0228-02.png	平面几何（第二册）	plane-geometry-2	228	T	low	初分待对照 raw 改轨	(第15题)	tex/books/平面几何（第二册）.tex:13793	156	159	928	0.919	0.081	pending
books/assets/plane-geometry-2/fig-p0228-03.png	平面几何（第二册）	plane-geometry-2	228	T	medium	高留白线稿	(第1题)	tex/books/平面几何（第二册）.tex:13817	227	190	1038	0.946	0.054	pending
books/assets/plane-geometry-2/fig-p0228-04.png	平面几何（第二册）	plane-geometry-2	228	T	medium	高留白线稿	(第2题)	tex/books/平面几何（第二册）.tex:13827	211	190	1325	0.935	0.065	pending
books/assets/plane-geometry-2/fig-p0229-01.png	平面几何（第二册）	plane-geometry-2	229	T	medium	高留白线稿	(第5题)	tex/books/平面几何（第二册）.tex:13862	202	147	1080	0.925	0.075	pending
books/assets/plane-geometry-2/fig-p0229-02.png	平面几何（第二册）	plane-geometry-2	229	T	medium	高留白线稿	(第6题)	tex/books/平面几何（第二册）.tex:13872	361	168	1233	0.967	0.033	pending
books/assets/plane-geometry-2/fig-p0230-01.png	平面几何（第二册）	plane-geometry-2	230	T	low	初分待对照 raw 改轨	(第9题)	tex/books/平面几何（第二册）.tex:13928	200	148	1299	0.897	0.103	pending
books/assets/plane-geometry-2/fig-p0230-02.png	平面几何（第二册）	plane-geometry-2	230	T	medium	高留白线稿	(第10题)	tex/books/平面几何（第二册）.tex:13938	170	155	734	0.927	0.073	pending
books/assets/plane-geometry-2/fig-p0230-03.png	平面几何（第二册）	plane-geometry-2	230	T	low	初分待对照 raw 改轨	(第11题)	tex/books/平面几何（第二册）.tex:13978	181	171	1090	0.908	0.092	pending
books/assets/plane-geometry-2/fig-p0231-01.png	平面几何（第二册）	plane-geometry-2	231	T	low	初分待对照 raw 改轨	(第15题)	tex/books/平面几何（第二册）.tex:14012	216	124	1037	0.914	0.086	pending
books/assets/plane-geometry-2/fig-p0231-02.png	平面几何（第二册）	plane-geometry-2	231	T	medium	高留白线稿	(第1题)	tex/books/平面几何（第二册）.tex:14034	238	141	1009	0.946	0.054	pending
books/assets/plane-geometry-2/fig-p0231-03.png	平面几何（第二册）	plane-geometry-2	231	T	low	初分待对照 raw 改轨	(第2题)	tex/books/平面几何（第二册）.tex:14044	189	135	1007	0.912	0.088	pending
books/assets/plane-geometry-2/fig-p0232-01.png	平面几何（第二册）	plane-geometry-2	232	T	low	初分待对照 raw 改轨	(第3题)	tex/books/平面几何（第二册）.tex:14066	173	167	1113	0.918	0.082	pending
books/assets/plane-geometry-2/fig-p0232-02.png	平面几何（第二册）	plane-geometry-2	232	T	medium	高留白线稿	(第4题)	tex/books/平面几何（第二册）.tex:14076	173	160	911	0.936	0.064	pending
books/assets/plane-geometry-2/fig-p0232-03.png	平面几何（第二册）	plane-geometry-2	232	T	low	初分待对照 raw 改轨	(第5题)	tex/books/平面几何（第二册）.tex:14098	200	170	1396	0.914	0.086	pending
books/assets/plane-geometry-2/fig-p0233-01.png	平面几何（第二册）	plane-geometry-2	233	P	medium	疑似网纹或照片	图示（原PDF第233页）	tex/books/平面几何（第二册）.tex:14126	215	113	1667	0.817	0.183	pending
books/assets/plane-geometry-2/fig-p0233-02.png	平面几何（第二册）	plane-geometry-2	233	V	low	初分待对照 raw 改轨	图4-1	tex/books/平面几何（第二册）.tex:14132	150	198	1822	0.813	0.187	pending
books/assets/plane-geometry-2/fig-p0234-01.png	平面几何（第二册）	plane-geometry-2	234	T	medium	高留白线稿	图4-2	tex/books/平面几何（第二册）.tex:14147	467	99	1137	0.940	0.060	pending
books/assets/plane-geometry-2/fig-p0234-02.png	平面几何（第二册）	plane-geometry-2	234	T	medium	高留白线稿	图4-3	tex/books/平面几何（第二册）.tex:14183	235	237	1901	0.934	0.066	pending
books/assets/plane-geometry-2/fig-p0236-01.png	平面几何（第二册）	plane-geometry-2	236	T	medium	高留白线稿	图4-4	tex/books/平面几何（第二册）.tex:14298	200	203	1371	0.931	0.069	pending
books/assets/plane-geometry-2/fig-p0237-01.png	平面几何（第二册）	plane-geometry-2	237	T	medium	高留白线稿	图4·5	tex/books/平面几何（第二册）.tex:14329	124	121	793	0.932	0.068	pending
books/assets/plane-geometry-2/fig-p0238-01.png	平面几何（第二册）	plane-geometry-2	238	T	low	初分待对照 raw 改轨	图4-6	tex/books/平面几何（第二册）.tex:14379	239	223	2409	0.891	0.109	pending
books/assets/plane-geometry-2/fig-p0238-02.png	平面几何（第二册）	plane-geometry-2	238	T	medium	高留白线稿	图4-7	tex/books/平面几何（第二册）.tex:14389	211	207	1409	0.937	0.063	pending
books/assets/plane-geometry-2/fig-p0239-01.png	平面几何（第二册）	plane-geometry-2	239	T	medium	高留白线稿	图4·8	tex/books/平面几何（第二册）.tex:14461	204	193	1331	0.935	0.065	pending
books/assets/plane-geometry-2/fig-p0240-01.png	平面几何（第二册）	plane-geometry-2	240	T	medium	高留白线稿	(第4题)	tex/books/平面几何（第二册）.tex:14506	192	185	1246	0.939	0.061	pending
books/assets/plane-geometry-2/fig-p0240-02.png	平面几何（第二册）	plane-geometry-2	240	T	medium	高留白线稿	图4-9	tex/books/平面几何（第二册）.tex:14547	188	194	1478	0.930	0.070	pending
books/assets/plane-geometry-2/fig-p0242-01.png	平面几何（第二册）	plane-geometry-2	242	T	low	初分待对照 raw 改轨	图4-10	tex/books/平面几何（第二册）.tex:14627	199	192	2052	0.871	0.129	pending
books/assets/plane-geometry-2/fig-p0242-02.png	平面几何（第二册）	plane-geometry-2	242	T	medium	高留白线稿	图示（原PDF第242页）	tex/books/平面几何（第二册）.tex:14649	507	172	2418	0.961	0.039	pending
books/assets/plane-geometry-2/fig-p0242-03.png	平面几何（第二册）	plane-geometry-2	242	T	medium	高留白线稿	图示（原PDF第242页）	tex/books/平面几何（第二册）.tex:14655	121	133	628	0.953	0.047	pending
books/assets/plane-geometry-2/fig-p0242-04.png	平面几何（第二册）	plane-geometry-2	242	T	medium	高留白线稿	图示（原PDF第242页）	tex/books/平面几何（第二册）.tex:14661	125	131	624	0.948	0.052	pending
books/assets/plane-geometry-2/fig-p0242-05.png	平面几何（第二册）	plane-geometry-2	242	T	medium	高留白线稿	图示（原PDF第242页）	tex/books/平面几何（第二册）.tex:14667	124	138	770	0.953	0.047	pending
books/assets/plane-geometry-2/fig-p0242-06.png	平面几何（第二册）	plane-geometry-2	242	T	medium	高留白线稿	图4-11	tex/books/平面几何（第二册）.tex:14673	123	126	687	0.959	0.041	pending
books/assets/plane-geometry-2/fig-p0243-02.png	平面几何（第二册）	plane-geometry-2	243	T	medium	高留白线稿	(第12题)	tex/books/平面几何（第二册）.tex:14718	163	188	1182	0.925	0.075	pending
books/assets/plane-geometry-2/fig-p0245-01.png	平面几何（第二册）	plane-geometry-2	245	T	low	初分待对照 raw 改轨	图4-12	tex/books/平面几何（第二册）.tex:14809	225	210	2152	0.897	0.103	pending
books/assets/plane-geometry-2/fig-p0245-02.png	平面几何（第二册）	plane-geometry-2	245	T	low	初分待对照 raw 改轨	图4-13	tex/books/平面几何（第二册）.tex:14819	157	158	962	0.917	0.083	pending
books/assets/plane-geometry-2/fig-p0246-01.png	平面几何（第二册）	plane-geometry-2	246	T	low	初分待对照 raw 改轨	图4-14	tex/books/平面几何（第二册）.tex:14905	154	174	1205	0.920	0.080	pending
books/assets/plane-geometry-2/fig-p0247-01.png	平面几何（第二册）	plane-geometry-2	247	T	low	初分待对照 raw 改轨	图4-18	tex/books/平面几何（第二册）.tex:14958	155	164	1082	0.896	0.104	pending
books/assets/plane-geometry-2/fig-p0247-02.png	平面几何（第二册）	plane-geometry-2	247	T	medium	高留白线稿	图4-16	tex/books/平面几何（第二册）.tex:14968	223	212	1629	0.934	0.066	pending
books/assets/plane-geometry-2/fig-p0248-01.png	平面几何（第二册）	plane-geometry-2	248	T	medium	高留白线稿	图4-17	tex/books/平面几何（第二册）.tex:15042	381	212	2217	0.943	0.057	pending
books/assets/plane-geometry-2/fig-p0249-01.png	平面几何（第二册）	plane-geometry-2	249	T	low	初分待对照 raw 改轨	图4·18	tex/books/平面几何（第二册）.tex:15093	155	173	1041	0.914	0.086	pending
books/assets/plane-geometry-2/fig-p0251-01.png	平面几何（第二册）	plane-geometry-2	251	T	medium	高留白线稿	图4-19	tex/books/平面几何（第二册）.tex:15150	205	224	1262	0.945	0.055	pending
books/assets/plane-geometry-2/fig-p0252-01.png	平面几何（第二册）	plane-geometry-2	252	T	medium	高留白线稿	图4.20	tex/books/平面几何（第二册）.tex:15209	222	230	2052	0.924	0.076	pending
books/assets/plane-geometry-2/fig-p0253-01.png	平面几何（第二册）	plane-geometry-2	253	T	medium	高留白线稿	图4·21	tex/books/平面几何（第二册）.tex:15245	222	234	1660	0.931	0.069	pending
books/assets/plane-geometry-2/fig-p0254-01.png	平面几何（第二册）	plane-geometry-2	254	T	medium	高留白线稿	(第4题)	tex/books/平面几何（第二册）.tex:15303	222	231	2152	0.923	0.077	pending
books/assets/plane-geometry-2/fig-p0254-02.png	平面几何（第二册）	plane-geometry-2	254	T	low	初分待对照 raw 改轨	(第14题)	tex/books/平面几何（第二册）.tex:15313	166	176	986	0.918	0.082	pending
books/assets/plane-geometry-2/fig-p0255-01.png	平面几何（第二册）	plane-geometry-2	255	T	low	初分待对照 raw 改轨	(第11题)	tex/books/平面几何（第二册）.tex:15392	155	168	1214	0.906	0.094	pending
books/assets/plane-geometry-2/fig-p0255-02.png	平面几何（第二册）	plane-geometry-2	255	T	low	初分待对照 raw 改轨	(第17题)	tex/books/平面几何（第二册）.tex:15402	153	163	1615	0.851	0.149	pending
books/assets/plane-geometry-2/fig-p0256-01.png	平面几何（第二册）	plane-geometry-2	256	T	medium	高留白线稿	(第18题)	tex/books/平面几何（第二册）.tex:15440	255	160	1239	0.921	0.079	pending
books/assets/plane-geometry-2/fig-p0256-02.png	平面几何（第二册）	plane-geometry-2	256	V	low	初分待对照 raw 改轨	(第20题)	tex/books/平面几何（第二册）.tex:15450	157	160	1319	0.791	0.209	pending
books/assets/plane-geometry-2/fig-p0256-03.png	平面几何（第二册）	plane-geometry-2	256	T	medium	高留白线稿	图4-22	tex/books/平面几何（第二册）.tex:15488	210	233	1647	0.936	0.064	pending
books/assets/plane-geometry-2/fig-p0257-01.png	平面几何（第二册）	plane-geometry-2	257	T	medium	高留白线稿	图4-23	tex/books/平面几何（第二册）.tex:15531	234	218	1829	0.935	0.065	pending
books/assets/plane-geometry-2/fig-p0257-02.png	平面几何（第二册）	plane-geometry-2	257	T	medium	高留白线稿	图4-24	tex/books/平面几何（第二册）.tex:15541	166	190	1259	0.924	0.076	pending
books/assets/plane-geometry-2/fig-p0258-01.png	平面几何（第二册）	plane-geometry-2	258	T	medium	高留白线稿	图4·25	tex/books/平面几何（第二册）.tex:15573	163	182	1244	0.923	0.077	pending
books/assets/plane-geometry-2/fig-p0258-02.png	平面几何（第二册）	plane-geometry-2	258	T	low	初分待对照 raw 改轨	图4·28	tex/books/平面几何（第二册）.tex:15583	155	158	1115	0.901	0.099	pending
books/assets/plane-geometry-2/fig-p0258-03.png	平面几何（第二册）	plane-geometry-2	258	T	medium	高留白线稿	图 4·27	tex/books/平面几何（第二册）.tex:15609	231	253	1651	0.949	0.051	pending
books/assets/plane-geometry-2/fig-p0260-01.png	平面几何（第二册）	plane-geometry-2	260	T	medium	高留白线稿	图4-28	tex/books/平面几何（第二册）.tex:15684	252	264	2183	0.932	0.068	pending
books/assets/plane-geometry-2/fig-p0262-01.png	平面几何（第二册）	plane-geometry-2	262	T	medium	高留白线稿	图4-28	tex/books/平面几何（第二册）.tex:15804	259	262	1934	0.942	0.058	pending
books/assets/plane-geometry-2/fig-p0263-01.png	平面几何（第二册）	plane-geometry-2	263	T	low	初分待对照 raw 改轨	图4-30	tex/books/平面几何（第二册）.tex:15851	179	179	1573	0.913	0.087	pending
books/assets/plane-geometry-2/fig-p0263-02.png	平面几何（第二册）	plane-geometry-2	263	T	medium	高留白线稿	图4·31	tex/books/平面几何（第二册）.tex:15882	261	274	2448	0.926	0.074	pending
books/assets/plane-geometry-2/fig-p0264-01.png	平面几何（第二册）	plane-geometry-2	264	T	medium	高留白线稿	图4-32	tex/books/平面几何（第二册）.tex:15935	235	256	2145	0.921	0.079	pending
books/assets/plane-geometry-2/fig-p0265-01.png	平面几何（第二册）	plane-geometry-2	265	T	low	初分待对照 raw 改轨	图示（原PDF第265页）	tex/books/平面几何（第二册）.tex:15964	137	158	990	0.912	0.088	pending
books/assets/plane-geometry-2/fig-p0265-02.png	平面几何（第二册）	plane-geometry-2	265	T	low	初分待对照 raw 改轨	图示（原PDF第265页）	tex/books/平面几何（第二册）.tex:15970	132	148	992	0.910	0.090	pending
books/assets/plane-geometry-2/fig-p0265-03.png	平面几何（第二册）	plane-geometry-2	265	T	low	初分待对照 raw 改轨	图示（原PDF第265页）	tex/books/平面几何（第二册）.tex:15976	134	149	964	0.903	0.097	pending
books/assets/plane-geometry-2/fig-p0265-04.png	平面几何（第二册）	plane-geometry-2	265	T	low	初分待对照 raw 改轨	图示（原PDF第265页）	tex/books/平面几何（第二册）.tex:15982	148	153	1082	0.898	0.102	pending
books/assets/plane-geometry-2/fig-p0265-05.png	平面几何（第二册）	plane-geometry-2	265	T	low	初分待对照 raw 改轨	图示（原PDF第265页）	tex/books/平面几何（第二册）.tex:15988	129	136	961	0.876	0.124	pending
books/assets/plane-geometry-2/fig-p0265-06.png	平面几何（第二册）	plane-geometry-2	265	T	low	初分待对照 raw 改轨	图示（原PDF第265页）	tex/books/平面几何（第二册）.tex:15994	141	140	1115	0.878	0.122	pending
books/assets/plane-geometry-2/fig-p0265-07.png	平面几何（第二册）	plane-geometry-2	265	T	low	初分待对照 raw 改轨	图示（原PDF第265页）	tex/books/平面几何（第二册）.tex:16000	180	149	1338	0.880	0.120	pending
books/assets/plane-geometry-2/fig-p0265-08.png	平面几何（第二册）	plane-geometry-2	265	T	low	初分待对照 raw 改轨	图示（原PDF第265页）	tex/books/平面几何（第二册）.tex:16006	147	208	1472	0.904	0.096	pending
books/assets/plane-geometry-2/fig-p0265-09.png	平面几何（第二册）	plane-geometry-2	265	T	low	初分待对照 raw 改轨	图示（原PDF第265页）	tex/books/平面几何（第二册）.tex:16012	136	151	1148	0.880	0.120	pending
books/assets/plane-geometry-2/fig-p0266-01.png	平面几何（第二册）	plane-geometry-2	266	T	medium	高留白线稿	(第6题)	tex/books/平面几何（第二册）.tex:16046	186	191	1151	0.938	0.062	pending
books/assets/plane-geometry-2/fig-p0268-01.png	平面几何（第二册）	plane-geometry-2	268	T	low	初分待对照 raw 改轨	(第8题)	tex/books/平面几何（第二册）.tex:16171	157	154	969	0.919	0.081	pending
books/assets/plane-geometry-2/fig-p0268-02.png	平面几何（第二册）	plane-geometry-2	268	T	low	初分待对照 raw 改轨	(第10题)	tex/books/平面几何（第二册）.tex:16203	428	151	2682	0.881	0.119	pending
books/assets/plane-geometry-2/fig-p0269-01.png	平面几何（第二册）	plane-geometry-2	269	T	medium	高留白线稿	(第8题)	tex/books/平面几何（第二册）.tex:16245	223	232	1556	0.937	0.063	pending
books/assets/plane-geometry-2/fig-p0270-01.png	平面几何（第二册）	plane-geometry-2	270	T	medium	高留白线稿	(第7题)	tex/books/平面几何（第二册）.tex:16288	243	157	997	0.937	0.063	pending
books/assets/plane-geometry-2/fig-p0270-02.png	平面几何（第二册）	plane-geometry-2	270	T	low	初分待对照 raw 改轨	(第8题)	tex/books/平面几何（第二册）.tex:16298	223	230	2054	0.915	0.085	pending
books/assets/plane-geometry-2/fig-p0270-03.png	平面几何（第二册）	plane-geometry-2	270	T	medium	高留白线稿	(第1题)	tex/books/平面几何（第二册）.tex:16339	203	208	1533	0.927	0.073	pending
books/assets/plane-geometry-2/fig-p0270-04.png	平面几何（第二册）	plane-geometry-2	270	T	medium	高留白线稿	(第3题)	tex/books/平面几何（第二册）.tex:16349	144	204	828	0.947	0.053	pending
books/assets/plane-geometry-2/fig-p0271-01.png	平面几何（第二册）	plane-geometry-2	271	T	medium	高留白线稿	(第4题)	tex/books/平面几何（第二册）.tex:16371	181	167	1098	0.931	0.069	pending
books/assets/plane-geometry-2/fig-p0271-02.png	平面几何（第二册）	plane-geometry-2	271	T	low	初分待对照 raw 改轨	(第5题)	tex/books/平面几何（第二册）.tex:16381	139	145	848	0.869	0.131	pending
books/assets/plane-geometry-2/fig-p0271-03.png	平面几何（第二册）	plane-geometry-2	271	T	medium	高留白线稿	(第6题)	tex/books/平面几何（第二册）.tex:16401	219	202	1350	0.937	0.063	pending
books/assets/plane-geometry-2/fig-p0273-01.png	平面几何（第二册）	plane-geometry-2	273	T	medium	高留白线稿	图5-1	tex/books/平面几何（第二册）.tex:16434	219	202	1413	0.935	0.065	pending
books/assets/plane-geometry-2/fig-p0273-02.png	平面几何（第二册）	plane-geometry-2	273	T	low	初分待对照 raw 改轨	图5-2	tex/books/平面几何（第二册）.tex:16444	253	263	1980	0.917	0.083	pending
books/assets/plane-geometry-2/fig-p0278-01.png	平面几何（第二册）	plane-geometry-2	278	V	low	初分待对照 raw 改轨	图5·3	tex/books/平面几何（第二册）.tex:16695	205	226	2100	0.834	0.166	pending
books/assets/plane-geometry-2/fig-p0278-02.png	平面几何（第二册）	plane-geometry-2	278	T	medium	高留白线稿	图5·4	tex/books/平面几何（第二册）.tex:16712	454	165	1616	0.946	0.054	pending
books/assets/plane-geometry-2/fig-p0279-01.png	平面几何（第二册）	plane-geometry-2	279	T	medium	高留白线稿	图5·5	tex/books/平面几何（第二册）.tex:16772	321	182	1453	0.953	0.047	pending
books/assets/plane-geometry-2/fig-p0281-01.png	平面几何（第二册）	plane-geometry-2	281	T	low	初分待对照 raw 改轨	(第8题)	tex/books/平面几何（第二册）.tex:16866	384	71	715	0.889	0.111	pending
books/assets/plane-geometry-2/fig-p0281-02.png	平面几何（第二册）	plane-geometry-2	281	T	medium	高留白线稿	(第12题)	tex/books/平面几何（第二册）.tex:16896	261	217	2268	0.924	0.076	pending
books/assets/plane-geometry-2/fig-p0281-03.png	平面几何（第二册）	plane-geometry-2	281	T	low	初分待对照 raw 改轨	(第13题)	tex/books/平面几何（第二册）.tex:16906	180	178	1217	0.915	0.085	pending
books/assets/plane-geometry-2/fig-p0282-01.png	平面几何（第二册）	plane-geometry-2	282	T	medium	高留白线稿	(第14题)	tex/books/平面几何（第二册）.tex:16928	281	152	1306	0.933	0.067	pending
books/assets/plane-geometry-2/fig-p0283-01.png	平面几何（第二册）	plane-geometry-2	283	T	medium	高留白线稿	图5-8	tex/books/平面几何（第二册）.tex:16987	159	292	1386	0.952	0.048	pending
books/assets/plane-geometry-2/fig-p0283-02.png	平面几何（第二册）	plane-geometry-2	283	T	medium	高留白线稿	图5-7	tex/books/平面几何（第二册）.tex:17015	431	276	2675	0.959	0.041	pending
books/assets/plane-geometry-2/fig-p0285-01.png	平面几何（第二册）	plane-geometry-2	285	T	medium	高留白线稿	图5-8	tex/books/平面几何（第二册）.tex:17081	276	150	1703	0.924	0.076	pending
books/assets/plane-geometry-2/fig-p0285-02.png	平面几何（第二册）	plane-geometry-2	285	T	medium	高留白线稿	(第2题)	tex/books/平面几何（第二册）.tex:17128	268	170	1565	0.947	0.053	pending
books/assets/plane-geometry-2/fig-p0286-01.png	平面几何（第二册）	plane-geometry-2	286	T	medium	高留白线稿	(第8题)	tex/books/平面几何（第二册）.tex:17178	184	132	1006	0.928	0.072	pending
books/assets/plane-geometry-2/fig-p0286-02.png	平面几何（第二册）	plane-geometry-2	286	T	medium	高留白线稿	(第9题)	tex/books/平面几何（第二册）.tex:17188	178	118	831	0.945	0.055	pending
books/assets/plane-geometry-2/fig-p0287-01.png	平面几何（第二册）	plane-geometry-2	287	T	medium	高留白线稿	(第10题)	tex/books/平面几何（第二册）.tex:17210	152	169	966	0.926	0.074	pending
books/assets/plane-geometry-2/fig-p0287-02.png	平面几何（第二册）	plane-geometry-2	287	T	low	初分待对照 raw 改轨	(第11题)	tex/books/平面几何（第二册）.tex:17220	199	159	1229	0.919	0.081	pending
books/assets/plane-geometry-2/fig-p0287-03.png	平面几何（第二册）	plane-geometry-2	287	T	medium	高留白线稿	图5-9	tex/books/平面几何（第二册）.tex:17243	190	198	1086	0.943	0.057	pending
books/assets/plane-geometry-2/fig-p0287-04.png	平面几何（第二册）	plane-geometry-2	287	T	medium	高留白线稿	图5-10	tex/books/平面几何（第二册）.tex:17253	202	198	1315	0.929	0.071	pending
books/assets/plane-geometry-2/fig-p0289-01.png	平面几何（第二册）	plane-geometry-2	289	T	medium	高留白线稿	图5-11	tex/books/平面几何（第二册）.tex:17353	205	190	1413	0.920	0.080	pending
books/assets/plane-geometry-2/fig-p0290-01.png	平面几何（第二册）	plane-geometry-2	290	T	medium	高留白线稿	图5-12	tex/books/平面几何（第二册）.tex:17375	189	190	1195	0.942	0.058	pending
books/assets/plane-geometry-2/fig-p0291-01.png	平面几何（第二册）	plane-geometry-2	291	T	medium	高留白线稿	图5·13	tex/books/平面几何（第二册）.tex:17447	245	263	1664	0.951	0.049	pending
books/assets/plane-geometry-2/fig-p0292-01.png	平面几何（第二册）	plane-geometry-2	292	V	low	初分待对照 raw 改轨	图5·14	tex/books/平面几何（第二册）.tex:17523	166	175	1427	0.842	0.158	pending
books/assets/plane-geometry-2/fig-p0292-02.png	平面几何（第二册）	plane-geometry-2	292	T	medium	高留白线稿	图5-15	tex/books/平面几何（第二册）.tex:17550	234	228	1637	0.937	0.063	pending
books/assets/plane-geometry-2/fig-p0293-01.png	平面几何（第二册）	plane-geometry-2	293	T	medium	高留白线稿	图5-16	tex/books/平面几何（第二册）.tex:17584	528	182	2368	0.938	0.062	pending
books/assets/plane-geometry-2/fig-p0295-01.png	平面几何（第二册）	plane-geometry-2	295	V	low	初分待对照 raw 改轨	(第8题)	tex/books/平面几何（第二册）.tex:17661	167	159	1530	0.847	0.153	pending
books/assets/plane-geometry-2/fig-p0295-02.png	平面几何（第二册）	plane-geometry-2	295	V	low	初分待对照 raw 改轨	(第9题)	tex/books/平面几何（第二册）.tex:17671	187	206	1850	0.769	0.231	pending
books/assets/plane-geometry-2/fig-p0296-01.png	平面几何（第二册）	plane-geometry-2	296	T	low	初分待对照 raw 改轨	(第14题)	tex/books/平面几何（第二册）.tex:17734	188	120	974	0.869	0.131	pending
books/assets/plane-geometry-2/fig-p0296-02.png	平面几何（第二册）	plane-geometry-2	296	T	low	初分待对照 raw 改轨	(第15题)	tex/books/平面几何（第二册）.tex:17744	182	164	1508	0.867	0.133	pending
books/assets/plane-geometry-2/fig-p0297-01.png	平面几何（第二册）	plane-geometry-2	297	P	medium	疑似网纹或照片	(第17题)	tex/books/平面几何（第二册）.tex:17809	203	132	1638	0.801	0.199	pending
books/assets/plane-geometry-2/fig-p0297-02.png	平面几何（第二册）	plane-geometry-2	297	T	medium	高留白线稿	图5-17	tex/books/平面几何（第二册）.tex:17842	169	189	1147	0.943	0.057	pending
books/assets/plane-geometry-2/fig-p0298-01.png	平面几何（第二册）	plane-geometry-2	298	T	medium	高留白线稿	图5-18	tex/books/平面几何（第二册）.tex:17880	216	185	1140	0.951	0.049	pending
books/assets/plane-geometry-2/fig-p0299-01.png	平面几何（第二册）	plane-geometry-2	299	T	low	初分待对照 raw 改轨	图5·19	tex/books/平面几何（第二册）.tex:17915	273	254	2414	0.889	0.111	pending
books/assets/plane-geometry-2/fig-p0299-02.png	平面几何（第二册）	plane-geometry-2	299	T	medium	高留白线稿	图5-20	tex/books/平面几何（第二册）.tex:17958	198	204	950	0.949	0.051	pending
books/assets/plane-geometry-2/fig-p0300-02.png	平面几何（第二册）	plane-geometry-2	300	P	medium	疑似网纹或照片	(2)	tex/books/平面几何（第二册）.tex:18003	181	193	1092	0.877	0.123	pending
books/assets/plane-geometry-2/fig-p0300-03.png	平面几何（第二册）	plane-geometry-2	300	P	medium	疑似网纹或照片	图示（原PDF第300页）	tex/books/平面几何（第二册）.tex:18013	185	189	1155	0.867	0.133	pending
books/assets/plane-geometry-2/fig-p0301-01.png	平面几何（第二册）	plane-geometry-2	301	T	low	初分待对照 raw 改轨	(第5题)	tex/books/平面几何（第二册）.tex:18050	216	196	1526	0.920	0.080	pending
books/assets/plane-geometry-2/fig-p0301-02.png	平面几何（第二册）	plane-geometry-2	301	T	low	初分待对照 raw 改轨	(第6题)	tex/books/平面几何（第二册）.tex:18069	144	222	1118	0.894	0.106	pending
books/assets/plane-geometry-2/fig-p0301-03.png	平面几何（第二册）	plane-geometry-2	301	T	low	初分待对照 raw 改轨	(第7题)	tex/books/平面几何（第二册）.tex:18079	271	198	2713	0.858	0.142	pending
books/assets/plane-geometry-2/fig-p0301-04.png	平面几何（第二册）	plane-geometry-2	301	T	low	初分待对照 raw 改轨	(第8题)	tex/books/平面几何（第二册）.tex:18099	172	156	1159	0.860	0.140	pending
books/assets/plane-geometry-2/fig-p0301-05.png	平面几何（第二册）	plane-geometry-2	301	V	low	初分待对照 raw 改轨	(第9题)	tex/books/平面几何（第二册）.tex:18109	177	159	1798	0.849	0.151	pending
books/assets/plane-geometry-2/fig-p0302-01.png	平面几何（第二册）	plane-geometry-2	302	T	medium	高留白线稿	(1)	tex/books/平面几何（第二册）.tex:18142	158	179	954	0.955	0.045	pending
books/assets/plane-geometry-2/fig-p0302-02.png	平面几何（第二册）	plane-geometry-2	302	T	medium	高留白线稿	(2)	tex/books/平面几何（第二册）.tex:18152	166	178	1025	0.936	0.064	pending
books/assets/plane-geometry-2/fig-p0302-03.png	平面几何（第二册）	plane-geometry-2	302	T	medium	高留白线稿	(3)	tex/books/平面几何（第二册）.tex:18162	186	178	919	0.954	0.046	pending
books/assets/plane-geometry-2/fig-p0303-01.png	平面几何（第二册）	plane-geometry-2	303	T	medium	高留白线稿	图5·22	tex/books/平面几何（第二册）.tex:18205	169	192	1123	0.945	0.055	pending
books/assets/plane-geometry-2/fig-p0303-02.png	平面几何（第二册）	plane-geometry-2	303	T	low	初分待对照 raw 改轨	图5·23	tex/books/平面几何（第二册）.tex:18215	197	189	1461	0.919	0.081	pending
books/assets/plane-geometry-2/fig-p0304-01.png	平面几何（第二册）	plane-geometry-2	304	P	medium	疑似网纹或照片	图5-24	tex/books/平面几何（第二册）.tex:18260	211	218	1798	0.887	0.113	pending
books/assets/plane-geometry-2/fig-p0305-01.png	平面几何（第二册）	plane-geometry-2	305	T	low	初分待对照 raw 改轨	(第2题)	tex/books/平面几何（第二册）.tex:18301	147	136	935	0.915	0.085	pending
books/assets/plane-geometry-2/fig-p0305-02.png	平面几何（第二册）	plane-geometry-2	305	T	low	初分待对照 raw 改轨	(第3题)	tex/books/平面几何（第二册）.tex:18311	138	139	928	0.900	0.100	pending
books/assets/plane-geometry-2/fig-p0305-03.png	平面几何（第二册）	plane-geometry-2	305	T	low	初分待对照 raw 改轨	(第5题)	tex/books/平面几何（第二册）.tex:18332	147	148	952	0.905	0.095	pending
books/assets/plane-geometry-2/fig-p0305-04.png	平面几何（第二册）	plane-geometry-2	305	V	low	初分待对照 raw 改轨	(第6题)	tex/books/平面几何（第二册）.tex:18342	178	182	1962	0.841	0.159	pending
books/assets/plane-geometry-2/fig-p0305-05.png	平面几何（第二册）	plane-geometry-2	305	T	low	初分待对照 raw 改轨	(第7题)	tex/books/平面几何（第二册）.tex:18366	173	112	986	0.872	0.128	pending
books/assets/plane-geometry-2/fig-p0305-06.png	平面几何（第二册）	plane-geometry-2	305	T	low	初分待对照 raw 改轨	(第8题)	tex/books/平面几何（第二册）.tex:18376	183	128	1100	0.909	0.091	pending
books/assets/plane-geometry-2/fig-p0306-01.png	平面几何（第二册）	plane-geometry-2	306	T	low	初分待对照 raw 改轨	(第9题)	tex/books/平面几何（第二册）.tex:18414	148	153	1161	0.888	0.112	pending
books/assets/plane-geometry-2/fig-p0306-02.png	平面几何（第二册）	plane-geometry-2	306	V	low	初分待对照 raw 改轨	(第10题)	tex/books/平面几何（第二册）.tex:18424	164	156	1486	0.838	0.162	pending
books/assets/plane-geometry-2/fig-p0307-01.png	平面几何（第二册）	plane-geometry-2	307	T	low	初分待对照 raw 改轨	(第1题)	tex/books/平面几何（第二册）.tex:18474	206	72	470	0.910	0.090	pending
books/assets/plane-geometry-2/fig-p0307-02.png	平面几何（第二册）	plane-geometry-2	307	T	low	初分待对照 raw 改轨	(第6题)	tex/books/平面几何（第二册）.tex:18514	157	159	1042	0.904	0.096	pending
books/assets/plane-geometry-2/fig-p0308-01.png	平面几何（第二册）	plane-geometry-2	308	T	low	初分待对照 raw 改轨	(第7题)	tex/books/平面几何（第二册）.tex:18524	231	237	2771	0.899	0.101	pending
books/assets/plane-geometry-2/fig-p0308-02.png	平面几何（第二册）	plane-geometry-2	308	V	low	初分待对照 raw 改轨	(第8题)	tex/books/平面几何（第二册）.tex:18534	231	149	2138	0.837	0.163	pending
books/assets/plane-geometry-2/fig-p0308-03.png	平面几何（第二册）	plane-geometry-2	308	T	medium	高留白线稿	(第9题)	tex/books/平面几何（第二册）.tex:18557	203	136	870	0.950	0.050	pending
books/assets/plane-geometry-2/fig-p0308-04.png	平面几何（第二册）	plane-geometry-2	308	T	low	初分待对照 raw 改轨	(第10题)	tex/books/平面几何（第二册）.tex:18567	220	125	1270	0.879	0.121	pending
books/assets/plane-geometry-2/fig-p0308-05.png	平面几何（第二册）	plane-geometry-2	308	T	medium	高留白线稿	(第11题)	tex/books/平面几何（第二册）.tex:18595	185	179	1091	0.931	0.069	pending
books/assets/plane-geometry-2/fig-p0309-01.png	平面几何（第二册）	plane-geometry-2	309	T	low	初分待对照 raw 改轨	(第1题)	tex/books/平面几何（第二册）.tex:18624	203	122	1203	0.908	0.092	pending
books/assets/plane-geometry-2/fig-p0309-02.png	平面几何（第二册）	plane-geometry-2	309	T	low	初分待对照 raw 改轨	(第2题)	tex/books/平面几何（第二册）.tex:18634	197	119	1096	0.900	0.100	pending
books/assets/plane-geometry-2/fig-p0309-03.png	平面几何（第二册）	plane-geometry-2	309	V	low	初分待对照 raw 改轨	(第3题)	tex/books/平面几何（第二册）.tex:18654	248	146	2121	0.811	0.189	pending
books/assets/plane-geometry-2/fig-p0309-04.png	平面几何（第二册）	plane-geometry-2	309	T	low	初分待对照 raw 改轨	(第4题)	tex/books/平面几何（第二册）.tex:18664	290	184	1928	0.917	0.083	pending
books/assets/plane-geometry-2/fig-p0309-05.png	平面几何（第二册）	plane-geometry-2	309	T	low	初分待对照 raw 改轨	(第5题)	tex/books/平面几何（第二册）.tex:18693	184	182	1686	0.869	0.131	pending
books/assets/plane-geometry-2/fig-p0310-01.png	平面几何（第二册）	plane-geometry-2	310	T	low	初分待对照 raw 改轨	(第6题)	tex/books/平面几何（第二册）.tex:18719	177	177	1340	0.904	0.096	pending
books/assets/plane-geometry-2/fig-p0310-02.png	平面几何（第二册）	plane-geometry-2	310	T	medium	高留白线稿	(第7题)	tex/books/平面几何（第二册）.tex:18729	202	168	1017	0.958	0.042	pending
books/assets/plane-geometry-2/fig-p0310-03.png	平面几何（第二册）	plane-geometry-2	310	T	low	初分待对照 raw 改轨	(第8题)	tex/books/平面几何（第二册）.tex:18755	211	148	1407	0.910	0.090	pending
books/assets/plane-geometry-2/fig-p0311-01.png	平面几何（第二册）	plane-geometry-2	311	T	medium	高留白线稿	(第10题)	tex/books/平面几何（第二册）.tex:18786	246	235	1504	0.959	0.041	pending
books/assets/plane-geometry-2/fig-p0311-02.png	平面几何（第二册）	plane-geometry-2	311	T	low	初分待对照 raw 改轨	(第1题)	tex/books/平面几何（第二册）.tex:18806	114	187	968	0.893	0.107	pending
books/assets/plane-geometry-2/fig-p0311-03.png	平面几何（第二册）	plane-geometry-2	311	T	low	初分待对照 raw 改轨	(第2题)	tex/books/平面几何（第二册）.tex:18816	165	164	969	0.918	0.082	pending
books/assets/plane-geometry-2/fig-p0312-01.png	平面几何（第二册）	plane-geometry-2	312	T	medium	高留白线稿	(第4题)	tex/books/平面几何（第二册）.tex:18854	229	179	1387	0.940	0.060	pending
books/assets/plane-geometry-2/fig-p0312-02.png	平面几何（第二册）	plane-geometry-2	312	T	medium	高留白线稿	(第5题)	tex/books/平面几何（第二册）.tex:18864	189	215	1263	0.943	0.057	pending
books/assets/plane-geometry-2/fig-p0312-03.png	平面几何（第二册）	plane-geometry-2	312	T	low	初分待对照 raw 改轨	(第8题)	tex/books/平面几何（第二册）.tex:18895	214	135	1544	0.869	0.131	pending
books/assets/plane-geometry-2/fig-p0313-01.png	平面几何（第二册）	plane-geometry-2	313	T	medium	高留白线稿	(第4题)	tex/books/平面几何（第二册）.tex:18928	170	111	711	0.938	0.062	pending
books/assets/plane-geometry-2/fig-p0313-02.png	平面几何（第二册）	plane-geometry-2	313	T	medium	高留白线稿	(第5题)	tex/books/平面几何（第二册）.tex:18938	219	194	1386	0.929	0.071	pending
books/assets/plane-geometry-2/fig-p0314-01.png	平面几何（第二册）	plane-geometry-2	314	T	medium	高留白线稿	(第8题)	tex/books/平面几何（第二册）.tex:18989	190	115	873	0.928	0.072	pending
books/assets/plane-geometry-2/fig-p0314-02.png	平面几何（第二册）	plane-geometry-2	314	T	medium	高留白线稿	(第7题)	tex/books/平面几何（第二册）.tex:18999	212	182	941	0.953	0.047	pending
books/assets/plane-geometry-2/fig-p0314-03.png	平面几何（第二册）	plane-geometry-2	314	T	medium	高留白线稿	(第10题)	tex/books/平面几何（第二册）.tex:19022	172	180	1032	0.945	0.055	pending
books/assets/plane-geometry-2/fig-p0314-04.png	平面几何（第二册）	plane-geometry-2	314	T	medium	高留白线稿	(第12题)	tex/books/平面几何（第二册）.tex:19044	269	140	923	0.955	0.045	pending
books/assets/plane-geometry-2/fig-p0314-05.png	平面几何（第二册）	plane-geometry-2	314	T	medium	高留白线稿	(第13题)	tex/books/平面几何（第二册）.tex:19054	200	186	1033	0.947	0.053	pending
books/assets/plane-geometry-2/fig-p0315-01.png	平面几何（第二册）	plane-geometry-2	315	T	medium	高留白线稿	(第15题)	tex/books/平面几何（第二册）.tex:19089	276	160	1048	0.954	0.046	pending
books/assets/plane-geometry-2/fig-p0315-02.png	平面几何（第二册）	plane-geometry-2	315	T	medium	高留白线稿	(第16题)	tex/books/平面几何（第二册）.tex:19099	195	189	1016	0.948	0.052	pending
books/assets/plane-geometry-2/fig-p0315-03.png	平面几何（第二册）	plane-geometry-2	315	T	medium	高留白线稿	(第18题)	tex/books/平面几何（第二册）.tex:19127	108	129	553	0.938	0.062	pending
books/assets/plane-geometry-2/fig-p0315-04.png	平面几何（第二册）	plane-geometry-2	315	T	medium	高留白线稿	(第19题)	tex/books/平面几何（第二册）.tex:19137	133	131	749	0.924	0.076	pending
books/assets/plane-geometry-2/fig-p0315-05.png	平面几何（第二册）	plane-geometry-2	315	T	low	初分待对照 raw 改轨	(第20题)	tex/books/平面几何（第二册）.tex:19173	155	140	912	0.918	0.082	pending
books/assets/plane-geometry-2/fig-p0316-01.png	平面几何（第二册）	plane-geometry-2	316	T	medium	高留白线稿	(第21题)	tex/books/平面几何（第二册）.tex:19186	199	175	1029	0.935	0.065	pending
books/assets/plane-geometry-2/fig-p0316-02.png	平面几何（第二册）	plane-geometry-2	316	T	medium	高留白线稿	(第23题)	tex/books/平面几何（第二册）.tex:19196	260	203	1718	0.928	0.072	pending
books/assets/plane-geometry-2/fig-p0316-03.png	平面几何（第二册）	plane-geometry-2	316	T	medium	高留白线稿	图示（原PDF第316页）	tex/books/平面几何（第二册）.tex:19224	220	135	898	0.927	0.073	pending
books/assets/plane-geometry-2/fig-p0316-04.png	平面几何（第二册）	plane-geometry-2	316	T	medium	高留白线稿	(第24题)	tex/books/平面几何（第二册）.tex:19230	235	136	935	0.931	0.069	pending
books/assets/plane-geometry-2/fig-p0317-01.png	平面几何（第二册）	plane-geometry-2	317	T	low	初分待对照 raw 改轨	(第1题)	tex/books/平面几何（第二册）.tex:19264	133	124	770	0.897	0.103	pending
books/assets/plane-geometry-2/fig-p0317-02.png	平面几何（第二册）	plane-geometry-2	317	T	low	初分待对照 raw 改轨	(第2题)	tex/books/平面几何（第二册）.tex:19274	133	130	955	0.852	0.148	pending
books/assets/plane-geometry-2/fig-p0317-03.png	平面几何（第二册）	plane-geometry-2	317	T	low	初分待对照 raw 改轨	(第8题)	tex/books/平面几何（第二册）.tex:19314	216	118	1021	0.915	0.085	pending
books/assets/plane-geometry-2/fig-p0318-01.png	平面几何（第二册）	plane-geometry-2	318	T	medium	高留白线稿	(第10题)	tex/books/平面几何（第二册）.tex:19346	208	206	1562	0.943	0.057	pending
books/assets/plane-geometry-2/fig-p0318-02.png	平面几何（第二册）	plane-geometry-2	318	T	low	初分待对照 raw 改轨	(第11题)	tex/books/平面几何（第二册）.tex:19356	168	169	1173	0.914	0.086	pending
books/assets/plane-geometry-2/fig-p0318-03.png	平面几何（第二册）	plane-geometry-2	318	T	low	初分待对照 raw 改轨	(第15题)	tex/books/平面几何（第二册）.tex:19394	141	129	825	0.911	0.089	pending
books/assets/plane-geometry-2/fig-p0318-04.png	平面几何（第二册）	plane-geometry-2	318	T	low	初分待对照 raw 改轨	(第17题)	tex/books/平面几何（第二册）.tex:19404	130	130	815	0.909	0.091	pending
books/assets/plane-geometry-2/fig-p0319-01.png	平面几何（第二册）	plane-geometry-2	319	T	low	初分待对照 raw 改轨	(第18题)	tex/books/平面几何（第二册）.tex:19444	121	135	810	0.875	0.125	pending
books/assets/plane-geometry-2/fig-p0319-02.png	平面几何（第二册）	plane-geometry-2	319	T	medium	高留白线稿	(第25题)	tex/books/平面几何（第二册）.tex:19490	142	168	786	0.929	0.071	pending
books/assets/plane-geometry-2/fig-p0320-01.png	平面几何（第二册）	plane-geometry-2	320	T	low	初分待对照 raw 改轨	(第1题)	tex/books/平面几何（第二册）.tex:19515	116	136	702	0.901	0.099	pending
books/assets/plane-geometry-2/fig-p0320-02.png	平面几何（第二册）	plane-geometry-2	320	T	low	初分待对照 raw 改轨	(第2题)	tex/books/平面几何（第二册）.tex:19525	134	127	927	0.896	0.104	pending
books/assets/plane-geometry-2/fig-p0320-03.png	平面几何（第二册）	plane-geometry-2	320	T	medium	高留白线稿	(第3题)	tex/books/平面几何（第二册）.tex:19548	179	105	701	0.947	0.053	pending
books/assets/plane-geometry-2/fig-p0320-04.png	平面几何（第二册）	plane-geometry-2	320	T	medium	高留白线稿	(第4题)	tex/books/平面几何（第二册）.tex:19558	165	122	799	0.943	0.057	pending
books/assets/plane-geometry-2/fig-p0321-01.png	平面几何（第二册）	plane-geometry-2	321	T	low	初分待对照 raw 改轨	(第7题)	tex/books/平面几何（第二册）.tex:19588	147	139	1021	0.913	0.087	pending
books/assets/plane-geometry-2/fig-p0321-02.png	平面几何（第二册）	plane-geometry-2	321	T	medium	高留白线稿	(第8题)	tex/books/平面几何（第二册）.tex:19598	200	161	1165	0.933	0.067	pending
books/assets/analytic-geometry/fig-p0005-01.png	平面解析几何	analytic-geometry	5	T	high	对照 raw 第5页，已改 TikZ	经过 B、A 两点的直线	tex/books/平面解析几何.tex:340	178	42	236	0.940	0.060	replaced
books/assets/analytic-geometry/fig-p0006-01.png	平面解析几何	analytic-geometry	6	T	high	对照 raw 第6页，已改 TikZ	图1-2	tex/books/平面解析几何.tex:352	179	75	253	0.974	0.026	replaced
books/assets/analytic-geometry/fig-p0006-02.png	平面解析几何	analytic-geometry	6	T	high	对照 raw 第6页，已改 TikZ	图1-3	tex/books/平面解析几何.tex:360	166	96	415	0.976	0.024	replaced
books/assets/analytic-geometry/fig-p0006-03.png	平面解析几何	analytic-geometry	6	T	high	对照 raw 第6页，已改 TikZ	图1-4	tex/books/平面解析几何.tex:368	196	88	342	0.971	0.029	replaced
books/assets/analytic-geometry/fig-p0007-01.png	平面解析几何	analytic-geometry	7	T	high	对照 raw 第7页，已改 TikZ	图1-5	tex/books/平面解析几何.tex:434	205	88	453	0.954	0.046	replaced
books/assets/analytic-geometry/fig-p0008-01.png	平面解析几何	analytic-geometry	8	T	high	对照 raw 第8页，已改 TikZ	(a)	tex/books/平面解析几何.tex:459	273	139	446	0.977	0.023	replaced
books/assets/analytic-geometry/fig-p0008-02.png	平面解析几何	analytic-geometry	8	T	high	对照 raw 第8页，已改 TikZ	(5)	tex/books/平面解析几何.tex:467	265	143	914	0.942	0.058	replaced
books/assets/analytic-geometry/fig-p0008-03.png	平面解析几何	analytic-geometry	8	T	high	对照 raw 第8页，已改 TikZ	数轴上 B 在原点左侧、A 在原点右侧的位置关系	tex/books/平面解析几何.tex:483	191	47	347	0.922	0.078	replaced
books/assets/analytic-geometry/fig-p0009-01.png	平面解析几何	analytic-geometry	9	T	high	对照 raw 第9页，已改 TikZ	图1·3	tex/books/平面解析几何.tex:546	273	53	500	0.919	0.081	replaced
books/assets/analytic-geometry/fig-p0011-01.png	平面解析几何	analytic-geometry	11	T	high	对照 raw 第11页，已改 TikZ	图1-9	tex/books/平面解析几何.tex:654	164	147	545	0.956	0.044	replaced
books/assets/analytic-geometry/fig-p0011-02.png	平面解析几何	analytic-geometry	11	T	high	对照 raw 第11页，已改 TikZ	图1-10	tex/books/平面解析几何.tex:683	304	206	1789	0.939	0.061	replaced
books/assets/analytic-geometry/fig-p0012-01.png	平面解析几何	analytic-geometry	12	T	high	对照 raw 第12页，已改 TikZ	图1.11	tex/books/平面解析几何.tex:710	289	235	1337	0.958	0.042	replaced
books/assets/analytic-geometry/fig-p0013-01.png	平面解析几何	analytic-geometry	13	T	high	对照 raw 第13页，已改 TikZ	(1)	tex/books/平面解析几何.tex:738	187	161	856	0.947	0.053	replaced
books/assets/analytic-geometry/fig-p0013-02.png	平面解析几何	analytic-geometry	13	T	high	对照 raw 第13页，已改 TikZ	(2)	tex/books/平面解析几何.tex:746	186	154	825	0.945	0.055	replaced
books/assets/analytic-geometry/fig-p0013-03.png	平面解析几何	analytic-geometry	13	T	high	对照 raw 第13页，已改 TikZ	(3)	tex/books/平面解析几何.tex:754	217	169	851	0.961	0.039	replaced
books/assets/analytic-geometry/fig-p0013-04.png	平面解析几何	analytic-geometry	13	T	high	对照 raw 第13页，已改 TikZ	(4)	tex/books/平面解析几何.tex:762	208	183	883	0.956	0.044	replaced
books/assets/analytic-geometry/fig-p0014-01.png	平面解析几何	analytic-geometry	14	T	high	对照 raw 第14页线图，已改 TikZ	(a)	tex/books/平面解析几何.tex:805	217	188	966	0.961	0.039	replaced
books/assets/analytic-geometry/fig-p0014-02.png	平面解析几何	analytic-geometry	14	T	high	对照 raw 第14页线图，已改 TikZ	(b)	tex/books/平面解析几何.tex:813	198	203	887	0.970	0.030	replaced
books/assets/analytic-geometry/fig-p0014-03.png	平面解析几何	analytic-geometry	14	T	high	对照 raw 第14页线图，已改 TikZ	(c)	tex/books/平面解析几何.tex:821	202	189	929	0.962	0.038	replaced
books/assets/analytic-geometry/fig-p0014-04.png	平面解析几何	analytic-geometry	14	T	high	对照 raw 第14页线图，已改 TikZ	(第4题)	tex/books/平面解析几何.tex:867	208	220	1243	0.959	0.041	replaced
books/assets/analytic-geometry/fig-p0015-01.png	平面解析几何	analytic-geometry	15	T	high	对照 raw 第15页线图，已改 TikZ	图示（原PDF第15页）	tex/books/平面解析几何.tex:902	203	198	1064	0.961	0.039	replaced
books/assets/analytic-geometry/fig-p0015-02.png	平面解析几何	analytic-geometry	15	T	high	对照 raw 第15页线图，已改 TikZ	图·1·13(1)	tex/books/平面解析几何.tex:920	259	213	1286	0.961	0.039	replaced
books/assets/analytic-geometry/fig-p0015-03.png	平面解析几何	analytic-geometry	15	T	high	对照 raw 第15页线图，已改 TikZ	图 1·13(2)	tex/books/平面解析几何.tex:951	169	146	611	0.957	0.043	replaced
books/assets/analytic-geometry/fig-p0016-01.png	平面解析几何	analytic-geometry	16	T	high	对照 raw 第16页线图，已改 TikZ	图1-14	tex/books/平面解析几何.tex:1005	379	237	1415	0.971	0.029	replaced
books/assets/analytic-geometry/fig-p0017-01.png	平面解析几何	analytic-geometry	17	T	high	对照 raw 页坐标图，已改 TikZ	图1·15	tex/books/平面解析几何.tex:1027	245	209	1050	0.959	0.041	replaced
books/assets/analytic-geometry/fig-p0018-01.png	平面解析几何	analytic-geometry	18	T	high	对照 raw 页坐标图，已改 TikZ	(a)	tex/books/平面解析几何.tex:1084	251	203	970	0.974	0.026	replaced
books/assets/analytic-geometry/fig-p0018-02.png	平面解析几何	analytic-geometry	18	T	high	对照 raw 页坐标图，已改 TikZ	图1·16	tex/books/平面解析几何.tex:1092	218	185	557	0.972	0.028	replaced
books/assets/analytic-geometry/fig-p0019-01.png	平面解析几何	analytic-geometry	19	T	high	对照 raw 页坐标图，已改 TikZ	(a)	tex/books/平面解析几何.tex:1138	220	215	1239	0.956	0.044	replaced
books/assets/analytic-geometry/fig-p0019-02.png	平面解析几何	analytic-geometry	19	T	high	对照 raw 页坐标图，已改 TikZ	(b)	tex/books/平面解析几何.tex:1146	285	213	1310	0.962	0.038	replaced
books/assets/analytic-geometry/fig-p0020-01.png	平面解析几何	analytic-geometry	20	T	high	对照 raw 页坐标图，已改 TikZ	图1-18	tex/books/平面解析几何.tex:1231	235	224	1002	0.975	0.025	replaced
books/assets/analytic-geometry/fig-p0021-01.png	平面解析几何	analytic-geometry	21	T	high	对照 raw 页坐标图，已改 TikZ	图1-19	tex/books/平面解析几何.tex:1271	254	236	1426	0.961	0.039	replaced
books/assets/analytic-geometry/fig-p0022-01.png	平面解析几何	analytic-geometry	22	T	high	对照 raw 页坐标图，已改 TikZ	图1-20	tex/books/平面解析几何.tex:1324	223	191	1108	0.963	0.037	replaced
books/assets/analytic-geometry/fig-p0023-01.png	平面解析几何	analytic-geometry	23	T	high	对照 raw 第23页坐标图，已改 TikZ	图1-21	tex/books/平面解析几何.tex:1360	169	159	902	0.948	0.052	replaced
books/assets/analytic-geometry/fig-p0025-01.png	平面解析几何	analytic-geometry	25	T	high	对照 raw 第25页坐标图，已改 TikZ	图1-22	tex/books/平面解析几何.tex:1489	538	51	631	0.948	0.052	replaced
books/assets/analytic-geometry/fig-p0026-01.png	平面解析几何	analytic-geometry	26	T	high	对照 raw 第26页坐标图，已改 TikZ	点 C 在 AB 延长线上的外分示意图	tex/books/平面解析几何.tex:1525	179	45	319	0.927	0.073	replaced
books/assets/analytic-geometry/fig-p0026-02.png	平面解析几何	analytic-geometry	26	T	high	对照 raw 第26页坐标图，已改 TikZ	(1)	tex/books/平面解析几何.tex:1543	234	250	1334	0.958	0.042	replaced
books/assets/analytic-geometry/fig-p0026-03.png	平面解析几何	analytic-geometry	26	T	high	对照 raw 第26页坐标图，已改 TikZ	(2)	tex/books/平面解析几何.tex:1551	226	239	1092	0.963	0.037	replaced
books/assets/analytic-geometry/fig-p0028-01.png	平面解析几何	analytic-geometry	28	T	high	对照 raw 第28页坐标图，已改 TikZ	图1-25	tex/books/平面解析几何.tex:1634	231	340	1425	0.969	0.031	replaced
books/assets/analytic-geometry/fig-p0029-01.png	平面解析几何	analytic-geometry	29	T	high	对照 raw 第29页坐标图，已改 TikZ	图1-26	tex/books/平面解析几何.tex:1677	241	242	1382	0.956	0.044	replaced
books/assets/analytic-geometry/fig-p0030-01.png	平面解析几何	analytic-geometry	30	T	high	对照 raw 第30页坐标图，已改 TikZ	图1.27	tex/books/平面解析几何.tex:1728	206	216	1371	0.940	0.060	replaced
books/assets/analytic-geometry/fig-p0031-01.png	平面解析几何	analytic-geometry	31	T	high	对照 raw 坐标图，已改 TikZ	图1-28	tex/books/平面解析几何.tex:1777	188	171	984	0.943	0.057	replaced
books/assets/analytic-geometry/fig-p0033-01.png	平面解析几何	analytic-geometry	33	T	high	对照 raw 坐标图，已改 TikZ	图1·29	tex/books/平面解析几何.tex:1867	240	238	1082	0.954	0.046	replaced
books/assets/analytic-geometry/fig-p0033-02.png	平面解析几何	analytic-geometry	33	T	high	对照 raw 坐标图，已改 TikZ	图1-30	tex/books/平面解析几何.tex:1891	242	187	1313	0.941	0.059	replaced
books/assets/analytic-geometry/fig-p0035-01.png	平面解析几何	analytic-geometry	35	T	high	对照 raw 坐标图，已改 TikZ	图1-31	tex/books/平面解析几何.tex:1949	198	208	1218	0.943	0.057	replaced
books/assets/analytic-geometry/fig-p0037-01.png	平面解析几何	analytic-geometry	37	T	high	对照 raw 坐标图，已改 TikZ	图1-32	tex/books/平面解析几何.tex:2097	234	211	1478	0.945	0.055	replaced
books/assets/analytic-geometry/fig-p0039-01.png	平面解析几何	analytic-geometry	39	T	high	对照 raw 坐标图，已改 TikZ	图1.33	tex/books/平面解析几何.tex:2164	250	272	1480	0.962	0.038	replaced
books/assets/analytic-geometry/fig-p0040-01.png	平面解析几何	analytic-geometry	40	T	high	对照 raw 坐标图，已改 TikZ	图示（原PDF第40页）	tex/books/平面解析几何.tex:2198	185	165	852	0.966	0.034	replaced
books/assets/analytic-geometry/fig-p0040-02.png	平面解析几何	analytic-geometry	40	T	high	对照 raw 坐标图，已改 TikZ	图1-34	tex/books/平面解析几何.tex:2204	180	162	874	0.961	0.039	replaced
books/assets/analytic-geometry/fig-p0040-03.png	平面解析几何	analytic-geometry	40	T	high	对照 raw 坐标图，已改 TikZ	图1-35	tex/books/平面解析几何.tex:2226	184	179	853	0.958	0.042	replaced
books/assets/analytic-geometry/fig-p0040-04.png	平面解析几何	analytic-geometry	40	T	high	对照 raw 坐标图，已改 TikZ	图1-36	tex/books/平面解析几何.tex:2234	253	189	1389	0.946	0.054	replaced
books/assets/analytic-geometry/fig-p0041-01.png	平面解析几何	analytic-geometry	41	T	high	对照 raw 坐标图，已改 TikZ	图1-37	tex/books/平面解析几何.tex:2291	197	224	1349	0.940	0.060	replaced
books/assets/analytic-geometry/fig-p0042-01.png	平面解析几何	analytic-geometry	42	T	high	对照 raw 坐标图，已改 TikZ	图1·38	tex/books/平面解析几何.tex:2316	173	162	902	0.939	0.061	replaced
books/assets/analytic-geometry/fig-p0047-01.png	平面解析几何	analytic-geometry	47	T	high	对照 raw 坐标图，已改 TikZ	(第14题)	tex/books/平面解析几何.tex:2632	222	219	1398	0.947	0.053	replaced
books/assets/analytic-geometry/fig-p0052-01.png	平面解析几何	analytic-geometry	52	T	high	对照 raw 坐标图，已改 TikZ	图2-1	tex/books/平面解析几何.tex:2880	159	217	725	0.947	0.053	replaced
books/assets/analytic-geometry/fig-p0052-02.png	平面解析几何	analytic-geometry	52	T	high	对照 raw 坐标图，已改 TikZ	图2-2	tex/books/平面解析几何.tex:2888	227	216	1302	0.954	0.046	replaced
books/assets/analytic-geometry/fig-p0054-01.png	平面解析几何	analytic-geometry	54	T	high	对照 raw 坐标图，已改 TikZ	图2·3	tex/books/平面解析几何.tex:2973	257	233	1469	0.950	0.050	replaced
books/assets/analytic-geometry/fig-p0055-01.png	平面解析几何	analytic-geometry	55	T	high	对照 raw 第55页，已改 TikZ	图2-4	tex/books/平面解析几何.tex:3049	261	244	1564	0.958	0.042	replaced
books/assets/analytic-geometry/fig-p0057-01.png	平面解析几何	analytic-geometry	57	T	high	对照 raw 第57页，已改 TikZ	图2·5	tex/books/平面解析几何.tex:3133	263	190	1116	0.959	0.041	replaced
books/assets/analytic-geometry/fig-p0057-02.png	平面解析几何	analytic-geometry	57	T	high	对照 raw 第57页，已改 TikZ	图2-6	tex/books/平面解析几何.tex:3161	250	174	958	0.963	0.037	replaced
books/assets/analytic-geometry/fig-p0060-01.png	平面解析几何	analytic-geometry	60	T	high	对照 raw 第60页，已改 TikZ	图2-7	tex/books/平面解析几何.tex:3299	195	198	1017	0.949	0.051	replaced
books/assets/analytic-geometry/fig-p0060-02.png	平面解析几何	analytic-geometry	60	T	high	对照 raw 第60页，已改 TikZ	图2-8	tex/books/平面解析几何.tex:3307	278	213	1424	0.952	0.048	replaced
books/assets/analytic-geometry/fig-p0067-01.png	平面解析几何	analytic-geometry	67	T	high	对照 raw 第67页，已改 TikZ	图2-9	tex/books/平面解析几何.tex:3696	313	199	1350	0.961	0.039	replaced
books/assets/analytic-geometry/fig-p0068-01.png	平面解析几何	analytic-geometry	68	T	high	对照 raw 第68页，已改 TikZ	图2-10	tex/books/平面解析几何.tex:3762	229	279	1658	0.945	0.055	replaced
books/assets/analytic-geometry/fig-p0069-01.png	平面解析几何	analytic-geometry	69	T	high	对照 raw 第69页，已改 TikZ	图2.11	tex/books/平面解析几何.tex:3839	282	294	1416	0.960	0.040	replaced
books/assets/analytic-geometry/fig-p0070-01.png	平面解析几何	analytic-geometry	70	T	high	对照 raw 第70页，已改 TikZ	图2·12	tex/books/平面解析几何.tex:3864	236	214	1122	0.966	0.034	replaced
books/assets/analytic-geometry/fig-p0070-02.png	平面解析几何	analytic-geometry	70	T	high	对照 raw 第70页，已改 TikZ	图2·13	tex/books/平面解析几何.tex:3872	266	244	1525	0.960	0.040	replaced
books/assets/analytic-geometry/fig-p0071-01.png	平面解析几何	analytic-geometry	71	T	high	对照 raw 第71页，已改 TikZ	图2-14	tex/books/平面解析几何.tex:3952	210	169	825	0.970	0.030	replaced
books/assets/analytic-geometry/fig-p0073-01.png	平面解析几何	analytic-geometry	73	T	high	对照 raw 第73页，已改 TikZ	图2-15	tex/books/平面解析几何.tex:4035	371	271	2128	0.967	0.033	replaced
books/assets/analytic-geometry/fig-p0074-01.png	平面解析几何	analytic-geometry	74	T	high	对照 raw 第74页，已改 TikZ	图2-16	tex/books/平面解析几何.tex:4084	195	243	1443	0.942	0.058	replaced
books/assets/analytic-geometry/fig-p0074-02.png	平面解析几何	analytic-geometry	74	T	high	对照 raw 第74页，已改 TikZ	图2-17	tex/books/平面解析几何.tex:4092	246	331	1834	0.960	0.040	replaced
books/assets/analytic-geometry/fig-p0075-01.png	平面解析几何	analytic-geometry	75	T	high	对照 raw 第75页，已改 TikZ	图2-18	tex/books/平面解析几何.tex:4156	134	474	1040	0.952	0.048	replaced
books/assets/analytic-geometry/fig-p0077-01.png	平面解析几何	analytic-geometry	77	T	medium	高留白线稿	(第4题)	tex/books/平面解析几何.tex:4335	223	134	1092	0.944	0.056	pending
books/assets/analytic-geometry/fig-p0079-01.png	平面解析几何	analytic-geometry	79	T	high	对照 raw 第79页，已改 TikZ	(第8题)	tex/books/平面解析几何.tex:4492	247	185	1325	0.943	0.057	replaced
books/assets/analytic-geometry/fig-p0081-01.png	平面解析几何	analytic-geometry	81	T	high	对照 raw 第81页，已改 TikZ	图3-1	tex/books/平面解析几何.tex:4592	184	176	817	0.957	0.043	replaced
books/assets/analytic-geometry/fig-p0082-01.png	平面解析几何	analytic-geometry	82	T	high	对照 raw 第82页，已改 TikZ	图3-2	tex/books/平面解析几何.tex:4631	168	191	731	0.949	0.051	replaced
books/assets/analytic-geometry/fig-p0083-01.png	平面解析几何	analytic-geometry	83	T	high	对照 raw 第83页，已改 TikZ	图3.3	tex/books/平面解析几何.tex:4654	203	176	800	0.970	0.030	replaced
books/assets/analytic-geometry/fig-p0083-02.png	平面解析几何	analytic-geometry	83	T	high	对照 raw 第83页，已改 TikZ	图3-4	tex/books/平面解析几何.tex:4662	217	198	904	0.956	0.044	replaced
books/assets/analytic-geometry/fig-p0083-03.png	平面解析几何	analytic-geometry	83	T	high	对照 raw 第83页，已改 TikZ	图3.5	tex/books/平面解析几何.tex:4701	215	231	1288	0.962	0.038	replaced
books/assets/analytic-geometry/fig-p0084-01.png	平面解析几何	analytic-geometry	84	T	high	对照 raw 第84页，已改 TikZ	图3-6	tex/books/平面解析几何.tex:4749	189	150	638	0.962	0.038	replaced
books/assets/analytic-geometry/fig-p0085-01.png	平面解析几何	analytic-geometry	85	T	high	对照 raw 第85页，已改 TikZ	图3-7	tex/books/平面解析几何.tex:4779	226	261	751	0.968	0.032	replaced
books/assets/analytic-geometry/fig-p0085-02.png	平面解析几何	analytic-geometry	85	T	high	对照 raw 第85页，已改 TikZ	图3-8	tex/books/平面解析几何.tex:4787	183	197	906	0.959	0.041	replaced
books/assets/analytic-geometry/fig-p0086-01.png	平面解析几何	analytic-geometry	86	T	high	对照 raw 第86页，已改 TikZ	图3.8	tex/books/平面解析几何.tex:4837	210	172	891	0.945	0.055	replaced
books/assets/analytic-geometry/fig-p0086-02.png	平面解析几何	analytic-geometry	86	T	high	对照 raw 第86页，已改 TikZ	图3-10	tex/books/平面解析几何.tex:4881	241	279	1458	0.958	0.042	replaced
books/assets/analytic-geometry/fig-p0087-01.png	平面解析几何	analytic-geometry	87	T	high	对照 raw 第87页，已改 TikZ	图3.11	tex/books/平面解析几何.tex:4921	255	241	1491	0.952	0.048	replaced
books/assets/analytic-geometry/fig-p0089-01.png	平面解析几何	analytic-geometry	89	T	high	对照 raw 第89页，已改 TikZ	图3-12	tex/books/平面解析几何.tex:5012	260	280	2272	0.931	0.069	replaced
books/assets/analytic-geometry/fig-p0089-02.png	平面解析几何	analytic-geometry	89	T	high	对照 raw 第89页，已改 TikZ	图3-13	tex/books/平面解析几何.tex:5041	282	224	1405	0.961	0.039	replaced
books/assets/analytic-geometry/fig-p0095-01.png	平面解析几何	analytic-geometry	95	T	high	对照 raw 第95页，已改 TikZ	图3-14	tex/books/平面解析几何.tex:5359	200	222	844	0.967	0.033	replaced
books/assets/analytic-geometry/fig-p0097-01.png	平面解析几何	analytic-geometry	97	T	high	对照 raw 第97页，已改 TikZ	(a)	tex/books/平面解析几何.tex:5497	231	174	1038	0.954	0.046	replaced
books/assets/analytic-geometry/fig-p0097-02.png	平面解析几何	analytic-geometry	97	T	high	对照 raw 第97页，已改 TikZ	(b)	tex/books/平面解析几何.tex:5505	200	173	925	0.952	0.048	replaced
books/assets/analytic-geometry/fig-p0097-03.png	平面解析几何	analytic-geometry	97	T	high	对照 raw 第97页，已改 TikZ	(c)	tex/books/平面解析几何.tex:5513	230	177	989	0.959	0.041	replaced
books/assets/analytic-geometry/fig-p0097-04.png	平面解析几何	analytic-geometry	97	T	high	对照 raw 第97页，已改 TikZ	(d)	tex/books/平面解析几何.tex:5521	229	177	944	0.958	0.042	replaced
books/assets/analytic-geometry/fig-p0097-05.png	平面解析几何	analytic-geometry	97	T	high	对照 raw 第97页，已改 TikZ	(a)	tex/books/平面解析几何.tex:5539	216	196	824	0.968	0.032	replaced
books/assets/analytic-geometry/fig-p0097-06.png	平面解析几何	analytic-geometry	97	T	high	对照 raw 第97页，已改 TikZ	(i)	tex/books/平面解析几何.tex:5547	194	194	802	0.966	0.034	replaced
books/assets/analytic-geometry/fig-p0098-01.png	平面解析几何	analytic-geometry	98	T	high	对照 raw 第98页，已改 TikZ	图3-17	tex/books/平面解析几何.tex:5571	194	198	390	0.976	0.024	replaced
books/assets/analytic-geometry/fig-p0098-02.png	平面解析几何	analytic-geometry	98	T	high	对照 raw 第98页，已改 TikZ	图3.18	tex/books/平面解析几何.tex:5611	280	198	1356	0.954	0.046	replaced
books/assets/analytic-geometry/fig-p0101-01.png	平面解析几何	analytic-geometry	101	T	high	对照 raw 第101页，已改 TikZ	图3-19	tex/books/平面解析几何.tex:5725	262	249	1604	0.957	0.043	replaced
books/assets/analytic-geometry/fig-p0107-01.png	平面解析几何	analytic-geometry	107	T	high	对照 raw 第107页，已改 TikZ	图示（原PDF第107页）	tex/books/平面解析几何.tex:6122	263	216	1633	0.953	0.047	replaced
books/assets/analytic-geometry/fig-p0107-02.png	平面解析几何	analytic-geometry	107	T	high	对照 raw 第107页，已改 TikZ	图示（原PDF第107页）	tex/books/平面解析几何.tex:6128	286	219	1748	0.954	0.046	replaced
books/assets/analytic-geometry/fig-p0107-03.png	平面解析几何	analytic-geometry	107	T	high	对照 raw 第107页，已改 TikZ	(c)	tex/books/平面解析几何.tex:6134	236	242	1612	0.954	0.046	replaced
books/assets/analytic-geometry/fig-p0107-04.png	平面解析几何	analytic-geometry	107	T	high	对照 raw 第107页，已改 TikZ	(4)	tex/books/平面解析几何.tex:6142	252	246	1737	0.950	0.050	replaced
books/assets/analytic-geometry/fig-p0109-01.png	平面解析几何	analytic-geometry	109	T	high	对照 raw 第109页，已改 TikZ	(a)	tex/books/平面解析几何.tex:6237	220	229	1169	0.964	0.036	replaced
books/assets/analytic-geometry/fig-p0109-02.png	平面解析几何	analytic-geometry	109	T	high	对照 raw 第109页，已改 TikZ	(1)	tex/books/平面解析几何.tex:6245	221	219	1123	0.962	0.038	replaced
books/assets/analytic-geometry/fig-p0109-03.png	平面解析几何	analytic-geometry	109	T	high	对照 raw 第109页，已改 TikZ	图3-22	tex/books/平面解析几何.tex:6270	200	188	581	0.965	0.035	replaced
books/assets/analytic-geometry/fig-p0110-01.png	平面解析几何	analytic-geometry	110	T	high	对照 raw 第110页，已改 TikZ	图3·23	tex/books/平面解析几何.tex:6311	343	207	1517	0.960	0.040	replaced
books/assets/analytic-geometry/fig-p0111-01.png	平面解析几何	analytic-geometry	111	T	high	对照 raw 第111页，已改 TikZ	图3.24	tex/books/平面解析几何.tex:6347	276	266	1414	0.971	0.029	replaced
books/assets/analytic-geometry/fig-p0111-02.png	平面解析几何	analytic-geometry	111	T	high	对照 raw 第111页，已改 TikZ	图3-25	tex/books/平面解析几何.tex:6355	253	230	1380	0.949	0.051	replaced
books/assets/analytic-geometry/fig-p0112-01.png	平面解析几何	analytic-geometry	112	T	high	对照 raw 第112页，已改 TikZ	图3-26	tex/books/平面解析几何.tex:6426	241	238	1270	0.955	0.045	replaced
books/assets/analytic-geometry/fig-p0113-01.png	平面解析几何	analytic-geometry	113	T	high	对照 raw 第113页，已改 TikZ	图3·27	tex/books/平面解析几何.tex:6467	228	174	1143	0.944	0.056	replaced
books/assets/analytic-geometry/fig-p0114-01.png	平面解析几何	analytic-geometry	114	T	high	对照 raw 第114页，已改 TikZ	(第9题)	tex/books/平面解析几何.tex:6614	188	212	872	0.958	0.042	replaced
books/assets/analytic-geometry/fig-p0117-01.png	平面解析几何	analytic-geometry	117	T	high	对照 raw 第117页，已改 TikZ	图3·28	tex/books/平面解析几何.tex:6760	219	230	1069	0.963	0.037	replaced
books/assets/analytic-geometry/fig-p0118-01.png	平面解析几何	analytic-geometry	118	T	high	对照 raw 第118页，已改 TikZ	(a)	tex/books/平面解析几何.tex:6794	240	221	1141	0.961	0.039	replaced
books/assets/analytic-geometry/fig-p0118-02.png	平面解析几何	analytic-geometry	118	T	high	对照 raw 第118页，已改 TikZ	(b)	tex/books/平面解析几何.tex:6802	237	204	1101	0.958	0.042	replaced
books/assets/analytic-geometry/fig-p0120-01.png	平面解析几何	analytic-geometry	120	T	high	对照 raw 第120页，已改 TikZ	图3-30	tex/books/平面解析几何.tex:6912	294	243	1319	0.969	0.031	replaced
books/assets/analytic-geometry/fig-p0120-02.png	平面解析几何	analytic-geometry	120	T	high	对照 raw 第120页，已改 TikZ	图3-31	tex/books/平面解析几何.tex:6920	255	215	1140	0.963	0.037	replaced
books/assets/analytic-geometry/fig-p0123-01.png	平面解析几何	analytic-geometry	123	T	high	对照 raw 第123页，已改 TikZ	图3.32	tex/books/平面解析几何.tex:7101	219	199	1374	0.941	0.059	replaced
books/assets/analytic-geometry/fig-p0124-01.png	平面解析几何	analytic-geometry	124	T	high	对照 raw 第124页，已改 TikZ	(第2题)	tex/books/平面解析几何.tex:7181	321	233	1746	0.961	0.039	replaced
books/assets/analytic-geometry/fig-p0126-01.png	平面解析几何	analytic-geometry	126	T	high	对照 raw 第126页，已改 TikZ	图3-33	tex/books/平面解析几何.tex:7286	256	240	1482	0.957	0.043	replaced
books/assets/analytic-geometry/fig-p0127-01.png	平面解析几何	analytic-geometry	127	T	high	对照 raw 第127页，已改 TikZ	图 3-34	tex/books/平面解析几何.tex:7323	335	281	3604	0.932	0.068	replaced
books/assets/analytic-geometry/fig-p0127-02.png	平面解析几何	analytic-geometry	127	T	high	对照 raw 第127页，已改 TikZ	图3·35	tex/books/平面解析几何.tex:7342	313	344	3651	0.949	0.051	replaced
books/assets/analytic-geometry/fig-p0128-01.png	平面解析几何	analytic-geometry	128	T	high	对照 raw 第128页，已改 TikZ	图3-36	tex/books/平面解析几何.tex:7412	256	256	1509	0.967	0.033	replaced
books/assets/analytic-geometry/fig-p0130-01.png	平面解析几何	analytic-geometry	130	T	high	对照 raw 第130页，已改 TikZ	图3-37	tex/books/平面解析几何.tex:7496	274	241	2136	0.942	0.058	replaced
books/assets/analytic-geometry/fig-p0132-01.png	平面解析几何	analytic-geometry	132	T	high	对照 raw 第132页，已改 TikZ	图3-38	tex/books/平面解析几何.tex:7609	217	225	1169	0.963	0.037	replaced
books/assets/analytic-geometry/fig-p0135-01.png	平面解析几何	analytic-geometry	135	T	high	对照 raw 第135页，已改 TikZ	图3.39	tex/books/平面解析几何.tex:7799	328	232	1871	0.955	0.045	replaced
books/assets/analytic-geometry/fig-p0135-02.png	平面解析几何	analytic-geometry	135	T	high	对照 raw 第135页，已改 TikZ	图3-40	tex/books/平面解析几何.tex:7826	205	193	1136	0.953	0.047	replaced
books/assets/analytic-geometry/fig-p0143-01.png	平面解析几何	analytic-geometry	143	T	high	对照 raw 第143页，已改 TikZ	(第16题)	tex/books/平面解析几何.tex:8360	190	215	1210	0.954	0.046	replaced
books/assets/analytic-geometry/fig-p0146-01.png	平面解析几何	analytic-geometry	146	T	high	对照 raw 第146页，已改 TikZ	图4.1	tex/books/平面解析几何.tex:8497	249	217	1211	0.959	0.041	replaced
books/assets/analytic-geometry/fig-p0150-01.png	平面解析几何	analytic-geometry	150	T	high	对照 raw 第150页，已改 TikZ	图4-2	tex/books/平面解析几何.tex:8753	243	214	1181	0.968	0.032	replaced
books/assets/analytic-geometry/fig-p0150-02.png	平面解析几何	analytic-geometry	150	T	high	对照 raw 第150页，已改 TikZ	图4-3	tex/books/平面解析几何.tex:8761	249	254	2170	0.930	0.070	replaced
books/assets/analytic-geometry/fig-p0151-01.png	平面解析几何	analytic-geometry	151	T	high	对照 raw 第151页，已改 TikZ	图4-4	tex/books/平面解析几何.tex:8838	292	229	1537	0.962	0.038	replaced
books/assets/analytic-geometry/fig-p0152-01.png	平面解析几何	analytic-geometry	152	T	high	对照 raw 第152页，已改 TikZ	图4-5	tex/books/平面解析几何.tex:8899	217	203	1343	0.939	0.061	replaced
books/assets/analytic-geometry/fig-p0153-01.png	平面解析几何	analytic-geometry	153	T	medium	高留白线稿	图4-6	tex/books/平面解析几何.tex:8936	240	256	1236	0.970	0.030	pending
books/assets/analytic-geometry/fig-p0154-01.png	平面解析几何	analytic-geometry	154	T	high	对照 raw 第154页，已改 TikZ	图4-7	tex/books/平面解析几何.tex:8990	342	301	1768	0.975	0.025	replaced
books/assets/analytic-geometry/fig-p0155-01.png	平面解析几何	analytic-geometry	155	T	high	对照 raw 第155页，已改 TikZ	图4-8	tex/books/平面解析几何.tex:9055	198	182	1086	0.940	0.060	replaced
books/assets/analytic-geometry/fig-p0155-02.png	平面解析几何	analytic-geometry	155	T	high	对照 raw 第155页，已改 TikZ	图4-9(1)	tex/books/平面解析几何.tex:9098	268	211	1363	0.967	0.033	replaced
books/assets/analytic-geometry/fig-p0156-01.png	平面解析几何	analytic-geometry	156	T	high	对照 raw 第156页，已改 TikZ	图4·9(2)	tex/books/平面解析几何.tex:9137	262	198	1709	0.945	0.055	replaced
books/assets/analytic-geometry/fig-p0158-01.png	平面解析几何	analytic-geometry	158	T	high	对照 raw 第158页，已改 TikZ	图4.10	tex/books/平面解析几何.tex:9307	241	229	1153	0.969	0.031	replaced
books/assets/analytic-geometry/fig-p0159-01.png	平面解析几何	analytic-geometry	159	T	high	对照 raw 第159页，已改 TikZ	图4-11	tex/books/平面解析几何.tex:9353	233	221	1078	0.961	0.039	replaced
books/assets/analytic-geometry/fig-p0160-01.png	平面解析几何	analytic-geometry	160	T	high	对照 raw 第160页，已改 TikZ	图4·12	tex/books/平面解析几何.tex:9399	215	216	1164	0.968	0.032	replaced
books/assets/analytic-geometry/fig-p0160-02.png	平面解析几何	analytic-geometry	160	T	high	对照 raw 第160页，已改 TikZ	图4·13	tex/books/平面解析几何.tex:9407	203	242	1397	0.955	0.045	replaced
books/assets/analytic-geometry/fig-p0162-01.png	平面解析几何	analytic-geometry	162	T	high	对照 raw 第162页，已改 TikZ	图4-14	tex/books/平面解析几何.tex:9542	248	254	1434	0.963	0.037	replaced
books/assets/analytic-geometry/fig-p0164-01.png	平面解析几何	analytic-geometry	164	T	high	对照 raw 第164页，已改 TikZ	图4-15	tex/books/平面解析几何.tex:9648	245	225	1551	0.954	0.046	replaced
books/assets/analytic-geometry/fig-p0166-01.png	平面解析几何	analytic-geometry	166	T	high	对照 raw 第166页，已改 TikZ	图4-18	tex/books/平面解析几何.tex:9804	270	255	1909	0.943	0.057	replaced
books/assets/analytic-geometry/fig-p0167-01.png	平面解析几何	analytic-geometry	167	T	high	对照 raw 第167页，已改 TikZ	图4-17	tex/books/平面解析几何.tex:9867	205	270	1271	0.952	0.048	replaced
books/assets/analytic-geometry/fig-p0168-01.png	平面解析几何	analytic-geometry	168	T	high	对照 raw 第168页，已改 TikZ	图4-18	tex/books/平面解析几何.tex:9928	241	185	1287	0.948	0.052	replaced
books/assets/analytic-geometry/fig-p0170-01.png	平面解析几何	analytic-geometry	170	T	low	初分待对照 raw 改轨	图4-19	tex/books/平面解析几何.tex:10062	212	160	1531	0.906	0.094	pending
books/assets/analytic-geometry/fig-p0170-02.png	平面解析几何	analytic-geometry	170	T	high	对照 raw 第170页，已改 TikZ	图4-20	tex/books/平面解析几何.tex:10088	257	195	1321	0.945	0.055	replaced
books/assets/analytic-geometry/fig-p0173-01.png	平面解析几何	analytic-geometry	173	T	high	对照 raw 第173页，已改 TikZ	图4·21	tex/books/平面解析几何.tex:10258	267	189	1443	0.954	0.046	replaced
books/assets/analytic-geometry/fig-p0174-01.png	平面解析几何	analytic-geometry	174	T	high	对照 raw 第174页，已改 TikZ	图4.22	tex/books/平面解析几何.tex:10296	309	185	1525	0.950	0.050	replaced
books/assets/analytic-geometry/fig-p0176-01.png	平面解析几何	analytic-geometry	176	T	high	对照 raw 第176页，已改 TikZ	图4·23	tex/books/平面解析几何.tex:10375	268	192	1351	0.951	0.049	replaced
books/assets/analytic-geometry/fig-p0176-02.png	平面解析几何	analytic-geometry	176	T	high	对照 raw 第176页，已改 TikZ	图4.24	tex/books/平面解析几何.tex:10409	259	187	946	0.969	0.031	replaced
books/assets/analytic-geometry/fig-p0177-01.png	平面解析几何	analytic-geometry	177	T	high	对照 raw 第177页，已改 TikZ	(a)	tex/books/平面解析几何.tex:10448	186	160	536	0.961	0.039	replaced
books/assets/analytic-geometry/fig-p0177-02.png	平面解析几何	analytic-geometry	177	T	high	对照 raw 第177页，已改 TikZ	(b) | 椭圆	tex/books/平面解析几何.tex:10456;tex/books/平面解析几何.tex:14735	183	160	628	0.966	0.034	replaced
books/assets/analytic-geometry/fig-p0177-03.png	平面解析几何	analytic-geometry	177	T	high	对照 raw 第177页，已改 TikZ	(c)	tex/books/平面解析几何.tex:10464	211	185	897	0.967	0.033	replaced
books/assets/analytic-geometry/fig-p0179-01.png	平面解析几何	analytic-geometry	179	T	high	对照 raw 第179页，已改 TikZ	图4·26	tex/books/平面解析几何.tex:10565	305	221	1308	0.966	0.034	replaced
books/assets/analytic-geometry/fig-p0180-01.png	平面解析几何	analytic-geometry	180	T	medium	高留白线稿	图示（原PDF第180页）	tex/books/平面解析几何.tex:10651	276	235	1316	0.968	0.032	pending
books/assets/analytic-geometry/fig-p0180-02.png	平面解析几何	analytic-geometry	180	T	high	对照 raw 第180页，已改 TikZ	图4-27	tex/books/平面解析几何.tex:10657	214	259	1345	0.959	0.041	replaced
books/assets/analytic-geometry/fig-p0183-01.png	平面解析几何	analytic-geometry	183	T	medium	高留白线稿	图示（原PDF第183页）	tex/books/平面解析几何.tex:10744	206	173	1050	0.952	0.048	pending
books/assets/analytic-geometry/fig-p0183-02.png	平面解析几何	analytic-geometry	183	T	high	对照 raw 第183页，已改 TikZ	图4-28	tex/books/平面解析几何.tex:10750	222	175	1107	0.948	0.052	replaced
books/assets/analytic-geometry/fig-p0185-01.png	平面解析几何	analytic-geometry	185	T	high	对照 raw 第185页，已改 TikZ	图4-29	tex/books/平面解析几何.tex:10878	160	189	807	0.951	0.049	replaced
books/assets/analytic-geometry/fig-p0186-01.png	平面解析几何	analytic-geometry	186	T	high	对照 raw 第186页，已改 TikZ	图4-30	tex/books/平面解析几何.tex:10983	241	265	2289	0.942	0.058	replaced
books/assets/analytic-geometry/fig-p0187-01.png	平面解析几何	analytic-geometry	187	T	high	对照 raw 第187页，已改 TikZ	图4-31	tex/books/平面解析几何.tex:11003	261	234	1845	0.952	0.048	replaced
books/assets/analytic-geometry/fig-p0189-01.png	平面解析几何	analytic-geometry	189	T	high	对照 raw 第189页，已改 TikZ	图4-32	tex/books/平面解析几何.tex:11155	286	226	1571	0.961	0.039	replaced
books/assets/analytic-geometry/fig-p0190-01.png	平面解析几何	analytic-geometry	190	T	high	对照 raw 第190页，已改 TikZ	图4·33	tex/books/平面解析几何.tex:11189	251	252	1783	0.956	0.044	replaced
books/assets/analytic-geometry/fig-p0191-01.png	平面解析几何	analytic-geometry	191	T	high	对照 raw 第191页，已改 TikZ	图4-34	tex/books/平面解析几何.tex:11221	252	213	1246	0.956	0.044	replaced
books/assets/analytic-geometry/fig-p0195-01.png	平面解析几何	analytic-geometry	195	T	high	对照 raw 第195页，已改 TikZ	图4·35 | 双曲线	tex/books/平面解析几何.tex:11416;tex/books/平面解析几何.tex:14737	287	240	1757	0.952	0.048	replaced
books/assets/analytic-geometry/fig-p0197-01.png	平面解析几何	analytic-geometry	197	T	high	对照 raw 第197页，已改 TikZ	图4-36	tex/books/平面解析几何.tex:11502	276	226	2140	0.949	0.051	replaced
books/assets/analytic-geometry/fig-p0199-01.png	平面解析几何	analytic-geometry	199	T	medium	高留白线稿	图示（原PDF第199页）	tex/books/平面解析几何.tex:11605	336	255	2425	0.955	0.045	pending
books/assets/analytic-geometry/fig-p0199-02.png	平面解析几何	analytic-geometry	199	T	high	对照 raw 第199页，已改 TikZ	图4-37	tex/books/平面解析几何.tex:11611	322	243	2188	0.953	0.047	replaced
books/assets/analytic-geometry/fig-p0201-01.png	平面解析几何	analytic-geometry	201	T	high	对照 raw 第201页，已改 TikZ	图4-38	tex/books/平面解析几何.tex:11726	282	290	2268	0.941	0.059	replaced
books/assets/analytic-geometry/fig-p0203-01.png	平面解析几何	analytic-geometry	203	T	high	对照 raw 第203页，已改 TikZ	图4-39	tex/books/平面解析几何.tex:11812	314	233	2151	0.946	0.054	replaced
books/assets/analytic-geometry/fig-p0204-01.png	平面解析几何	analytic-geometry	204	T	high	对照 raw 第204页，已改 TikZ	图4-40	tex/books/平面解析几何.tex:11849	259	229	1907	0.943	0.057	replaced
books/assets/analytic-geometry/fig-p0204-02.png	平面解析几何	analytic-geometry	204	T	high	对照 raw 第204页，已改 TikZ	图4-41	tex/books/平面解析几何.tex:11857	211	275	2023	0.942	0.058	replaced
books/assets/analytic-geometry/fig-p0208-01.png	平面解析几何	analytic-geometry	208	T	high	对照 raw 第208页，已改 TikZ	图 4·42(a)	tex/books/平面解析几何.tex:12058	240	215	1684	0.955	0.045	replaced
books/assets/analytic-geometry/fig-p0208-02.png	平面解析几何	analytic-geometry	208	T	high	对照 raw 第208页，已改 TikZ	图 4·42(b)	tex/books/平面解析几何.tex:12093	205	217	1378	0.945	0.055	replaced
books/assets/analytic-geometry/fig-p0209-01.png	平面解析几何	analytic-geometry	209	T	high	对照 raw 第209页，已改 TikZ	图 4·42(c)	tex/books/平面解析几何.tex:12125	239	209	1357	0.959	0.041	replaced
books/assets/analytic-geometry/fig-p0209-02.png	平面解析几何	analytic-geometry	209	T	high	对照 raw 第209页，已改 TikZ	(第2题)	tex/books/平面解析几何.tex:12166	204	207	1499	0.924	0.076	replaced
books/assets/analytic-geometry/fig-p0210-01.png	平面解析几何	analytic-geometry	210	T	high	对照 raw 第210页，已改 TikZ	图4·43	tex/books/平面解析几何.tex:12196	289	298	2015	0.953	0.047	replaced
books/assets/analytic-geometry/fig-p0212-01.png	平面解析几何	analytic-geometry	212	T	high	对照 raw 第212页，已改 TikZ	图4.44	tex/books/平面解析几何.tex:12280	195	185	1117	0.947	0.053	replaced
books/assets/analytic-geometry/fig-p0212-02.png	平面解析几何	analytic-geometry	212	V	high	对照 raw 第212页，已改 TikZ	图4.45	tex/books/平面解析几何.tex:12288	219	128	1609	0.850	0.150	replaced
books/assets/analytic-geometry/fig-p0212-03.png	平面解析几何	analytic-geometry	212	T	high	对照 raw 第212页，已改 TikZ	图4.46	tex/books/平面解析几何.tex:12296	460	371	5979	0.934	0.066	replaced
books/assets/analytic-geometry/fig-p0213-01.png	平面解析几何	analytic-geometry	213	T	high	对照 raw 第213页，已改 TikZ	图4-47	tex/books/平面解析几何.tex:12320	270	191	1583	0.946	0.054	replaced
books/assets/analytic-geometry/fig-p0214-01.png	平面解析几何	analytic-geometry	214	T	high	对照 raw 第214页，已改 TikZ	图 4.4B	tex/books/平面解析几何.tex:12368	262	236	1751	0.948	0.052	replaced
books/assets/analytic-geometry/fig-p0217-01.png	平面解析几何	analytic-geometry	217	T	high	对照 raw 第217页，已改 TikZ	图4·43 | 抛物线	tex/books/平面解析几何.tex:12504;tex/books/平面解析几何.tex:14739	219	247	1229	0.961	0.039	replaced
books/assets/analytic-geometry/fig-p0218-01.png	平面解析几何	analytic-geometry	218	T	high	对照 raw 第218页，已改 TikZ	图4·50	tex/books/平面解析几何.tex:12561	241	284	1607	0.951	0.049	replaced
books/assets/analytic-geometry/fig-p0219-01.png	平面解析几何	analytic-geometry	219	T	high	对照 raw 第219页，已改 TikZ	(a)	tex/books/平面解析几何.tex:12614	186	206	1029	0.954	0.046	replaced
books/assets/analytic-geometry/fig-p0219-02.png	平面解析几何	analytic-geometry	219	T	high	对照 raw 第219页，已改 TikZ	(b)	tex/books/平面解析几何.tex:12622	216	206	1124	0.955	0.045	replaced
books/assets/analytic-geometry/fig-p0219-03.png	平面解析几何	analytic-geometry	219	T	medium	高留白线稿	图示（原PDF第219页）	tex/books/平面解析几何.tex:12630	209	226	1175	0.956	0.044	pending
books/assets/analytic-geometry/fig-p0219-04.png	平面解析几何	analytic-geometry	219	T	high	对照 raw 第219页，已改 TikZ	图4-51	tex/books/平面解析几何.tex:12636	203	227	1213	0.957	0.043	replaced
books/assets/analytic-geometry/fig-p0221-01.png	平面解析几何	analytic-geometry	221	T	high	对照 raw 第221页，已改 TikZ	图4.52	tex/books/平面解析几何.tex:12782	233	305	1701	0.958	0.042	replaced
books/assets/analytic-geometry/fig-p0222-01.png	平面解析几何	analytic-geometry	222	T	high	对照 raw 第222页，已改 TikZ	图4·53	tex/books/平面解析几何.tex:12807	202	189	1115	0.944	0.056	replaced
books/assets/analytic-geometry/fig-p0222-02.png	平面解析几何	analytic-geometry	222	T	high	对照 raw 第222页，已改 TikZ	(第2题)	tex/books/平面解析几何.tex:12854	247	169	1034	0.939	0.061	replaced
books/assets/analytic-geometry/fig-p0223-01.png	平面解析几何	analytic-geometry	223	T	high	对照 raw 第223页，已改 TikZ	图4-54	tex/books/平面解析几何.tex:12907	231	279	1573	0.962	0.038	replaced
books/assets/analytic-geometry/fig-p0224-01.png	平面解析几何	analytic-geometry	224	T	high	对照 raw 第224页，已改 TikZ	图4-55	tex/books/平面解析几何.tex:12923	392	264	2213	0.960	0.040	replaced
books/assets/analytic-geometry/fig-p0224-02.png	平面解析几何	analytic-geometry	224	T	high	对照 raw 第224页，已改 TikZ	图4-56	tex/books/平面解析几何.tex:12945	288	225	1556	0.954	0.046	replaced
books/assets/analytic-geometry/fig-p0226-01.png	平面解析几何	analytic-geometry	226	T	high	对照 raw 第226页，已改 TikZ	图4-57	tex/books/平面解析几何.tex:13057	231	248	2552	0.930	0.070	replaced
books/assets/analytic-geometry/fig-p0227-01.png	平面解析几何	analytic-geometry	227	T	high	对照 raw 第227页，已改 TikZ	(第2题)	tex/books/平面解析几何.tex:13087	206	235	920	0.965	0.035	replaced
books/assets/analytic-geometry/fig-p0227-02.png	平面解析几何	analytic-geometry	227	T	medium	高留白线稿	图示（原PDF第227页）	tex/books/平面解析几何.tex:13104	204	196	1031	0.951	0.049	pending
books/assets/analytic-geometry/fig-p0227-03.png	平面解析几何	analytic-geometry	227	T	medium	高留白线稿	图示（原PDF第227页）	tex/books/平面解析几何.tex:13110	194	196	955	0.955	0.045	pending
books/assets/analytic-geometry/fig-p0227-04.png	平面解析几何	analytic-geometry	227	T	high	对照 raw 第227页，已改 TikZ	(第3题)	tex/books/平面解析几何.tex:13116	199	194	1037	0.956	0.044	replaced
books/assets/analytic-geometry/fig-p0227-05.png	平面解析几何	analytic-geometry	227	T	high	对照 raw 第227页，已改 TikZ	(第4题)	tex/books/平面解析几何.tex:13132	227	128	1718	0.853	0.147	replaced
books/assets/analytic-geometry/fig-p0228-01.png	平面解析几何	analytic-geometry	228	T	high	对照 raw 第228页，已改 TikZ	图4-58	tex/books/平面解析几何.tex:13182	204	150	984	0.964	0.036	replaced
books/assets/analytic-geometry/fig-p0229-01.png	平面解析几何	analytic-geometry	229	T	high	对照 raw 第229页，已改 TikZ	图4.59	tex/books/平面解析几何.tex:13206	275	242	1544	0.965	0.035	replaced
books/assets/analytic-geometry/fig-p0229-02.png	平面解析几何	analytic-geometry	229	T	high	对照 raw 第229页，已改 TikZ	图4·60	tex/books/平面解析几何.tex:13225	185	157	709	0.972	0.028	replaced
books/assets/analytic-geometry/fig-p0230-01.png	平面解析几何	analytic-geometry	230	T	high	对照 raw 第230页，已改 TikZ	图4·61	tex/books/平面解析几何.tex:13246	289	228	1529	0.951	0.049	replaced
books/assets/analytic-geometry/fig-p0231-01.png	平面解析几何	analytic-geometry	231	T	high	对照 raw 第231页，已改 TikZ	图4-62	tex/books/平面解析几何.tex:13297	274	247	1642	0.961	0.039	replaced
books/assets/analytic-geometry/fig-p0234-01.png	平面解析几何	analytic-geometry	234	T	high	对照 raw 第234页，已改 TikZ	图4·63	tex/books/平面解析几何.tex:13480	232	255	1408	0.966	0.034	replaced
books/assets/analytic-geometry/fig-p0235-01.png	平面解析几何	analytic-geometry	235	T	high	对照 raw 第235页，已改 TikZ	图4-64	tex/books/平面解析几何.tex:13542	321	258	1679	0.964	0.036	replaced
books/assets/analytic-geometry/fig-p0237-01.png	平面解析几何	analytic-geometry	237	T	high	对照 raw 第237页，已改 TikZ	图4·65	tex/books/平面解析几何.tex:13629	259	182	1279	0.955	0.045	replaced
books/assets/analytic-geometry/fig-p0240-01.png	平面解析几何	analytic-geometry	240	T	high	对照 raw 第240页，已改 TikZ	图4-66	tex/books/平面解析几何.tex:13800	279	279	1359	0.967	0.033	replaced
books/assets/analytic-geometry/fig-p0240-02.png	平面解析几何	analytic-geometry	240	T	high	对照 raw 第240页，已改 TikZ	图4-67	tex/books/平面解析几何.tex:13808	288	235	1430	0.965	0.035	replaced
books/assets/analytic-geometry/fig-p0243-01.png	平面解析几何	analytic-geometry	243	T	high	对照 raw 第243页，已改 TikZ	图4·69  双曲线 x^2-4y^2=9，平行切线 y=-2x±(3/2)√15，切点 P、P'（关于原点对称），轴为虚线。题注未改。	tex/books/平面解析几何.tex:14015	263	215	1241	0.972	0.028	replaced
books/assets/analytic-geometry/fig-p0246-01.png	平面解析几何	analytic-geometry	246	T	high	对照 raw 第246页，已改 TikZ	图4-70  椭圆 7x^2+3y^2=28（x^2/4+y^2/(28/3)=1），平行切线斜率 2/3，切点标 (-4/5,14/5)、(4/5,-14/5)，轴有刻度。题注未改。	tex/books/平面解析几何.tex:14167	226	268	1410	0.962	0.038	replaced
books/assets/analytic-geometry/fig-p0246-02.png	平面解析几何	analytic-geometry	246	T	high	对照 raw 第246页，已改 TikZ	图4-71  抛物线 y^2=5x 与圆 x^2+y^2=(4/3)^2 的两条公切线，交于负 x 轴 (-20/9,0)。题注未改。	tex/books/平面解析几何.tex:14175	243	280	1318	0.971	0.029	replaced
books/assets/analytic-geometry/fig-p0248-01.png	平面解析几何	analytic-geometry	248	T	high	对照 raw 第248页，已改 TikZ	图4-72  抛物线 y^2=2px（示意 p=2），准线、焦点 F、切点 P、切线 T、法线 N、水平线 QR，角 α、θ、α1、α2、β1、β2。题注未改。	tex/books/平面解析几何.tex:14359	240	247	1715	0.955	0.045	replaced
books/assets/analytic-geometry/fig-p0250-01.png	平面解析几何	analytic-geometry	250	T	high	对照 raw 第250页，已改 TikZ	图4·73  抛物线开口向右，四条平行入射光线反射汇于焦点 F（反射线虚线带箭头）。题注未改。	tex/books/平面解析几何.tex:14430	182	160	792	0.960	0.040	replaced
books/assets/analytic-geometry/fig-p0250-02.png	平面解析几何	analytic-geometry	250	T	low	初分待对照 raw 改轨	图4.74	tex/books/平面解析几何.tex:14442	406	252	4101	0.894	0.106	pending
books/assets/analytic-geometry/fig-p0251-01.png	平面解析几何	analytic-geometry	251	T	high	对照 raw 第251页，已改 TikZ	图4·75  椭圆上 P(x1,y1)，焦点 F1(-c,0)、F2(c,0)，切线 T、法线交 x 轴于 N，角 α1、α2。题注未改。	tex/books/平面解析几何.tex:14466	295	224	1697	0.953	0.047	replaced
books/assets/analytic-geometry/fig-p0253-01.png	平面解析几何	analytic-geometry	253	T	high	对照 raw 第253页，已改 TikZ	图4·76  椭圆内自 F1 经上半弧三点反射至 F2（含 P），P 处虚线切线与法线，轴为点划线。题注未改。	tex/books/平面解析几何.tex:14547	243	117	1104	0.947	0.053	replaced
books/assets/analytic-geometry/fig-p0253-02.png	平面解析几何	analytic-geometry	253	T	high	对照 raw 第253页，已改 TikZ	图4-77  双曲线上 P(x1,y1)，焦点 F1、F2，切线交 x 轴于 T，法线 N，示切线平分焦点半径夹角。题注未改。	tex/books/平面解析几何.tex:14567	299	192	1578	0.962	0.038	replaced
books/assets/analytic-geometry/fig-p0254-01.png	平面解析几何	analytic-geometry	254	T	high	对照 raw 第254页，已改 TikZ	图4·78 双曲线右支光学反射：自F2射向右支，反射沿F1P延长线，虚线连F1	tex/books/平面解析几何.tex:14583	289	211	1616	0.966	0.034	replaced
books/assets/analytic-geometry/fig-p0254-02.png	平面解析几何	analytic-geometry	254	T	high	对照 raw 第254页，已改 TikZ	图4·79 椭圆反射镜，AF1=14.5、AF2=46.5，左弧加粗与灯泡底座	tex/books/平面解析几何.tex:14591	204	190	1139	0.953	0.047	replaced
books/assets/analytic-geometry/fig-p0255-01.png	平面解析几何	analytic-geometry	255	T	high	对照 raw 第255页，已改 TikZ	图4-80 椭圆通径P1P2，切线于P1，法线过B(0,-b)，焦点F(c,0)	tex/books/平面解析几何.tex:14666	206	193	1222	0.961	0.039	replaced
books/assets/analytic-geometry/fig-p0255-02.png	平面解析几何	analytic-geometry	255	T	high	对照 raw 第255页，已改 TikZ	(第3题) 抛物线口径3、深度0.2（示意），顶点在原点	tex/books/平面解析几何.tex:14693	179	203	711	0.966	0.034	replaced
books/assets/analytic-geometry/fig-p0258-01.png	平面解析几何	analytic-geometry	258	T	high	对照 raw 第258页，已改 TikZ	(第4题) 圆与同心椭圆，竖线P1-P-M，MP/MP1=1/2	tex/books/平面解析几何.tex:14836	245	250	1591	0.960	0.040	replaced
books/assets/analytic-geometry/fig-p0260-01.png	平面解析几何	analytic-geometry	260	T	high	对照 raw 第260页，已改 TikZ	(第12题) 抛物线切线PT交于T、H，焦点F，FH与焦点弦PQ	tex/books/平面解析几何.tex:15026	182	188	1068	0.966	0.034	replaced
books/assets/analytic-geometry/fig-p0263-01.png	平面解析几何	analytic-geometry	263	T	high	对照 raw 第263页，已改 TikZ	图5-1 坐标轴平移O'(h,k)，P投影与A(-2,2)	tex/books/平面解析几何.tex:15171	264	256	1465	0.963	0.037	replaced
books/assets/analytic-geometry/fig-p0264-01.png	平面解析几何	analytic-geometry	264	T	high	对照 raw 第264页，已改 TikZ	图5·2 平移O'(-3,4)，点O/A/B/C与新轴x'/y'	tex/books/平面解析几何.tex:15253	230	231	1167	0.964	0.036	replaced
books/assets/analytic-geometry/fig-p0266-01.png	平面解析几何	analytic-geometry	266	T	high	对照 raw 第266页，已改 TikZ	图5·3 椭圆 x'^2/9+y'^2/4=1，中心 O'(-2,1)，新轴平行原轴	tex/books/平面解析几何.tex:15363	289	234	1330	0.957	0.043	replaced
books/assets/analytic-geometry/fig-p0266-02.png	平面解析几何	analytic-geometry	266	T	high	对照 raw 第266页，已改 TikZ	图5·4 抛物线 y'^2=-5/2 x'，顶点 O'(1,-3)，焦点 F，轴 y+3=0	tex/books/平面解析几何.tex:15371	230	244	1161	0.958	0.042	replaced
books/assets/analytic-geometry/fig-p0271-01.png	平面解析几何	analytic-geometry	271	T	high	对照 raw 第271页，已改 TikZ	图5·5 竖椭圆 x'^2/4+y'^2/9=1，中心 O'(-2,1)，顶点 A/A'，虚线新轴	tex/books/平面解析几何.tex:15631	240	297	1578	0.956	0.044	replaced
books/assets/analytic-geometry/fig-p0271-02.png	平面解析几何	analytic-geometry	271	T	high	对照 raw 第271页，已改 TikZ	图5·8 竖双曲线 (y+1)^2/4-(x-2)^2/5=1，中心 O'(2,-1)，焦点 F/F' 与渐近线	tex/books/平面解析几何.tex:15639	275	270	2229	0.947	0.053	replaced
books/assets/analytic-geometry/fig-p0272-01.png	平面解析几何	analytic-geometry	272	T	high	对照 raw 第272页，已改 TikZ	图5·7 椭圆内切矩形 x=-2,x=8,y=-5,y=1，中心 O'(3,-2)	tex/books/平面解析几何.tex:15712	241	205	1279	0.938	0.062	replaced
books/assets/analytic-geometry/fig-p0274-01.png	平面解析几何	analytic-geometry	274	T	high	对照 raw 第274页，已改 TikZ	图5-9 等轴双曲线 xy=K（I、III 象限）与反时针转轴 45°	tex/books/平面解析几何.tex:15871	207	217	1269	0.958	0.042	replaced
books/assets/analytic-geometry/fig-p0275-01.png	平面解析几何	analytic-geometry	275	T	high	对照 raw 第275页，已改 TikZ	图5-9 转轴公式示意：P 对两系投影 M/N、M'/N'，角 θ、φ	tex/books/平面解析几何.tex:15907	300	280	1962	0.967	0.033	replaced
books/assets/analytic-geometry/fig-p0279-01.png	平面解析几何	analytic-geometry	279	T	high	对照 raw 第279页，已改 TikZ	图5-10 转角 θ=π/4 后椭圆 4x'^2+9y'^2=36（x'^2/9+y'^2/4=1）	tex/books/平面解析几何.tex:16087	213	215	1365	0.954	0.046	replaced
books/assets/analytic-geometry/fig-p0285-01.png	平面解析几何	analytic-geometry	285	T	high	对照 raw 第285页，已改 TikZ	图5·11 双曲线 y'^2-x'^2/4=1，tg θ=2，虚线辅助矩形与渐近线	tex/books/平面解析几何.tex:16460	241	252	1530	0.960	0.040	replaced
books/assets/analytic-geometry/fig-p0287-01.png	平面解析几何	analytic-geometry	287	T	high	对照 raw 第287页，已改 TikZ	图5·12 抛物线 x'^2=(6√5/5)y'，θ=arc tg(1/2)，负轴虚线	tex/books/平面解析几何.tex:16550	265	227	1237	0.968	0.032	replaced
books/assets/analytic-geometry/fig-p0291-01.png	平面解析几何	analytic-geometry	291	T	high	对照 raw 第291页，已改 TikZ	图5·13 椭圆 x''^2/(11/3)+y''^2/22=1，中心 O'(-2,3)，θ=½arcctg(-3/4)	tex/books/平面解析几何.tex:16749	329	277	2315	0.952	0.048	replaced
books/assets/analytic-geometry/fig-p0292-01.png	平面解析几何	analytic-geometry	292	T	high	对照 raw 第292页，已改 TikZ	图5·14 退化双曲线：过 O'(-1,2) 两直线，斜率 1/3 与 3	tex/books/平面解析几何.tex:16795	240	239	1194	0.964	0.036	replaced
books/assets/analytic-geometry/fig-p0294-01.png	平面解析几何	analytic-geometry	294	T	high	对照 raw 第294页，已改 TikZ	图5·15 抛物线 y''^2=4x''，顶点 O''，先转轴 θ=arc tg(1/2) 再移轴	tex/books/平面解析几何.tex:16936	250	272	1769	0.959	0.041	replaced
books/assets/analytic-geometry/fig-p0298-01.png	平面解析几何	analytic-geometry	298	T	high	对照 raw 第298页，已改 TikZ	图5·16 统一定义：焦点 F(p,0)、准线 l（y轴）、动点 P 与 N/M	tex/books/平面解析几何.tex:17164	218	228	1096	0.965	0.035	replaced
books/assets/analytic-geometry/fig-p0299-01.png	平面解析几何	analytic-geometry	299	T	high	对照 raw 第299页，已改 TikZ	图5·17 椭圆焦点 F1/F2、准线 l/l'、动点 P 与顶点 B 焦准线示意	tex/books/平面解析几何.tex:17209	283	193	1592	0.947	0.053	replaced
books/assets/analytic-geometry/fig-p0301-01.png	平面解析几何	analytic-geometry	301	T	high	对照 raw 第301页，已改 TikZ	图5·18 双曲线焦点 F1/F2、准线（D/D'）、动点 P 与 N/N'	tex/books/平面解析几何.tex:17320	233	255	1434	0.939	0.061	replaced
books/assets/analytic-geometry/fig-p0303-01.png	平面解析几何	analytic-geometry	303	T	high	对照 raw 第303页，已改 TikZ	图5·19 抛物线 y^2=2px，焦点半径 FP、过 F 且垂直 FP 的 FQ 与切线交于准线上 Q	tex/books/平面解析几何.tex:17500	249	235	1391	0.949	0.051	replaced
books/assets/analytic-geometry/fig-p0304-01.png	平面解析几何	analytic-geometry	304	T	high	对照 raw 第304页，已改 TikZ	图5-20 椭圆焦点 F1/F2、动点 P(x,y)、准线 x=a^2/c 与垂足 Q	tex/books/平面解析几何.tex:17550	223	197	1181	0.945	0.055	replaced
books/assets/analytic-geometry/fig-p0308-01.png	平面解析几何	analytic-geometry	308	T	high	对照 raw 第308页，已改 TikZ	图5-21 双曲线系 x^2/16-y^2/9=k（k=16,9,4,1,0,-1,-4,-9），公共渐近线 3x±4y=0	tex/books/平面解析几何.tex:17785	410	279	5103	0.917	0.083	replaced
books/assets/analytic-geometry/fig-p0309-01.png	平面解析几何	analytic-geometry	309	T	high	对照 raw 第309页，已改 TikZ	图5-22 同焦点有心圆锥曲线系，焦点 F1(-4,0)、F2(4,0)，椭圆与双曲线正交	tex/books/平面解析几何.tex:17843	305	289	3102	0.920	0.080	replaced
books/assets/analytic-geometry/fig-p0310-01.png	平面解析几何	analytic-geometry	310	T	high	对照 raw 第310页，已改 TikZ	图5·23（K=4）双曲线 b^2-c^2=1，辅助正方形与虚线渐近线，坐标系 bOc	tex/books/平面解析几何.tex:17872	210	210	1289	0.955	0.045	replaced
books/assets/analytic-geometry/fig-p0310-02.png	平面解析几何	analytic-geometry	310	T	high	对照 raw 第310页，已改 TikZ	图5·23（K=-16,-4,-1）椭圆 b^2+c^2/(|K|/4)=1，共顶点 (±1,0)	tex/books/平面解析几何.tex:17878	187	216	1375	0.939	0.061	replaced
books/assets/analytic-geometry/fig-p0311-01.png	平面解析几何	analytic-geometry	311	T	high	对照 raw 第311页，已改 TikZ	图5·24 圆与抛物线 (x-2)^2=-(y-6) 及直线 x-y=0、x+y-4=0 的四交点	tex/books/平面解析几何.tex:17964	234	234	1753	0.938	0.062	replaced
books/assets/analytic-geometry/fig-p0316-01.png	平面解析几何	analytic-geometry	316	T	high	对照 raw 第316页，已改 TikZ	(第9题) 共准线共轴两抛物线交于 P1/P2，顶点 A 与 F，P1M⊥准线	tex/books/平面解析几何.tex:18313	198	225	1253	0.954	0.046	replaced
books/assets/analytic-geometry/fig-p0318-01.png	平面解析几何	analytic-geometry	318	T	high	对照 raw 第318页，已改 TikZ	图6-1 刚体棒 AB=2a 两端沿垂直坐标轴滑动，中点 P(x,y) 轨迹为圆，∠OAB=∠NPB=φ，MP⊥x、NP⊥y	tex/books/平面解析几何.tex:18421	289	287	1534	0.967	0.033	replaced
books/assets/analytic-geometry/fig-p0319-01.png	平面解析几何	analytic-geometry	319	T	high	对照 raw 第319页，已改 TikZ	图6-2 抛射角 α，直线方向 OG 上 Q，实际抛物线轨迹过 P(x,y) 落于 A，竖虚线 QPM	tex/books/平面解析几何.tex:18464	303	238	1244	0.970	0.030	replaced
books/assets/analytic-geometry/fig-p0324-01.png	平面解析几何	analytic-geometry	324	T	high	对照 raw 第324页，已改 TikZ	图6-3 半立方抛物线 x=2t^2,y=2t^3（即 y^2=x^3/2），尖点在原点，关于 x 轴对称	tex/books/平面解析几何.tex:18744	202	340	1387	0.970	0.030	replaced
books/assets/analytic-geometry/fig-p0325-01.png	平面解析几何	analytic-geometry	325	T	high	对照 raw 第325页，已改 TikZ	图6-4 椭圆 x=3cosφ,y=2sinφ（x^2/9+y^2/4=1），轴上刻度与 φ 每隔 30° 的描点	tex/books/平面解析几何.tex:18816	271	223	1086	0.977	0.023	replaced
books/assets/analytic-geometry/fig-p0326-01.png	平面解析几何	analytic-geometry	326	T	high	对照 raw 第326页，已改 TikZ	图6·5(1) 笛卡儿叶形线（柳叶线）x^3+y^3-3axy=0，对称虚线 y=x，渐近线 x+y+a=0	tex/books/平面解析几何.tex:18921	230	239	990	0.971	0.029	replaced
books/assets/analytic-geometry/fig-p0326-02.png	平面解析几何	analytic-geometry	326	T	high	对照 raw 第326页，已改 TikZ	图6·5(2) 柳叶线与直线 y=tx 交于原点（二重）及另一点 P(x,y)，渐近线 x+y+a=0	tex/books/平面解析几何.tex:18929	215	219	1114	0.959	0.041	replaced
books/assets/analytic-geometry/fig-p0328-01.png	平面解析几何	analytic-geometry	328	T	high	对照 raw 第328页，已改 TikZ	图6-6 蔓叶线 y^2(2a-x)=x^3，虚线辅助圆（直径 OA=2a）与渐近线 x=2a	tex/books/平面解析几何.tex:18998	190	222	860	0.950	0.050	replaced
books/assets/analytic-geometry/fig-p0329-01.png	平面解析几何	analytic-geometry	329	T	high	对照 raw 第329页，已改 TikZ	图6·7 抛物线 y=1+2x^2；实线段对应第一法 |x|≤1、1≤y≤3，虚线为无限伸展部分	tex/books/平面解析几何.tex:19090	194	260	883	0.971	0.029	replaced
books/assets/analytic-geometry/fig-p0330-01.png	平面解析几何	analytic-geometry	330	T	high	对照 raw 第330页，已改 TikZ	图6·8 直线倾角 α，定点 P1(x1,y1) 与动点 P(x,y)，有向距离 |t|，水平/竖直虚线直角三角形	tex/books/平面解析几何.tex:19159	192	173	859	0.958	0.042	replaced
books/assets/analytic-geometry/fig-p0332-01.png	平面解析几何	analytic-geometry	332	T	high	对照 raw 第332页，已改 TikZ	图6·9(1) 直线 l 过 P(-2,3) 倾角 3π/4，与 l1:3x-y-2=0、l2:x-2y-4=0 交于 A、B	tex/books/平面解析几何.tex:19254	240	227	1271	0.962	0.038	replaced
books/assets/analytic-geometry/fig-p0334-01.png	平面解析几何	analytic-geometry	334	T	high	对照 raw 第334页，已改 TikZ	图6·9(2) 圆 x^2+y^2=4 与直线 l（过 P(-2,3)，斜率 -1）交于 N、M，线上箭头示参数方向	tex/books/平面解析几何.tex:19341	209	194	1058	0.939	0.061	replaced
books/assets/analytic-geometry/fig-p0334-02.png	平面解析几何	analytic-geometry	334	T	high	对照 raw 第334页，已改 TikZ	图6·10 直线 l:3x+4y-70=0 与法线 l'，两圆半径 10 切于 A(10,10)，圆心 C(16,18)、C'(4,2)	tex/books/平面解析几何.tex:19366	290	214	1628	0.946	0.054	replaced
books/assets/analytic-geometry/fig-p0335-01.png	平面解析几何	analytic-geometry	335	T	high	对照 raw 第335页，已改 TikZ	图6·11 抛物线 y^2=2px，焦点 F(p/2,0)，焦点弦 AB 过 F	tex/books/平面解析几何.tex:19421	198	215	978	0.959	0.041	replaced
books/assets/analytic-geometry/fig-p0336-01.png	平面解析几何	analytic-geometry	336	T	high	对照 raw 第336页，已改 TikZ	图6·12 圆心 C、半径 CP，圆心角 θ；虚线 CD、CQ、PM，点 P(x,y)、Q、M、D	tex/books/平面解析几何.tex:19506	251	251	1486	0.953	0.047	replaced
books/assets/analytic-geometry/fig-p0337-01.png	平面解析几何	analytic-geometry	337	T	high	对照 raw 第337页，已改 TikZ	图6·13 圆 (x-2)^2+(y-1)^2=25，直径端点 P(6,4)、Q(-2,-2)，直线 4x+3y+19=0	tex/books/平面解析几何.tex:19580	247	252	1586	0.959	0.041	replaced
books/assets/analytic-geometry/fig-p0339-01.png	平面解析几何	analytic-geometry	339	T	high	对照 raw 第339页，已改 TikZ	图6·14 椭圆与辅助圆半径 a、b，离心角 φ，射线交大圆于 N、小圆于 M，P(x,y)= (a cosφ, b sinφ)，Q 为垂足	tex/books/平面解析几何.tex:19648	284	285	2295	0.929	0.071	replaced
books/assets/analytic-geometry/fig-p0339-02.png	平面解析几何	analytic-geometry	339	T	medium	高留白线稿	图. 6·15	tex/books/平面解析几何.tex:19670	277	201	1638	0.939	0.061	pending
books/assets/analytic-geometry/fig-p0340-01.png	平面解析几何	analytic-geometry	340	T	medium	高留白线稿	图6.16	tex/books/平面解析几何.tex:19737	257	256	1917	0.922	0.078	pending
books/assets/analytic-geometry/fig-p0342-01.png	平面解析几何	analytic-geometry	342	T	medium	高留白线稿	图6·17	tex/books/平面解析几何.tex:19804	198	206	1276	0.956	0.044	pending
books/assets/analytic-geometry/fig-p0343-01.png	平面解析几何	analytic-geometry	343	T	medium	高留白线稿	图示（原PDF第343页）	tex/books/平面解析几何.tex:19952	176	206	1145	0.929	0.071	pending
books/assets/analytic-geometry/fig-p0343-02.png	平面解析几何	analytic-geometry	343	T	medium	高留白线稿	图示（原PDF第343页）	tex/books/平面解析几何.tex:19958	176	206	1145	0.929	0.071	pending
books/assets/analytic-geometry/fig-p0345-01.png	平面解析几何	analytic-geometry	345	T	medium	高留白线稿	图示（原PDF第345页）	tex/books/平面解析几何.tex:20021	259	237	1159	0.969	0.031	pending
books/assets/analytic-geometry/fig-p0345-02.png	平面解析几何	analytic-geometry	345	T	medium	高留白线稿	图6-18	tex/books/平面解析几何.tex:20027	259	283	1672	0.950	0.050	pending
books/assets/analytic-geometry/fig-p0346-01.png	平面解析几何	analytic-geometry	346	T	medium	高留白线稿	图6.19	tex/books/平面解析几何.tex:20074	186	212	1137	0.941	0.059	pending
books/assets/analytic-geometry/fig-p0347-01.png	平面解析几何	analytic-geometry	347	T	medium	高留白线稿	图 8-20(1)	tex/books/平面解析几何.tex:20123	449	250	1849	0.967	0.033	pending
books/assets/analytic-geometry/fig-p0347-02.png	平面解析几何	analytic-geometry	347	T	low	初分待对照 raw 改轨	图 8-20(2)	tex/books/平面解析几何.tex:20163	228	200	1789	0.918	0.082	pending
books/assets/analytic-geometry/fig-p0348-01.png	平面解析几何	analytic-geometry	348	T	medium	高留白线稿	图6.21(1)	tex/books/平面解析几何.tex:20187	378	302	2773	0.958	0.042	pending
books/assets/analytic-geometry/fig-p0348-02.png	平面解析几何	analytic-geometry	348	T	medium	高留白线稿	图 6·21(2)	tex/books/平面解析几何.tex:20205	223	222	1656	0.945	0.055	pending
books/assets/analytic-geometry/fig-p0349-01.png	平面解析几何	analytic-geometry	349	T	medium	高留白线稿	图6.22	tex/books/平面解析几何.tex:20229	259	280	1713	0.956	0.044	pending
books/assets/analytic-geometry/fig-p0350-01.png	平面解析几何	analytic-geometry	350	T	medium	高留白线稿	图6·23	tex/books/平面解析几何.tex:20307	240	231	1406	0.951	0.049	pending
books/assets/analytic-geometry/fig-p0350-02.png	平面解析几何	analytic-geometry	350	T	medium	高留白线稿	图6-24	tex/books/平面解析几何.tex:20315	176	215	1248	0.925	0.075	pending
books/assets/analytic-geometry/fig-p0352-01.png	平面解析几何	analytic-geometry	352	T	low	初分待对照 raw 改轨	(a)	tex/books/平面解析几何.tex:20388	147	162	1170	0.904	0.096	pending
books/assets/analytic-geometry/fig-p0352-02.png	平面解析几何	analytic-geometry	352	T	medium	高留白线稿	(i)	tex/books/平面解析几何.tex:20396	265	190	1547	0.939	0.061	pending
books/assets/analytic-geometry/fig-p0354-01.png	平面解析几何	analytic-geometry	354	T	medium	高留白线稿	(a)	tex/books/平面解析几何.tex:20481	266	262	2575	0.938	0.062	pending
books/assets/analytic-geometry/fig-p0354-02.png	平面解析几何	analytic-geometry	354	T	medium	高留白线稿	(b)	tex/books/平面解析几何.tex:20489	195	235	1286	0.959	0.041	pending
books/assets/analytic-geometry/fig-p0355-01.png	平面解析几何	analytic-geometry	355	T	medium	高留白线稿	(第1题)	tex/books/平面解析几何.tex:20548	256	239	996	0.974	0.026	pending
books/assets/analytic-geometry/fig-p0355-02.png	平面解析几何	analytic-geometry	355	T	medium	高留白线稿	(第2题)	tex/books/平面解析几何.tex:20556	282	240	1064	0.967	0.033	pending
books/assets/analytic-geometry/fig-p0356-01.png	平面解析几何	analytic-geometry	356	T	medium	高留白线稿	(第10题)	tex/books/平面解析几何.tex:20614	204	211	1108	0.941	0.059	pending
books/assets/analytic-geometry/fig-p0356-02.png	平面解析几何	analytic-geometry	356	T	medium	高留白线稿	(第11题)	tex/books/平面解析几何.tex:20622	330	334	2577	0.963	0.037	pending
books/assets/analytic-geometry/fig-p0357-01.png	平面解析几何	analytic-geometry	357	T	medium	高留白线稿	(第12题)	tex/books/平面解析几何.tex:20726	264	230	1431	0.945	0.055	pending
books/assets/analytic-geometry/fig-p0360-01.png	平面解析几何	analytic-geometry	360	T	medium	高留白线稿	(第5题)	tex/books/平面解析几何.tex:20917	237	151	891	0.957	0.043	pending
books/assets/analytic-geometry/fig-p0360-02.png	平面解析几何	analytic-geometry	360	T	medium	高留白线稿	(第10题)	tex/books/平面解析几何.tex:20962	274	245	1949	0.952	0.048	pending
books/assets/analytic-geometry/fig-p0365-01.png	平面解析几何	analytic-geometry	365	T	medium	高留白线稿	(第9题)	tex/books/平面解析几何.tex:21243	167	118	734	0.924	0.076	pending
books/assets/analytic-geometry/fig-p0366-01.png	平面解析几何	analytic-geometry	366	T	medium	高留白线稿	图7·1	tex/books/平面解析几何.tex:21283	178	117	606	0.956	0.044	pending
books/assets/analytic-geometry/fig-p0367-01.png	平面解析几何	analytic-geometry	367	T	low	初分待对照 raw 改轨	图7·2	tex/books/平面解析几何.tex:21309	345	297	5277	0.894	0.106	pending
books/assets/analytic-geometry/fig-p0367-02.png	平面解析几何	analytic-geometry	367	T	medium	高留白线稿	图7-3	tex/books/平面解析几何.tex:21327	174	162	714	0.965	0.035	pending
books/assets/analytic-geometry/fig-p0368-01.png	平面解析几何	analytic-geometry	368	T	low	初分待对照 raw 改轨	图7-4	tex/books/平面解析几何.tex:21349	323	299	5117	0.907	0.093	pending
books/assets/analytic-geometry/fig-p0369-01.png	平面解析几何	analytic-geometry	369	P	medium	疑似网纹或照片	图7·5	tex/books/平面解析几何.tex:21383	303	278	4725	0.878	0.122	pending
books/assets/analytic-geometry/fig-p0370-01.png	平面解析几何	analytic-geometry	370	T	medium	高留白线稿	图7-6	tex/books/平面解析几何.tex:21414	332	293	4671	0.932	0.068	pending
books/assets/analytic-geometry/fig-p0371-01.png	平面解析几何	analytic-geometry	371	T	low	初分待对照 raw 改轨	图7-7	tex/books/平面解析几何.tex:21449	334	301	5151	0.906	0.094	pending
books/assets/analytic-geometry/fig-p0372-01.png	平面解析几何	analytic-geometry	372	T	medium	高留白线稿	(第1题)	tex/books/平面解析几何.tex:21509	325	295	4851	0.920	0.080	pending
books/assets/analytic-geometry/fig-p0373-01.png	平面解析几何	analytic-geometry	373	T	medium	高留白线稿	图7-8	tex/books/平面解析几何.tex:21595	190	185	916	0.948	0.052	pending
books/assets/analytic-geometry/fig-p0383-01.png	平面解析几何	analytic-geometry	383	T	medium	高留白线稿	图7-9	tex/books/平面解析几何.tex:22290	354	299	5008	0.921	0.079	pending
books/assets/analytic-geometry/fig-p0385-01.png	平面解析几何	analytic-geometry	385	T	low	初分待对照 raw 改轨	图7·10	tex/books/平面解析几何.tex:22388	336	319	5892	0.875	0.125	pending
books/assets/analytic-geometry/fig-p0386-01.png	平面解析几何	analytic-geometry	386	T	low	初分待对照 raw 改轨	图7-11	tex/books/平面解析几何.tex:22475	334	323	5680	0.876	0.124	pending
books/assets/analytic-geometry/fig-p0388-01.png	平面解析几何	analytic-geometry	388	T	medium	高留白线稿	图7-12	tex/books/平面解析几何.tex:22584	203	173	739	0.968	0.032	pending
books/assets/analytic-geometry/fig-p0388-02.png	平面解析几何	analytic-geometry	388	T	medium	高留白线稿	图7-13	tex/books/平面解析几何.tex:22592	177	128	857	0.944	0.056	pending
books/assets/analytic-geometry/fig-p0389-01.png	平面解析几何	analytic-geometry	389	T	low	初分待对照 raw 改轨	图7-14	tex/books/平面解析几何.tex:22646	197	157	1257	0.919	0.081	pending
books/assets/analytic-geometry/fig-p0389-02.png	平面解析几何	analytic-geometry	389	T	medium	高留白线稿	图示（原PDF第389页）	tex/books/平面解析几何.tex:22670	312	286	2302	0.958	0.042	pending
books/assets/analytic-geometry/fig-p0389-03.png	平面解析几何	analytic-geometry	389	T	medium	高留白线稿	图示（原PDF第389页）	tex/books/平面解析几何.tex:22676	245	226	1420	0.958	0.042	pending
books/assets/analytic-geometry/fig-p0389-04.png	平面解析几何	analytic-geometry	389	T	medium	高留白线稿	图7-15	tex/books/平面解析几何.tex:22682	241	239	1397	0.955	0.045	pending
books/assets/analytic-geometry/fig-p0391-01.png	平面解析几何	analytic-geometry	391	T	medium	高留白线稿	(第1(4)题)	tex/books/平面解析几何.tex:22819	264	248	2120	0.949	0.051	pending
books/assets/analytic-geometry/fig-p0391-02.png	平面解析几何	analytic-geometry	391	T	medium	高留白线稿	(第1(5)题)	tex/books/平面解析几何.tex:22827	314	248	1720	0.966	0.034	pending
books/assets/analytic-geometry/fig-p0391-03.png	平面解析几何	analytic-geometry	391	T	medium	高留白线稿	(第16题)	tex/books/平面解析几何.tex:22835	271	241	1783	0.960	0.040	pending
books/assets/analytic-geometry/fig-p0391-04.png	平面解析几何	analytic-geometry	391	T	medium	高留白线稿	(第17题)	tex/books/平面解析几何.tex:22843	257	238	1644	0.956	0.044	pending
books/assets/analytic-geometry/fig-p0392-01.png	平面解析几何	analytic-geometry	392	T	medium	高留白线稿	图7·16	tex/books/平面解析几何.tex:22899	292	176	1314	0.946	0.054	pending
books/assets/analytic-geometry/fig-p0394-01.png	平面解析几何	analytic-geometry	394	T	medium	高留白线稿	(a)	tex/books/平面解析几何.tex:22987	244	188	1407	0.955	0.045	pending
books/assets/analytic-geometry/fig-p0394-02.png	平面解析几何	analytic-geometry	394	T	medium	高留白线稿	(b)	tex/books/平面解析几何.tex:22995	205	155	877	0.965	0.035	pending
books/assets/analytic-geometry/fig-p0394-03.png	平面解析几何	analytic-geometry	394	T	medium	高留白线稿	(c)	tex/books/平面解析几何.tex:23003	214	155	1033	0.956	0.044	pending
books/assets/analytic-geometry/fig-p0394-04.png	平面解析几何	analytic-geometry	394	T	medium	高留白线稿	(d)	tex/books/平面解析几何.tex:23011	185	132	787	0.945	0.055	pending
books/assets/analytic-geometry/fig-p0395-01.png	平面解析几何	analytic-geometry	395	T	medium	高留白线稿	图7-18	tex/books/平面解析几何.tex:23079	249	236	996	0.963	0.037	pending
books/assets/analytic-geometry/fig-p0397-01.png	平面解析几何	analytic-geometry	397	T	medium	高留白线稿	图7-19	tex/books/平面解析几何.tex:23178	186	167	873	0.954	0.046	pending
books/assets/analytic-geometry/fig-p0398-01.png	平面解析几何	analytic-geometry	398	T	low	初分待对照 raw 改轨	图 7-20	tex/books/平面解析几何.tex:23268	136	190	1036	0.895	0.105	pending
books/assets/analytic-geometry/fig-p0398-02.png	平面解析几何	analytic-geometry	398	T	medium	高留白线稿	图 7-21	tex/books/平面解析几何.tex:23276	230	146	1029	0.953	0.047	pending
books/assets/analytic-geometry/fig-p0399-01.png	平面解析几何	analytic-geometry	399	T	medium	高留白线稿	图7-22	tex/books/平面解析几何.tex:23333	202	127	853	0.955	0.045	pending
books/assets/analytic-geometry/fig-p0400-01.png	平面解析几何	analytic-geometry	400	T	low	初分待对照 raw 改轨	图7·23	tex/books/平面解析几何.tex:23414	352	348	6201	0.887	0.113	pending
books/assets/analytic-geometry/fig-p0401-01.png	平面解析几何	analytic-geometry	401	T	low	初分待对照 raw 改轨	图7-24	tex/books/平面解析几何.tex:23434	209	126	1040	0.912	0.088	pending
books/assets/analytic-geometry/fig-p0401-02.png	平面解析几何	analytic-geometry	401	T	medium	高留白线稿	图7·25	tex/books/平面解析几何.tex:23468	235	193	1558	0.935	0.065	pending
books/assets/analytic-geometry/fig-p0403-01.png	平面解析几何	analytic-geometry	403	T	low	初分待对照 raw 改轨	(第1题)	tex/books/平面解析几何.tex:23554	215	177	1630	0.918	0.082	pending
books/assets/analytic-geometry/fig-p0403-02.png	平面解析几何	analytic-geometry	403	T	medium	高留白线稿	(第2题)	tex/books/平面解析几何.tex:23562	172	150	1042	0.926	0.074	pending
books/assets/analytic-geometry/fig-p0404-01.png	平面解析几何	analytic-geometry	404	T	medium	高留白线稿	(第3题)	tex/books/平面解析几何.tex:23611	205	137	1123	0.927	0.073	pending
books/assets/analytic-geometry/fig-p0404-02.png	平面解析几何	analytic-geometry	404	T	medium	高留白线稿	(第4题)	tex/books/平面解析几何.tex:23619	179	216	1235	0.948	0.052	pending
books/assets/analytic-geometry/fig-p0407-01.png	平面解析几何	analytic-geometry	407	T	medium	高留白线稿	(第9(2)题)	tex/books/平面解析几何.tex:23811	272	183	879	0.966	0.034	pending
books/assets/analytic-geometry/fig-p0407-02.png	平面解析几何	analytic-geometry	407	T	medium	高留白线稿	(第9(3)题)	tex/books/平面解析几何.tex:23819	288	288	2647	0.938	0.062	pending
books/assets/analytic-geometry/fig-p0407-03.png	平面解析几何	analytic-geometry	407	T	medium	高留白线稿	(第9(4)题)	tex/books/平面解析几何.tex:23827	296	159	1043	0.965	0.035	pending
books/assets/analytic-geometry/fig-p0407-04.png	平面解析几何	analytic-geometry	407	T	medium	高留白线稿	(第9(5)题)	tex/books/平面解析几何.tex:23835	197	218	1050	0.958	0.042	pending
books/assets/analytic-geometry/fig-p0408-01.png	平面解析几何	analytic-geometry	408	T	medium	高留白线稿	(第14题)	tex/books/平面解析几何.tex:23881	235	157	1391	0.936	0.064	pending
books/assets/analytic-geometry/fig-p0409-01.png	平面解析几何	analytic-geometry	409	T	medium	高留白线稿	(第3(1)题)	tex/books/平面解析几何.tex:23931	229	212	1790	0.930	0.070	pending
books/assets/analytic-geometry/fig-p0409-02.png	平面解析几何	analytic-geometry	409	T	medium	高留白线稿	(第7题)	tex/books/平面解析几何.tex:23992	230	169	1019	0.957	0.043	pending
books/assets/analytic-geometry/fig-p0414-01.png	平面解析几何	analytic-geometry	414	T	medium	高留白线稿	(第17(2)题)	tex/books/平面解析几何.tex:24308	222	248	1204	0.957	0.043	pending
books/assets/analytic-geometry/fig-p0414-02.png	平面解析几何	analytic-geometry	414	T	medium	高留白线稿	(第17(3)题)	tex/books/平面解析几何.tex:24316	243	253	1553	0.935	0.065	pending
books/assets/analytic-geometry/fig-p0418-01.png	平面解析几何	analytic-geometry	418	T	medium	高留白线稿	(第41题)	tex/books/平面解析几何.tex:24621	203	199	1221	0.945	0.055	pending
books/assets/analytic-geometry/fig-p0418-02.png	平面解析几何	analytic-geometry	418	T	medium	高留白线稿	(第42题)	tex/books/平面解析几何.tex:24629	184	163	912	0.946	0.054	pending
books/assets/analytic-geometry/fig-p0418-03.png	平面解析几何	analytic-geometry	418	T	medium	高留白线稿	(第44题)	tex/books/平面解析几何.tex:24666	205	131	1071	0.926	0.074	pending
books/assets/analytic-geometry/fig-p0419-01.png	平面解析几何	analytic-geometry	419	T	medium	高留白线稿	(第4题)	tex/books/平面解析几何.tex:24710	191	188	1042	0.940	0.060	pending
books/assets/analytic-geometry/fig-p0419-02.png	平面解析几何	analytic-geometry	419	T	low	初分待对照 raw 改轨	(第5题)	tex/books/平面解析几何.tex:24718	196	196	2192	0.863	0.137	pending
books/assets/analytic-geometry/fig-p0420-01.png	平面解析几何	analytic-geometry	420	T	medium	高留白线稿	(第9题)	tex/books/平面解析几何.tex:24801	245	218	1534	0.959	0.041	pending
books/assets/analytic-geometry/fig-p0420-02.png	平面解析几何	analytic-geometry	420	T	medium	高留白线稿	(第11题)	tex/books/平面解析几何.tex:24838	198	203	1125	0.947	0.053	pending
books/assets/analytic-geometry/fig-p0422-01.png	平面解析几何	analytic-geometry	422	T	medium	高留白线稿	(第18题)	tex/books/平面解析几何.tex:24981	243	216	1281	0.959	0.041	pending
books/assets/analytic-geometry/fig-p0422-02.png	平面解析几何	analytic-geometry	422	T	medium	高留白线稿	(第19题)	tex/books/平面解析几何.tex:24989	181	205	1119	0.945	0.055	pending
books/assets/analytic-geometry/fig-p0424-01.png	平面解析几何	analytic-geometry	424	T	medium	高留白线稿	(第26题)	tex/books/平面解析几何.tex:25174	213	202	1216	0.952	0.048	pending
books/assets/analytic-geometry/fig-p0425-01.png	平面解析几何	analytic-geometry	425	T	medium	高留白线稿	(第30题)	tex/books/平面解析几何.tex:25259	193	140	1046	0.932	0.068	pending
books/assets/analytic-geometry/fig-p0426-01.png	平面解析几何	analytic-geometry	426	T	medium	高留白线稿	(第10题)	tex/books/平面解析几何.tex:25317	193	167	1012	0.933	0.067	pending
books/assets/analytic-geometry/fig-p0427-01.png	平面解析几何	analytic-geometry	427	T	medium	高留白线稿	(第5题)	tex/books/平面解析几何.tex:25388	504	252	3401	0.933	0.067	pending
books/assets/analytic-geometry/fig-p0430-01.png	平面解析几何	analytic-geometry	430	T	medium	高留白线稿	(习题 2.3\textasciitilde2.4 第 1 题)	tex/books/平面解析几何.tex:25726	194	197	816	0.964	0.036	pending
books/assets/analytic-geometry/fig-p0430-02.png	平面解析几何	analytic-geometry	430	T	medium	高留白线稿	(习题 2.3\textasciitilde2.4 第 2 题)	tex/books/平面解析几何.tex:25734	194	196	893	0.959	0.041	pending
books/assets/analytic-geometry/fig-p0431-01.png	平面解析几何	analytic-geometry	431	T	medium	高留白线稿	(习题2·3\textasciitilde2·4第3题)	tex/books/平面解析几何.tex:25742	212	217	1298	0.948	0.052	pending
books/assets/analytic-geometry/fig-p0431-02.png	平面解析几何	analytic-geometry	431	T	medium	高留白线稿	(习题 2·3\textasciitilde2·4 第 4 题)	tex/books/平面解析几何.tex:25750	210	217	970	0.936	0.064	pending
books/assets/analytic-geometry/fig-p0431-03.png	平面解析几何	analytic-geometry	431	T	medium	高留白线稿	(习题 2·3\textasciitilde2·4 第 5 题)	tex/books/平面解析几何.tex:25758	211	220	1223	0.954	0.046	pending
books/assets/analytic-geometry/fig-p0431-04.png	平面解析几何	analytic-geometry	431	T	medium	高留白线稿	(习题 2·3\textasciitilde2·4 第 6 题)	tex/books/平面解析几何.tex:25766	209	199	805	0.945	0.055	pending
books/assets/analytic-geometry/fig-p0431-05.png	平面解析几何	analytic-geometry	431	T	medium	高留白线稿	(习题 2·3\textasciitilde2·4 第 7 题)	tex/books/平面解析几何.tex:25782	186	205	683	0.970	0.030	pending
books/assets/analytic-geometry/fig-p0432-01.png	平面解析几何	analytic-geometry	432	T	medium	高留白线稿	(第3(1)题)	tex/books/平面解析几何.tex:25881	187	204	594	0.965	0.035	pending
books/assets/analytic-geometry/fig-p0432-02.png	平面解析几何	analytic-geometry	432	T	medium	高留白线稿	(第3(2)题)	tex/books/平面解析几何.tex:25889	197	184	913	0.948	0.052	pending
books/assets/analytic-geometry/fig-p0432-03.png	平面解析几何	analytic-geometry	432	T	medium	高留白线稿	(第3(3)题)	tex/books/平面解析几何.tex:25897	228	169	1028	0.952	0.048	pending
books/assets/analytic-geometry/fig-p0432-04.png	平面解析几何	analytic-geometry	432	T	medium	高留白线稿	(第3(4)题)	tex/books/平面解析几何.tex:25905	191	167	863	0.942	0.058	pending
books/assets/analytic-geometry/fig-p0433-01.png	平面解析几何	analytic-geometry	433	T	medium	高留白线稿	(第9(1)题)	tex/books/平面解析几何.tex:25963	211	230	1131	0.959	0.041	pending
books/assets/analytic-geometry/fig-p0433-02.png	平面解析几何	analytic-geometry	433	T	medium	高留白线稿	(第9(3)题)	tex/books/平面解析几何.tex:25971	369	201	1686	0.950	0.050	pending
books/assets/analytic-geometry/fig-p0433-03.png	平面解析几何	analytic-geometry	433	T	medium	高留白线稿	(第9(2)题)	tex/books/平面解析几何.tex:25979	245	325	1533	0.964	0.036	pending
books/assets/analytic-geometry/fig-p0433-04.png	平面解析几何	analytic-geometry	433	T	medium	高留白线稿	(第9(4)题)	tex/books/平面解析几何.tex:25987	195	173	1140	0.936	0.064	pending
books/assets/analytic-geometry/fig-p0434-01.png	平面解析几何	analytic-geometry	434	T	medium	高留白线稿	(第9(1)题)	tex/books/平面解析几何.tex:26025	218	224	918	0.961	0.039	pending
books/assets/analytic-geometry/fig-p0434-02.png	平面解析几何	analytic-geometry	434	T	medium	高留白线稿	(第9(2)题)	tex/books/平面解析几何.tex:26033	201	229	839	0.962	0.038	pending
books/assets/analytic-geometry/fig-p0434-03.png	平面解析几何	analytic-geometry	434	T	medium	高留白线稿	(第9(3)题)	tex/books/平面解析几何.tex:26041	208	202	1175	0.952	0.048	pending
books/assets/analytic-geometry/fig-p0434-04.png	平面解析几何	analytic-geometry	434	T	medium	高留白线稿	(第9(4)题)	tex/books/平面解析几何.tex:26049	179	188	686	0.952	0.048	pending
books/assets/analytic-geometry/fig-p0435-01.png	平面解析几何	analytic-geometry	435	T	medium	高留白线稿	(第4(1)题)	tex/books/平面解析几何.tex:26070	197	201	1094	0.953	0.047	pending
books/assets/analytic-geometry/fig-p0435-02.png	平面解析几何	analytic-geometry	435	T	medium	高留白线稿	(第4(2)题)	tex/books/平面解析几何.tex:26078	198	201	870	0.959	0.041	pending
books/assets/analytic-geometry/fig-p0435-03.png	平面解析几何	analytic-geometry	435	T	medium	高留白线稿	(第4(4)题)	tex/books/平面解析几何.tex:26088	199	194	1097	0.939	0.061	pending
books/assets/analytic-geometry/fig-p0448-01.png	平面解析几何	analytic-geometry	448	T	medium	高留白线稿	(习题6.1\textasciitilde6.5第3题)	tex/books/平面解析几何.tex:27424	268	164	714	0.963	0.037	pending
books/assets/analytic-geometry/fig-p0448-02.png	平面解析几何	analytic-geometry	448	T	medium	高留白线稿	(习题6.1\textasciitilde6.5第4题)	tex/books/平面解析几何.tex:27432	187	176	577	0.970	0.030	pending
books/assets/analytic-geometry/fig-p0451-01.png	平面解析几何	analytic-geometry	451	T	medium	高留白线稿	(习题 7.3\textasciitilde7.4 第1(1)题)	tex/books/平面解析几何.tex:27752	247	205	1071	0.955	0.045	pending
books/assets/analytic-geometry/fig-p0451-02.png	平面解析几何	analytic-geometry	451	T	medium	高留白线稿	(习题 7·3\textasciitilde7·4 第 1(2) 题) (习题 7·3\textasciitilde7·4 第 1(3) 题)	tex/books/平面解析几何.tex:27760	169	201	751	0.963	0.037	pending
books/assets/analytic-geometry/fig-p0451-03.png	平面解析几何	analytic-geometry	451	T	medium	高留白线稿	图示（原PDF第451页）	tex/books/平面解析几何.tex:27770	205	180	1067	0.955	0.045	pending
books/assets/analytic-geometry/fig-p0452-01.png	平面解析几何	analytic-geometry	452	T	medium	高留白线稿	(习题 7·3\textasciitilde7·4 第 3 题)	tex/books/平面解析几何.tex:27785	184	280	1299	0.938	0.062	pending
books/assets/analytic-geometry/fig-p0453-01.png	平面解析几何	analytic-geometry	453	T	medium	高留白线稿	(第9(1)题)	tex/books/平面解析几何.tex:27867	189	171	878	0.946	0.054	pending
books/assets/analytic-geometry/fig-p0454-01.png	平面解析几何	analytic-geometry	454	T	medium	高留白线稿	(第4题)	tex/books/平面解析几何.tex:27995	170	127	696	0.933	0.067	pending
books/assets/analytic-geometry/fig-p0454-02.png	平面解析几何	analytic-geometry	454	T	medium	高留白线稿	(第5(2)题)	tex/books/平面解析几何.tex:28011	187	170	900	0.934	0.066	pending
books/assets/analytic-geometry/fig-p0454-03.png	平面解析几何	analytic-geometry	454	T	medium	高留白线稿	图示（原PDF第454页）	tex/books/平面解析几何.tex:28038	202	169	1225	0.921	0.079	pending
books/assets/analytic-geometry/fig-p0456-01.png	平面解析几何	analytic-geometry	456	T	low	初分待对照 raw 改轨	图示（原PDF第456页）	tex/books/平面解析几何.tex:28278	203	164	1308	0.917	0.083	pending
books/assets/solid-geometry/fig-p0005-01.png	立体几何	solid-geometry	5	V	low	初分待对照 raw 改轨	图1.1	tex/books/立体几何.tex:327	180	112	1173	0.774	0.226	pending
books/assets/solid-geometry/fig-p0006-01.png	立体几何	solid-geometry	6	T	high	对照 raw 第6页线框，已改 TikZ	图1-2	tex/books/立体几何.tex:351	224	145	846	0.941	0.059	replaced
books/assets/solid-geometry/fig-p0006-02.png	立体几何	solid-geometry	6	T	high	对照 raw 第6页线框，已改 TikZ	图1-3	tex/books/立体几何.tex:364	208	85	554	0.930	0.070	replaced
books/assets/solid-geometry/fig-p0007-01.png	立体几何	solid-geometry	7	T	low	初分待对照 raw 改轨	图示（原PDF第7页）	tex/books/立体几何.tex:381	150	109	765	0.907	0.093	pending
books/assets/solid-geometry/fig-p0007-02.png	立体几何	solid-geometry	7	T	high	对照 raw 第7页线框，已改 TikZ	图1-4	tex/books/立体几何.tex:387	147	108	659	0.907	0.093	replaced
books/assets/solid-geometry/fig-p0008-01.png	立体几何	solid-geometry	8	T	high	对照 raw 第8页线框，已改 TikZ	图1-5	tex/books/立体几何.tex:427	307	90	989	0.888	0.112	replaced
books/assets/solid-geometry/fig-p0008-02.png	立体几何	solid-geometry	8	T	high	对照 raw 第8页线框，已改 TikZ	图1-6	tex/books/立体几何.tex:435	201	76	613	0.896	0.104	replaced
books/assets/solid-geometry/fig-p0008-03.png	立体几何	solid-geometry	8	T	high	对照 raw 第8页线框，已改 TikZ	图1-7	tex/books/立体几何.tex:464	389	104	1479	0.890	0.110	replaced
books/assets/solid-geometry/fig-p0009-01.png	立体几何	solid-geometry	9	T	high	对照 raw 第9页线框，已改 TikZ	图1-8	tex/books/立体几何.tex:488	331	156	1327	0.927	0.073	replaced
books/assets/solid-geometry/fig-p0009-02.png	立体几何	solid-geometry	9	T	low	初分待对照 raw 改轨	图示（原PDF第9页）	tex/books/立体几何.tex:516	113	118	543	0.917	0.083	pending
books/assets/solid-geometry/fig-p0009-03.png	立体几何	solid-geometry	9	T	medium	高留白线稿	(第3题)	tex/books/立体几何.tex:522	115	119	547	0.926	0.074	pending
books/assets/solid-geometry/fig-p0012-01.png	立体几何	solid-geometry	12	T	high	对照 raw 第12页线框，已改 TikZ	(1)	tex/books/立体几何.tex:597	94	135	523	0.893	0.107	replaced
books/assets/solid-geometry/fig-p0012-02.png	立体几何	solid-geometry	12	T	low	初分待对照 raw 改轨	(2)	tex/books/立体几何.tex:605	92	132	523	0.907	0.093	pending
books/assets/solid-geometry/fig-p0012-03.png	立体几何	solid-geometry	12	T	high	对照 raw 第12页线框，已改 TikZ	(3)	tex/books/立体几何.tex:613	94	132	482	0.907	0.093	replaced
books/assets/solid-geometry/fig-p0012-04.png	立体几何	solid-geometry	12	T	high	对照 raw 第12页线框，已改 TikZ	图1-10	tex/books/立体几何.tex:623	178	122	873	0.895	0.105	replaced
books/assets/solid-geometry/fig-p0013-01.png	立体几何	solid-geometry	13	T	high	对照 raw 第13页线框，已改 TikZ	图1-11	tex/books/立体几何.tex:661	193	71	579	0.892	0.108	replaced
books/assets/solid-geometry/fig-p0014-01.png	立体几何	solid-geometry	14	T	high	对照 raw 第14页线框，已改 TikZ	图1-12	tex/books/立体几何.tex:695	194	72	701	0.873	0.127	replaced
books/assets/solid-geometry/fig-p0014-02.png	立体几何	solid-geometry	14	T	high	对照 raw 第14页线框，已改 TikZ	图1-13	tex/books/立体几何.tex:726	191	71	537	0.897	0.103	replaced
books/assets/solid-geometry/fig-p0015-01.png	立体几何	solid-geometry	15	T	low	初分待对照 raw 改轨	图1-14	tex/books/立体几何.tex:745	378	131	1734	0.912	0.088	pending
books/assets/solid-geometry/fig-p0016-01.png	立体几何	solid-geometry	16	T	high	对照 raw 第16页线框，已改 TikZ	图1-15	tex/books/立体几何.tex:785	210	88	751	0.891	0.109	replaced
books/assets/solid-geometry/fig-p0017-01.png	立体几何	solid-geometry	17	V	low	初分待对照 raw 改轨	(1)	tex/books/立体几何.tex:817	162	61	553	0.829	0.171	pending
books/assets/solid-geometry/fig-p0017-02.png	立体几何	solid-geometry	17	T	high	对照 raw 第17页线框，已改 TikZ	(2)	tex/books/立体几何.tex:825	157	60	522	0.866	0.134	replaced
books/assets/solid-geometry/fig-p0019-01.png	立体几何	solid-geometry	19	T	low	初分待对照 raw 改轨	图示（原PDF第19页）	tex/books/立体几何.tex:910	143	63	433	0.888	0.112	pending
books/assets/solid-geometry/fig-p0019-02.png	立体几何	solid-geometry	19	T	high	对照 raw 第19页线框，已改 TikZ	图1-17	tex/books/立体几何.tex:916	113	58	245	0.918	0.082	replaced
books/assets/solid-geometry/fig-p0019-03.png	立体几何	solid-geometry	19	T	medium	高留白线稿	图示（原PDF第19页）	tex/books/立体几何.tex:928	175	86	578	0.922	0.078	pending
books/assets/solid-geometry/fig-p0019-04.png	立体几何	solid-geometry	19	P	medium	疑似网纹或照片	图1-18	tex/books/立体几何.tex:934	138	116	1075	0.855	0.145	pending
books/assets/solid-geometry/fig-p0019-05.png	立体几何	solid-geometry	19	T	low	初分待对照 raw 改轨	图1-19	tex/books/立体几何.tex:959	193	75	710	0.886	0.114	pending
books/assets/solid-geometry/fig-p0019-06.png	立体几何	solid-geometry	19	T	low	初分待对照 raw 改轨	图示（原PDF第19页）	tex/books/立体几何.tex:974	122	85	531	0.904	0.096	pending
books/assets/solid-geometry/fig-p0020-01.png	立体几何	solid-geometry	20	T	high	对照 raw 第20页线框，已改 TikZ	图1-20	tex/books/立体几何.tex:991	193	176	1315	0.893	0.107	replaced
books/assets/solid-geometry/fig-p0020-02.png	立体几何	solid-geometry	20	T	high	对照 raw 第20页线框，已改 TikZ	(第3题)	tex/books/立体几何.tex:1023	170	106	846	0.908	0.092	replaced
books/assets/solid-geometry/fig-p0021-01.png	立体几何	solid-geometry	21	T	high	对照 raw 第21页线框，已改 TikZ	图 1-21	tex/books/立体几何.tex:1055	182	146	1022	0.893	0.107	replaced
books/assets/solid-geometry/fig-p0022-01.png	立体几何	solid-geometry	22	T	high	对照 raw 第22页线框，已改 TikZ	图1.22	tex/books/立体几何.tex:1081	534	118	1902	0.932	0.068	replaced
books/assets/solid-geometry/fig-p0022-02.png	立体几何	solid-geometry	22	T	high	对照 raw 第22页线框，已改 TikZ	图1-24	tex/books/立体几何.tex:1108	150	151	899	0.937	0.063	replaced
books/assets/solid-geometry/fig-p0023-01.png	立体几何	solid-geometry	23	T	high	对照 raw 第23页线框，已改 TikZ	图1-25	tex/books/立体几何.tex:1138	194	191	1266	0.931	0.069	replaced
books/assets/solid-geometry/fig-p0024-01.png	立体几何	solid-geometry	24	T	high	对照 raw 线框，已改 TikZ	(第4题)	tex/books/立体几何.tex:1184	110	130	833	0.863	0.137	replaced
books/assets/solid-geometry/fig-p0024-02.png	立体几何	solid-geometry	24	T	high	对照 raw 线框，已改 TikZ	(第7题)	tex/books/立体几何.tex:1192	145	145	876	0.889	0.111	replaced
books/assets/solid-geometry/fig-p0025-01.png	立体几何	solid-geometry	25	T	high	对照 raw 线框，已改 TikZ	图 1·26	tex/books/立体几何.tex:1235	189	123	588	0.954	0.046	replaced
books/assets/solid-geometry/fig-p0025-02.png	立体几何	solid-geometry	25	T	medium	高留白线稿	图示（原PDF第25页）	tex/books/立体几何.tex:1247	154	99	518	0.938	0.062	pending
books/assets/solid-geometry/fig-p0025-03.png	立体几何	solid-geometry	25	T	high	对照 raw 线框，已改 TikZ	图1-27	tex/books/立体几何.tex:1253	155	85	478	0.939	0.061	replaced
books/assets/solid-geometry/fig-p0025-04.png	立体几何	solid-geometry	25	T	high	对照 raw 线框，已改 TikZ	(1)	tex/books/立体几何.tex:1261	157	83	436	0.931	0.069	replaced
books/assets/solid-geometry/fig-p0025-05.png	立体几何	solid-geometry	25	T	high	对照 raw 线框，已改 TikZ	(2)	tex/books/立体几何.tex:1269	161	58	410	0.899	0.101	replaced
books/assets/solid-geometry/fig-p0026-01.png	立体几何	solid-geometry	26	V	low	初分待对照 raw 改轨	图1.29	tex/books/立体几何.tex:1288	186	144	1410	0.841	0.159	pending
books/assets/solid-geometry/fig-p0026-02.png	立体几何	solid-geometry	26	T	high	对照 raw 线框，已改 TikZ	图1-30	tex/books/立体几何.tex:1307	185	91	700	0.886	0.114	replaced
books/assets/solid-geometry/fig-p0027-01.png	立体几何	solid-geometry	27	T	high	对照 raw 线框，已改 TikZ	图1-31	tex/books/立体几何.tex:1341	189	155	1059	0.913	0.087	replaced
books/assets/solid-geometry/fig-p0027-02.png	立体几何	solid-geometry	27	T	high	对照 raw 线框，已改 TikZ	(第6题)	tex/books/立体几何.tex:1380	142	124	907	0.884	0.116	replaced
books/assets/solid-geometry/fig-p0028-01.png	立体几何	solid-geometry	28	T	high	对照 raw 线框，已改 TikZ	图1-32	tex/books/立体几何.tex:1408	186	90	609	0.897	0.103	replaced
books/assets/solid-geometry/fig-p0028-02.png	立体几何	solid-geometry	28	T	high	对照 raw 线框，已改 TikZ	图1·33	tex/books/立体几何.tex:1435	188	125	798	0.929	0.071	replaced
books/assets/solid-geometry/fig-p0029-01.png	立体几何	solid-geometry	29	T	medium	高留白线稿	图示（原PDF第29页）	tex/books/立体几何.tex:1454	437	152	2179	0.938	0.062	pending
books/assets/solid-geometry/fig-p0029-02.png	立体几何	solid-geometry	29	T	high	对照 raw 线框，已改 TikZ	图示（原PDF第29页）	tex/books/立体几何.tex:1460	152	148	977	0.923	0.077	replaced
books/assets/solid-geometry/fig-p0029-03.png	立体几何	solid-geometry	29	T	high	对照 raw 线框，已改 TikZ	图示（原PDF第29页）	tex/books/立体几何.tex:1466	145	145	813	0.937	0.063	replaced
books/assets/solid-geometry/fig-p0029-04.png	立体几何	solid-geometry	29	T	high	对照 raw 线框，已改 TikZ	图1-34	tex/books/立体几何.tex:1472	142	154	735	0.951	0.049	replaced
books/assets/solid-geometry/fig-p0029-05.png	立体几何	solid-geometry	29	T	high	对照 raw 第29页，已改 TikZ	图1·35	tex/books/立体几何.tex:1491	132	122	574	0.936	0.064	replaced
books/assets/solid-geometry/fig-p0030-01.png	立体几何	solid-geometry	30	T	high	对照 raw 第30页，已改 TikZ	图1-36	tex/books/立体几何.tex:1524	191	147	1062	0.911	0.089	replaced
books/assets/solid-geometry/fig-p0031-01.png	立体几何	solid-geometry	31	T	high	对照 raw 第31页，已改 TikZ	图1·37	tex/books/立体几何.tex:1550	171	109	686	0.934	0.066	replaced
books/assets/solid-geometry/fig-p0031-02.png	立体几何	solid-geometry	31	T	high	对照 raw 第31页，已改 TikZ	图1·38	tex/books/立体几何.tex:1558	262	128	1144	0.917	0.083	replaced
books/assets/solid-geometry/fig-p0031-03.png	立体几何	solid-geometry	31	T	high	对照 raw 第31页，已改 TikZ	图1-39	tex/books/立体几何.tex:1607	210	137	1343	0.871	0.129	replaced
books/assets/solid-geometry/fig-p0032-02.png	立体几何	solid-geometry	32	T	high	对照 raw 第32页，已改 TikZ	(第6题)	tex/books/立体几何.tex:1655	169	138	840	0.915	0.085	replaced
books/assets/solid-geometry/fig-p0032-03.png	立体几何	solid-geometry	32	T	high	对照 raw 第32页，已改 TikZ	(第7题)	tex/books/立体几何.tex:1663	230	130	1050	0.944	0.056	replaced
books/assets/solid-geometry/fig-p0033-01.png	立体几何	solid-geometry	33	T	high	对照 raw 第33页，已改 TikZ	(1)	tex/books/立体几何.tex:1696	99	113	577	0.914	0.086	replaced
books/assets/solid-geometry/fig-p0033-02.png	立体几何	solid-geometry	33	T	high	对照 raw 第33页，已改 TikZ	(2)	tex/books/立体几何.tex:1704	97	111	555	0.905	0.095	replaced
books/assets/solid-geometry/fig-p0033-03.png	立体几何	solid-geometry	33	T	high	对照 raw 第33页，已改 TikZ	(3)	tex/books/立体几何.tex:1712	95	111	544	0.891	0.109	replaced
books/assets/solid-geometry/fig-p0033-04.png	立体几何	solid-geometry	33	T	high	对照 raw 第33页，已改 TikZ	(4)	tex/books/立体几何.tex:1720	97	111	511	0.905	0.095	replaced
books/assets/solid-geometry/fig-p0033-05.png	立体几何	solid-geometry	33	T	medium	高留白线稿	图示（原PDF第33页）	tex/books/立体几何.tex:1755	206	90	697	0.941	0.059	pending
books/assets/solid-geometry/fig-p0034-01.png	立体几何	solid-geometry	34	T	high	对照 raw 第34页，已改 TikZ	(1)	tex/books/立体几何.tex:1775	127	122	662	0.918	0.082	replaced
books/assets/solid-geometry/fig-p0034-02.png	立体几何	solid-geometry	34	T	high	对照 raw 第34页，已改 TikZ	(2)	tex/books/立体几何.tex:1783	128	117	705	0.907	0.093	replaced
books/assets/solid-geometry/fig-p0034-03.png	立体几何	solid-geometry	34	T	high	对照 raw 第34页，已改 TikZ	(3)	tex/books/立体几何.tex:1791	125	110	586	0.910	0.090	replaced
books/assets/solid-geometry/fig-p0034-04.png	立体几何	solid-geometry	34	T	high	对照 raw 第34页，已改 TikZ	图1-40	tex/books/立体几何.tex:1819	157	218	827	0.951	0.049	replaced
books/assets/solid-geometry/fig-p0034-05.png	立体几何	solid-geometry	34	T	high	对照 raw 第34页，已改 TikZ	图 1-41	tex/books/立体几何.tex:1829	161	161	1170	0.900	0.100	replaced
books/assets/solid-geometry/fig-p0035-01.png	立体几何	solid-geometry	35	T	high	对照 raw 第35页，已改 TikZ	图1.42	tex/books/立体几何.tex:1886	172	128	642	0.927	0.073	replaced
books/assets/solid-geometry/fig-p0036-01.png	立体几何	solid-geometry	36	T	high	对照 raw 第36页，已改 TikZ	图1·43	tex/books/立体几何.tex:1921	186	136	993	0.893	0.107	replaced
books/assets/solid-geometry/fig-p0037-01.png	立体几何	solid-geometry	37	T	high	对照 raw 第37页，已改 TikZ	图 1-44	tex/books/立体几何.tex:1967	189	121	713	0.928	0.072	replaced
books/assets/solid-geometry/fig-p0037-02.png	立体几何	solid-geometry	37	T	high	对照 raw 第37页，已改 TikZ	图1-45	tex/books/立体几何.tex:1995	165	93	639	0.931	0.069	replaced
books/assets/solid-geometry/fig-p0038-01.png	立体几何	solid-geometry	38	T	high	对照 raw 第38页，已改 TikZ	(1)	tex/books/立体几何.tex:2018	161	114	619	0.933	0.067	replaced
books/assets/solid-geometry/fig-p0038-02.png	立体几何	solid-geometry	38	T	high	对照 raw 第38页，已改 TikZ	(2)	tex/books/立体几何.tex:2026	160	114	664	0.923	0.077	replaced
books/assets/solid-geometry/fig-p0038-03.png	立体几何	solid-geometry	38	T	high	对照 raw 第38页，已改 TikZ	图1-47	tex/books/立体几何.tex:2042	116	195	683	0.947	0.053	replaced
books/assets/solid-geometry/fig-p0038-04.png	立体几何	solid-geometry	38	T	high	对照 raw 第38页，已改 TikZ	图1-48	tex/books/立体几何.tex:2050	129	200	891	0.940	0.060	replaced
books/assets/solid-geometry/fig-p0039-01.png	立体几何	solid-geometry	39	T	high	对照 raw 第39页，已改 TikZ	图1-49	tex/books/立体几何.tex:2096	168	99	631	0.902	0.098	replaced
books/assets/solid-geometry/fig-p0040-01.png	立体几何	solid-geometry	40	T	high	对照 raw 第40页，已改 TikZ	图1-50	tex/books/立体几何.tex:2135	185	130	893	0.923	0.077	replaced
books/assets/solid-geometry/fig-p0041-01.png	立体几何	solid-geometry	41	T	high	对照 raw 第41页，已改 TikZ	图1·51	tex/books/立体几何.tex:2192	133	179	902	0.940	0.060	replaced
books/assets/solid-geometry/fig-p0041-02.png	立体几何	solid-geometry	41	T	high	对照 raw 第41页，已改 TikZ	(第3题)	tex/books/立体几何.tex:2232	167	125	899	0.911	0.089	replaced
books/assets/solid-geometry/fig-p0042-01.png	立体几何	solid-geometry	42	P	high	对照 raw 第42页，已改 TikZ	(第5题)	tex/books/立体几何.tex:2257	153	117	881	0.875	0.125	replaced
books/assets/solid-geometry/fig-p0042-02.png	立体几何	solid-geometry	42	T	high	对照 raw 第42页，已改 TikZ	(第6题)	tex/books/立体几何.tex:2265	135	101	568	0.917	0.083	replaced
books/assets/solid-geometry/fig-p0042-03.png	立体几何	solid-geometry	42	T	high	对照 raw 第42页，已改 TikZ	图1-52	tex/books/立体几何.tex:2309	149	108	527	0.927	0.073	replaced
books/assets/solid-geometry/fig-p0043-01.png	立体几何	solid-geometry	43	T	high	对照 raw 第43页，已改 TikZ	图 1·53	tex/books/立体几何.tex:2339	153	117	767	0.905	0.095	replaced
books/assets/solid-geometry/fig-p0043-02.png	立体几何	solid-geometry	43	T	high	对照 raw 第43页，已改 TikZ	(1)	tex/books/立体几何.tex:2365	172	189	828	0.947	0.053	replaced
books/assets/solid-geometry/fig-p0043-03.png	立体几何	solid-geometry	43	T	high	对照 raw 第43页，已改 TikZ	(2)	tex/books/立体几何.tex:2373	160	178	820	0.935	0.065	replaced
books/assets/solid-geometry/fig-p0045-01.png	立体几何	solid-geometry	45	T	high	对照 raw 第45页，已改 TikZ	图1-55	tex/books/立体几何.tex:2478	161	111	814	0.882	0.118	replaced
books/assets/solid-geometry/fig-p0046-01.png	立体几何	solid-geometry	46	T	high	对照 raw 第46页，已改 TikZ	图1-55	tex/books/立体几何.tex:2536	165	93	722	0.880	0.120	replaced
books/assets/solid-geometry/fig-p0047-01.png	立体几何	solid-geometry	47	T	high	对照 raw 第47页，已改 TikZ	图1-57	tex/books/立体几何.tex:2576	148	90	559	0.891	0.109	replaced
books/assets/solid-geometry/fig-p0048-01.png	立体几何	solid-geometry	48	T	high	对照 raw 第48页，已改 TikZ	图1·58	tex/books/立体几何.tex:2634	185	129	795	0.915	0.085	replaced
books/assets/solid-geometry/fig-p0049-01.png	立体几何	solid-geometry	49	T	high	对照 PNG 图1-59（raw 缺页），已改 TikZ	图1-59	tex/books/立体几何.tex:4542	410	308	71658	0.840	0.049	replaced
books/assets/solid-geometry/fig-p0049-02.png	立体几何	solid-geometry	49	T	high	对照 PNG 图1-60（raw 缺页），已改 TikZ	图1-60	tex/books/立体几何.tex:4603	528	312	89185	0.857	0.031	replaced
books/assets/solid-geometry/fig-p0050-01.png	立体几何	solid-geometry	50	T	high	对照 PNG 习题1·15第6题（raw 缺页），已改 TikZ	习题1·15第6题	tex/books/立体几何.tex:4726	450	225	54055	0.832	0.057	replaced
books/assets/solid-geometry/fig-p0051-01.png	立体几何	solid-geometry	51	T	high	对照 raw 第51页，已改 TikZ	图1-61	tex/books/立体几何.tex:2863	181	94	656	0.909	0.091	replaced
books/assets/solid-geometry/fig-p0051-02.png	立体几何	solid-geometry	51	T	high	对照 raw 第51页，已改 TikZ	图1·62	tex/books/立体几何.tex:2888	370	84	1223	0.880	0.120	replaced
books/assets/solid-geometry/fig-p0052-01.png	立体几何	solid-geometry	52	T	high	对照 raw 第52页，已改 TikZ	图1-63	tex/books/立体几何.tex:2898	187	122	904	0.903	0.097	replaced
books/assets/solid-geometry/fig-p0052-02.png	立体几何	solid-geometry	52	T	high	对照 raw 第52页，已改 TikZ	图1-64	tex/books/立体几何.tex:2924	181	131	851	0.914	0.086	replaced
books/assets/solid-geometry/fig-p0053-01.png	立体几何	solid-geometry	53	T	high	对照 raw 第53页，已改 TikZ	图1-55	tex/books/立体几何.tex:2973	187	129	1089	0.892	0.108	replaced
books/assets/solid-geometry/fig-p0054-01.png	立体几何	solid-geometry	54	T	high	对照 raw 第54页，已改 TikZ	图1-66	tex/books/立体几何.tex:3073	181	122	793	0.924	0.076	replaced
books/assets/solid-geometry/fig-p0055-01.png	立体几何	solid-geometry	55	T	high	对照 PNG 图1-67（raw 缺页），已改 TikZ	图1-67	tex/books/立体几何.tex:5288	501	380	102305	0.866	0.043	replaced
books/assets/solid-geometry/fig-p0055-02.png	立体几何	solid-geometry	55	T	high	对照 PNG 习题1·16第2题（raw 缺页），已改 TikZ	习题1·16第2题	tex/books/立体几何.tex:5357	430	270	64633	0.833	0.052	replaced
books/assets/solid-geometry/fig-p0055-03.png	立体几何	solid-geometry	55	T	high	对照 PNG 习题1·16第3题（raw 缺页），已改 TikZ	习题1·16第3题	tex/books/立体几何.tex:5407	510	381	109561	0.851	0.041	replaced
books/assets/solid-geometry/fig-p0055-04.png	立体几何	solid-geometry	55	T	high	对照 PNG 习题1·16第4题（raw 缺页），已改 TikZ	习题1·16第4题	tex/books/立体几何.tex:5455	472	376	98749	0.841	0.054	replaced
books/assets/solid-geometry/fig-p0055-05.png	立体几何	solid-geometry	55	T	high	对照 PNG 习题1·16第5题（raw 缺页），已改 TikZ	习题1·16第5题	tex/books/立体几何.tex:5508	510	350	100827	0.837	0.050	replaced
books/assets/solid-geometry/fig-p0056-01.png	立体几何	solid-geometry	56	T	high	对照 PNG 习题1·16第6题（raw 缺页），已改 TikZ	习题1·16第6题	tex/books/立体几何.tex:5557	430	290	66459	0.850	0.040	replaced
books/assets/solid-geometry/fig-p0056-02.png	立体几何	solid-geometry	56	T	high	对照 PNG 习题1·16第7题（raw 缺页），已改 TikZ	习题1·16第7题	tex/books/立体几何.tex:5605	545	441	125788	0.883	0.034	replaced
books/assets/solid-geometry/fig-p0056-03.png	立体几何	solid-geometry	56	T	high	对照 PNG 习题1·16第8题（raw 缺页），已改 TikZ	习题1·16第8题	tex/books/立体几何.tex:5652	470	350	90155	0.840	0.064	replaced
books/assets/solid-geometry/fig-p0058-01.png	立体几何	solid-geometry	58	T	medium	高留白线稿	图示（原PDF第58页）	tex/books/立体几何.tex:3295	158	129	648	0.948	0.052	pending
books/assets/solid-geometry/fig-p0058-02.png	立体几何	solid-geometry	58	T	high	对照 raw 第58页，已改 TikZ	图1-68	tex/books/立体几何.tex:3301	160	129	668	0.946	0.054	replaced
books/assets/solid-geometry/fig-p0058-03.png	立体几何	solid-geometry	58	T	high	对照 raw 第58页，已改 TikZ	图1-69	tex/books/立体几何.tex:3334	210	124	1057	0.918	0.082	replaced
books/assets/solid-geometry/fig-p0059-01.png	立体几何	solid-geometry	59	T	high	对照 raw 第59页，已改 TikZ	图1-70	tex/books/立体几何.tex:3351	172	153	875	0.946	0.054	replaced
books/assets/solid-geometry/fig-p0059-02.png	立体几何	solid-geometry	59	T	high	对照 raw 第59页，已改 TikZ	图1-71	tex/books/立体几何.tex:3383	205	137	1366	0.903	0.097	replaced
books/assets/solid-geometry/fig-p0060-01.png	立体几何	solid-geometry	60	T	high	对照 raw 第60页，已改 TikZ	图1-72	tex/books/立体几何.tex:3422	190	179	1674	0.870	0.130	replaced
books/assets/solid-geometry/fig-p0061-01.png	立体几何	solid-geometry	61	T	high	对照 raw 第61页，已改 TikZ	图 1·73	tex/books/立体几何.tex:3458	179	188	1460	0.893	0.107	replaced
books/assets/solid-geometry/fig-p0062-01.png	立体几何	solid-geometry	62	T	high	对照 raw 第62页，已改 TikZ	(第5题)	tex/books/立体几何.tex:3518	151	148	1004	0.898	0.102	replaced
books/assets/solid-geometry/fig-p0062-02.png	立体几何	solid-geometry	62	T	high	对照 raw 第62页，已改 TikZ	图 1-74	tex/books/立体几何.tex:3556	150	161	984	0.915	0.085	replaced
books/assets/solid-geometry/fig-p0062-03.png	立体几何	solid-geometry	62	T	high	对照 raw 第62页，已改 TikZ	图 1·75	tex/books/立体几何.tex:3572	175	141	1225	0.851	0.149	replaced
books/assets/solid-geometry/fig-p0063-01.png	立体几何	solid-geometry	63	T	high	对照 raw 第63页，已改 TikZ	图1-76	tex/books/立体几何.tex:3597	138	97	598	0.913	0.087	replaced
books/assets/solid-geometry/fig-p0063-02.png	立体几何	solid-geometry	63	T	high	对照 raw 第63页，已改 TikZ	图 1.77	tex/books/立体几何.tex:3610	147	114	769	0.919	0.081	replaced
books/assets/solid-geometry/fig-p0064-01.png	立体几何	solid-geometry	64	T	high	对照 raw 第64页，已改 TikZ	图 1·78	tex/books/立体几何.tex:3633	133	124	773	0.885	0.115	replaced
books/assets/solid-geometry/fig-p0064-02.png	立体几何	solid-geometry	64	T	high	对照 raw 第64页，已改 TikZ	图1-79	tex/books/立体几何.tex:3678	153	144	808	0.915	0.085	replaced
books/assets/solid-geometry/fig-p0065-01.png	立体几何	solid-geometry	65	T	high	对照 raw 第65页，已改 TikZ	图1-80	tex/books/立体几何.tex:3705	142	173	1076	0.902	0.098	replaced
books/assets/solid-geometry/fig-p0065-02.png	立体几何	solid-geometry	65	T	high	对照 raw 第65页，已改 TikZ	图 1·81(1)	tex/books/立体几何.tex:3728	136	133	710	0.889	0.111	replaced
books/assets/solid-geometry/fig-p0066-01.png	立体几何	solid-geometry	66	V	high	对照 raw 第66页，已改 TikZ	图 1·81(2)	tex/books/立体几何.tex:3762	168	155	1472	0.819	0.181	replaced
books/assets/solid-geometry/fig-p0066-02.png	立体几何	solid-geometry	66	T	high	对照 raw 第66页，已改 TikZ	图 1·81(3)	tex/books/立体几何.tex:3781	157	183	995	0.920	0.080	replaced
books/assets/solid-geometry/fig-p0066-03.png	立体几何	solid-geometry	66	T	high	对照 raw 第66页，已改 TikZ	图1-82	tex/books/立体几何.tex:3807	174	129	1067	0.888	0.112	replaced
books/assets/solid-geometry/fig-p0067-01.png	立体几何	solid-geometry	67	T	high	对照 raw 第67页，已改 TikZ	(1)	tex/books/立体几何.tex:3875	162	113	910	0.907	0.093	replaced
books/assets/solid-geometry/fig-p0067-02.png	立体几何	solid-geometry	67	T	high	对照 raw 第67页，已改 TikZ	(2)	tex/books/立体几何.tex:3883	138	128	907	0.898	0.102	replaced
books/assets/solid-geometry/fig-p0067-03.png	立体几何	solid-geometry	67	T	high	对照 raw 第67页，已改 TikZ	(第5题)	tex/books/立体几何.tex:3891	164	167	1304	0.919	0.081	replaced
books/assets/solid-geometry/fig-p0068-01.png	立体几何	solid-geometry	68	V	high	对照 raw 第68页，已改 TikZ	(第6题)	tex/books/立体几何.tex:3920	154	108	959	0.821	0.179	replaced
books/assets/solid-geometry/fig-p0068-02.png	立体几何	solid-geometry	68	T	high	对照 raw 第68页，已改 TikZ	(第9题)	tex/books/立体几何.tex:3944	156	116	867	0.878	0.122	replaced
books/assets/solid-geometry/fig-p0068-03.png	立体几何	solid-geometry	68	T	high	对照 raw 第68页，已改 TikZ	(第10题)	tex/books/立体几何.tex:3952	141	117	850	0.866	0.134	replaced
books/assets/solid-geometry/fig-p0068-04.png	立体几何	solid-geometry	68	T	high	对照 raw 第68页，已改 TikZ	(第11题)	tex/books/立体几何.tex:3984	156	119	896	0.877	0.123	replaced
books/assets/solid-geometry/fig-p0069-01.png	立体几何	solid-geometry	69	T	high	对照 raw 第69页，已改 TikZ	(第12题)	tex/books/立体几何.tex:4035	154	106	848	0.877	0.123	replaced
books/assets/solid-geometry/fig-p0069-02.png	立体几何	solid-geometry	69	T	high	对照 raw 第69页，已改 TikZ	(第13题)	tex/books/立体几何.tex:4043	138	159	956	0.871	0.129	replaced
books/assets/solid-geometry/fig-p0070-01.png	立体几何	solid-geometry	70	P	medium	疑似网纹或照片	(1)	tex/books/立体几何.tex:4074	112	154	1053	0.686	0.314	pending
books/assets/solid-geometry/fig-p0070-02.png	立体几何	solid-geometry	70	T	high	对照 raw 第70页，已改 TikZ	(2)	tex/books/立体几何.tex:4082	115	113	631	0.936	0.064	replaced
books/assets/solid-geometry/fig-p0070-03.png	立体几何	solid-geometry	70	T	high	对照 raw 第70页，已改 TikZ	(3)	tex/books/立体几何.tex:4090	105	119	535	0.929	0.071	replaced
books/assets/solid-geometry/fig-p0070-04.png	立体几何	solid-geometry	70	T	high	对照 raw 第70页，已改 TikZ	(4)	tex/books/立体几何.tex:4098	93	137	686	0.878	0.122	replaced
books/assets/solid-geometry/fig-p0070-05.png	立体几何	solid-geometry	70	T	high	对照 raw 第70页，已改 TikZ	(5)	tex/books/立体几何.tex:4106	89	137	609	0.914	0.086	replaced
books/assets/solid-geometry/fig-p0071-01.png	立体几何	solid-geometry	71	T	high	对照 raw 第71页，已改 TikZ	图1-84	tex/books/立体几何.tex:4139	131	166	1135	0.896	0.104	replaced
books/assets/solid-geometry/fig-p0072-01.png	立体几何	solid-geometry	72	T	high	对照 raw 第72页，已改 TikZ	图 1·85	tex/books/立体几何.tex:4155	133	161	857	0.930	0.070	replaced
books/assets/solid-geometry/fig-p0073-01.png	立体几何	solid-geometry	73	T	high	对照 raw 第73页，已改 TikZ	图 1·86	tex/books/立体几何.tex:4197	177	114	1024	0.859	0.141	replaced
books/assets/solid-geometry/fig-p0073-02.png	立体几何	solid-geometry	73	T	high	对照 raw 第73页，已改 TikZ	图1-87	tex/books/立体几何.tex:4237	183	86	749	0.888	0.112	replaced
books/assets/solid-geometry/fig-p0074-01.png	立体几何	solid-geometry	74	T	high	对照 raw 第74页，已改 TikZ	图1-88	tex/books/立体几何.tex:4296	117	160	1028	0.863	0.137	replaced
books/assets/solid-geometry/fig-p0075-01.png	立体几何	solid-geometry	75	T	high	对照 raw 第75页，已改 TikZ	(第5题)	tex/books/立体几何.tex:4355	104	121	761	0.889	0.111	replaced
books/assets/solid-geometry/fig-p0075-02.png	立体几何	solid-geometry	75	T	high	对照 raw 第75页，已改 TikZ	(第6题)	tex/books/立体几何.tex:4363	140	106	722	0.901	0.099	replaced
books/assets/solid-geometry/fig-p0076-01.png	立体几何	solid-geometry	76	T	high	对照 raw 第76页，已改 TikZ	(第7题)	tex/books/立体几何.tex:4394	205	104	918	0.904	0.096	replaced
books/assets/solid-geometry/fig-p0076-02.png	立体几何	solid-geometry	76	T	high	对照 raw 第76页，已改 TikZ	(第8题)	tex/books/立体几何.tex:4415	184	89	897	0.887	0.113	replaced
books/assets/solid-geometry/fig-p0076-03.png	立体几何	solid-geometry	76	T	high	对照 raw 第76页，已改 TikZ	(第9题)	tex/books/立体几何.tex:4423	164	91	766	0.882	0.118	replaced
books/assets/solid-geometry/fig-p0077-01.png	立体几何	solid-geometry	77	T	medium	高留白线稿	图示（原PDF第77页）	tex/books/立体几何.tex:4452	425	147	2095	0.921	0.079	pending
books/assets/solid-geometry/fig-p0077-02.png	立体几何	solid-geometry	77	T	low	初分待对照 raw 改轨	图示（原PDF第77页）	tex/books/立体几何.tex:4458	130	85	562	0.890	0.110	pending
books/assets/solid-geometry/fig-p0077-03.png	立体几何	solid-geometry	77	T	low	初分待对照 raw 改轨	图示（原PDF第77页）	tex/books/立体几何.tex:4464	137	100	692	0.894	0.106	pending
books/assets/solid-geometry/fig-p0077-04.png	立体几何	solid-geometry	77	T	high	对照 raw 第77页，已改 TikZ	图1-89	tex/books/立体几何.tex:4470	176	118	981	0.899	0.101	replaced
books/assets/solid-geometry/fig-p0077-05.png	立体几何	solid-geometry	77	T	low	初分待对照 raw 改轨	图1-90	tex/books/立体几何.tex:4508	185	110	1023	0.870	0.130	pending
books/assets/solid-geometry/fig-p0078-01.png	立体几何	solid-geometry	78	T	high	对照 raw 第78页，已改 TikZ	图1-91	tex/books/立体几何.tex:4520	170	106	846	0.896	0.104	replaced
books/assets/solid-geometry/fig-p0078-02.png	立体几何	solid-geometry	78	T	low	初分待对照 raw 改轨	图1-82	tex/books/立体几何.tex:4539	113	88	580	0.881	0.119	pending
books/assets/solid-geometry/fig-p0079-01.png	立体几何	solid-geometry	79	T	high	对照 raw 第79页，已改 TikZ	图1·93	tex/books/立体几何.tex:4586	159	115	819	0.881	0.119	replaced
books/assets/solid-geometry/fig-p0080-01.png	立体几何	solid-geometry	80	T	high	对照 raw 第80页，已改 TikZ	(第5题)	tex/books/立体几何.tex:4634	125	125	834	0.902	0.098	replaced
books/assets/solid-geometry/fig-p0080-02.png	立体几何	solid-geometry	80	T	high	对照 raw 第80页，已改 TikZ	(第6题)	tex/books/立体几何.tex:4642	119	98	584	0.901	0.099	replaced
books/assets/solid-geometry/fig-p0080-03.png	立体几何	solid-geometry	80	V	low	初分待对照 raw 改轨	图1-94	tex/books/立体几何.tex:4694	184	110	998	0.835	0.165	pending
books/assets/solid-geometry/fig-p0081-01.png	立体几何	solid-geometry	81	T	high	对照 raw 第81页，已改 TikZ	(1)	tex/books/立体几何.tex:4715	161	92	728	0.903	0.097	replaced
books/assets/solid-geometry/fig-p0081-02.png	立体几何	solid-geometry	81	T	high	对照 raw 第81页，已改 TikZ	(2)	tex/books/立体几何.tex:4723	157	99	743	0.899	0.101	replaced
books/assets/solid-geometry/fig-p0081-03.png	立体几何	solid-geometry	81	T	low	初分待对照 raw 改轨	(3)	tex/books/立体几何.tex:4731	184	128	1157	0.873	0.127	pending
books/assets/solid-geometry/fig-p0082-01.png	立体几何	solid-geometry	82	T	high	对照 raw 第82页，已改 TikZ	(1)	tex/books/立体几何.tex:4781	215	217	1612	0.928	0.072	replaced
books/assets/solid-geometry/fig-p0082-02.png	立体几何	solid-geometry	82	T	high	对照 raw 第82页，已改 TikZ	(2)	tex/books/立体几何.tex:4789	171	173	1249	0.908	0.092	replaced
books/assets/solid-geometry/fig-p0083-01.png	立体几何	solid-geometry	83	T	high	对照 raw 第83页，已改 TikZ	图1·97	tex/books/立体几何.tex:4824	181	145	987	0.910	0.090	replaced
books/assets/solid-geometry/fig-p0083-02.png	立体几何	solid-geometry	83	T	high	对照 raw 第83页，已改 TikZ	图1-98	tex/books/立体几何.tex:4867	173	174	1178	0.921	0.079	replaced
books/assets/solid-geometry/fig-p0084-01.png	立体几何	solid-geometry	84	T	high	对照 raw 第84页，已改 TikZ	(第2题)	tex/books/立体几何.tex:4888	170	140	757	0.922	0.078	replaced
books/assets/solid-geometry/fig-p0084-02.png	立体几何	solid-geometry	84	T	high	对照 raw 第84页，已改 TikZ	(第3题)	tex/books/立体几何.tex:4896	132	118	692	0.894	0.106	replaced
books/assets/solid-geometry/fig-p0084-03.png	立体几何	solid-geometry	84	T	high	对照 raw 第84页，已改 TikZ	(第4题)	tex/books/立体几何.tex:4925	109	106	535	0.903	0.097	replaced
books/assets/solid-geometry/fig-p0085-01.png	立体几何	solid-geometry	85	T	high	对照 raw 第85页，已改 TikZ	(第10题)	tex/books/立体几何.tex:4963	130	90	515	0.898	0.102	replaced
books/assets/solid-geometry/fig-p0085-02.png	立体几何	solid-geometry	85	T	high	对照 raw 第85页，已改 TikZ	(第11题)	tex/books/立体几何.tex:4971	150	141	858	0.920	0.080	replaced
books/assets/solid-geometry/fig-p0086-01.png	立体几何	solid-geometry	86	T	high	对照 raw 第86页，已改 TikZ	图 1·99	tex/books/立体几何.tex:4998	170	99	499	0.928	0.072	replaced
books/assets/solid-geometry/fig-p0086-02.png	立体几何	solid-geometry	86	T	high	对照 raw 第86页，已改 TikZ	图 1·100	tex/books/立体几何.tex:5019	172	95	719	0.903	0.097	replaced
books/assets/solid-geometry/fig-p0086-03.png	立体几何	solid-geometry	86	T	high	对照 raw 第86页，已改 TikZ	图 1·101	tex/books/立体几何.tex:5027	165	112	725	0.919	0.081	replaced
books/assets/solid-geometry/fig-p0087-01.png	立体几何	solid-geometry	87	T	high	对照 raw 第87页，已改 TikZ	图 1·102	tex/books/立体几何.tex:5053	179	87	649	0.912	0.088	replaced
books/assets/solid-geometry/fig-p0087-02.png	立体几何	solid-geometry	87	T	high	对照 raw 第87页，已改 TikZ	图1·103	tex/books/立体几何.tex:5063	389	86	1048	0.922	0.078	replaced
books/assets/solid-geometry/fig-p0087-03.png	立体几何	solid-geometry	87	T	high	对照 raw 第87页，已改 TikZ	图 1-104	tex/books/立体几何.tex:5096	177	159	997	0.925	0.075	replaced
books/assets/solid-geometry/fig-p0088-01.png	立体几何	solid-geometry	88	T	high	对照 raw 第88页，已改 TikZ	图1-105	tex/books/立体几何.tex:5154	182	102	837	0.912	0.088	replaced
books/assets/solid-geometry/fig-p0089-01.png	立体几何	solid-geometry	89	T	high	对照 raw 第89页，已改 TikZ	图 1·106	tex/books/立体几何.tex:5177	169	112	814	0.927	0.073	replaced
books/assets/solid-geometry/fig-p0089-02.png	立体几何	solid-geometry	89	T	high	对照 raw 第89页，已改 TikZ	图 1·107	tex/books/立体几何.tex:5185	170	121	645	0.957	0.043	replaced
books/assets/solid-geometry/fig-p0089-03.png	立体几何	solid-geometry	89	T	high	对照 raw 第89页，已改 TikZ	图 1·108	tex/books/立体几何.tex:5203	186	113	1005	0.909	0.091	replaced
books/assets/solid-geometry/fig-p0090-01.png	立体几何	solid-geometry	90	T	high	对照 raw 第90页，已改 TikZ	(1)	tex/books/立体几何.tex:5241	128	101	655	0.910	0.090	replaced
books/assets/solid-geometry/fig-p0090-02.png	立体几何	solid-geometry	90	T	high	对照 raw 第90页，已改 TikZ	(2)	tex/books/立体几何.tex:5249	135	94	645	0.898	0.102	replaced
books/assets/solid-geometry/fig-p0090-03.png	立体几何	solid-geometry	90	T	high	对照 raw 第90页，已改 TikZ	(第5题)	tex/books/立体几何.tex:5292	162	109	903	0.863	0.137	replaced
books/assets/solid-geometry/fig-p0091-01.png	立体几何	solid-geometry	91	T	high	对照 raw 第91页，已改 TikZ	(第6题)	tex/books/立体几何.tex:5317	178	128	1158	0.880	0.120	replaced
books/assets/solid-geometry/fig-p0091-02.png	立体几何	solid-geometry	91	T	high	对照 raw 第91页，已改 TikZ	(第7题)	tex/books/立体几何.tex:5325	180	133	1139	0.889	0.111	replaced
books/assets/solid-geometry/fig-p0091-03.png	立体几何	solid-geometry	91	T	high	对照 raw 第91页，已改 TikZ	(第10题)	tex/books/立体几何.tex:5391	168	138	961	0.888	0.112	replaced
books/assets/solid-geometry/fig-p0092-01.png	立体几何	solid-geometry	92	T	high	对照 raw 第92页，已改 TikZ	图1-110	tex/books/立体几何.tex:5462	183	115	850	0.903	0.097	replaced
books/assets/solid-geometry/fig-p0093-01.png	立体几何	solid-geometry	93	T	high	对照 raw 第93页，已改 TikZ	图 1-111	tex/books/立体几何.tex:5518	208	120	1024	0.888	0.112	replaced
books/assets/solid-geometry/fig-p0094-01.png	立体几何	solid-geometry	94	T	high	对照 raw 第94页，已改 TikZ	(第1题)	tex/books/立体几何.tex:5545	146	147	957	0.868	0.132	replaced
books/assets/solid-geometry/fig-p0094-02.png	立体几何	solid-geometry	94	T	high	对照 raw 第94页，已改 TikZ	(第2题)	tex/books/立体几何.tex:5553	165	104	551	0.929	0.071	replaced
books/assets/solid-geometry/fig-p0094-03.png	立体几何	solid-geometry	94	T	high	对照 raw 第94页，已改 TikZ	(第3题)	tex/books/立体几何.tex:5571	125	111	732	0.871	0.129	replaced
books/assets/solid-geometry/fig-p0094-04.png	立体几何	solid-geometry	94	T	high	对照 raw 第94页，已改 TikZ	(第4题)	tex/books/立体几何.tex:5579	147	122	657	0.930	0.070	replaced
books/assets/solid-geometry/fig-p0094-05.png	立体几何	solid-geometry	94	T	high	对照 raw 第94页，已改 TikZ	(第6题)	tex/books/立体几何.tex:5610	158	134	1069	0.894	0.106	replaced
books/assets/solid-geometry/fig-p0095-01.png	立体几何	solid-geometry	95	T	high	对照 raw 第95页，已改 TikZ	图 1·112	tex/books/立体几何.tex:5651	144	159	1071	0.925	0.075	replaced
books/assets/solid-geometry/fig-p0096-01.png	立体几何	solid-geometry	96	T	high	对照 raw 第96页，已改 TikZ	图 1·113	tex/books/立体几何.tex:5668	128	145	808	0.919	0.081	replaced
books/assets/solid-geometry/fig-p0096-02.png	立体几何	solid-geometry	96	T	high	对照 raw 第96页，已改 TikZ	(1)	tex/books/立体几何.tex:5686	116	160	894	0.910	0.090	replaced
books/assets/solid-geometry/fig-p0096-03.png	立体几何	solid-geometry	96	T	high	对照 raw 第96页，已改 TikZ	(2)	tex/books/立体几何.tex:5694	131	161	686	0.951	0.049	replaced
books/assets/solid-geometry/fig-p0097-01.png	立体几何	solid-geometry	97	T	high	对照 raw 第97页，已改 TikZ	(1)	tex/books/立体几何.tex:5708	130	141	770	0.946	0.054	replaced
books/assets/solid-geometry/fig-p0097-02.png	立体几何	solid-geometry	97	T	high	对照 raw 第97页，已改 TikZ	(2)	tex/books/立体几何.tex:5716	130	136	759	0.940	0.060	replaced
books/assets/solid-geometry/fig-p0097-03.png	立体几何	solid-geometry	97	T	high	对照 raw 第97页，已改 TikZ	图 1·116	tex/books/立体几何.tex:5747	160	144	1052	0.914	0.086	replaced
books/assets/solid-geometry/fig-p0098-01.png	立体几何	solid-geometry	98	T	high	对照 raw 第98页，已改 TikZ	图1-117	tex/books/立体几何.tex:5765	150	128	919	0.913	0.087	replaced
books/assets/solid-geometry/fig-p0099-01.png	立体几何	solid-geometry	99	T	high	对照 raw 第99页，已改 TikZ	(第6题)	tex/books/立体几何.tex:5858	117	117	689	0.910	0.090	replaced
books/assets/solid-geometry/fig-p0099-02.png	立体几何	solid-geometry	99	T	high	对照 raw 第99页，已改 TikZ	(第7题)	tex/books/立体几何.tex:5866	129	113	658	0.927	0.073	replaced
books/assets/solid-geometry/fig-p0100-01.png	立体几何	solid-geometry	100	T	high	对照 raw 第100页，已改 TikZ	(第8题)	tex/books/立体几何.tex:5910	102	128	669	0.921	0.079	replaced
books/assets/solid-geometry/fig-p0100-02.png	立体几何	solid-geometry	100	T	high	对照 raw 第100页，已改 TikZ	图 1·11B	tex/books/立体几何.tex:5945	143	169	1079	0.932	0.068	replaced
books/assets/solid-geometry/fig-p0101-01.png	立体几何	solid-geometry	101	T	high	对照 raw 第101页，已改 TikZ	图1-119	tex/books/立体几何.tex:5969	200	144	983	0.948	0.052	replaced
books/assets/solid-geometry/fig-p0102-01.png	立体几何	solid-geometry	102	T	high	对照 raw 第102页，已改 TikZ	图 1-120	tex/books/立体几何.tex:6021	139	178	1111	0.924	0.076	replaced
books/assets/solid-geometry/fig-p0103-01.png	立体几何	solid-geometry	103	T	high	对照 raw 第103页，已改 TikZ	图 1-121	tex/books/立体几何.tex:6069	144	120	630	0.942	0.058	replaced
books/assets/solid-geometry/fig-p0103-02.png	立体几何	solid-geometry	103	T	high	对照 raw 第103页，已改 TikZ	图 1-122	tex/books/立体几何.tex:6147	135	143	839	0.925	0.075	replaced
books/assets/solid-geometry/fig-p0105-01.png	立体几何	solid-geometry	105	T	high	对照 raw 第105页，已改 TikZ	(第6题)	tex/books/立体几何.tex:6265	130	152	873	0.924	0.076	replaced
books/assets/solid-geometry/fig-p0107-01.png	立体几何	solid-geometry	107	T	high	对照 raw 第107页，已改 TikZ	(1)	tex/books/立体几何.tex:6363	194	132	1019	0.938	0.062	replaced
books/assets/solid-geometry/fig-p0107-02.png	立体几何	solid-geometry	107	T	high	对照 raw 第107页，已改 TikZ	(2)	tex/books/立体几何.tex:6371	189	130	997	0.928	0.072	replaced
books/assets/solid-geometry/fig-p0107-03.png	立体几何	solid-geometry	107	T	high	对照 raw 第107页，已改 TikZ	图1-124	tex/books/立体几何.tex:6400	219	146	1152	0.932	0.068	replaced
books/assets/solid-geometry/fig-p0108-01.png	立体几何	solid-geometry	108	T	medium	高留白线稿	图示（原PDF第108页）	tex/books/立体几何.tex:6416	127	141	806	0.929	0.071	pending
books/assets/solid-geometry/fig-p0108-02.png	立体几何	solid-geometry	108	T	high	对照 raw 第108页，已改 TikZ	图1-125	tex/books/立体几何.tex:6422	133	140	855	0.927	0.073	replaced
books/assets/solid-geometry/fig-p0109-01.png	立体几何	solid-geometry	109	T	high	对照 raw 第109页，已改 TikZ	图 1·126	tex/books/立体几何.tex:6489	110	190	969	0.883	0.117	replaced
books/assets/solid-geometry/fig-p0110-01.png	立体几何	solid-geometry	110	T	high	对照 raw 第110页，已改 TikZ	(1)	tex/books/立体几何.tex:6504	115	125	916	0.872	0.128	replaced
books/assets/solid-geometry/fig-p0110-02.png	立体几何	solid-geometry	110	T	high	对照 raw 第110页，已改 TikZ	(2)	tex/books/立体几何.tex:6512	112	125	894	0.859	0.141	replaced
books/assets/solid-geometry/fig-p0110-03.png	立体几何	solid-geometry	110	T	high	对照 raw 第110页，已改 TikZ	(3)	tex/books/立体几何.tex:6520	116	125	809	0.864	0.136	replaced
books/assets/solid-geometry/fig-p0110-04.png	立体几何	solid-geometry	110	T	medium	高留白线稿	图示（原PDF第110页）	tex/books/立体几何.tex:6542	147	144	870	0.933	0.067	pending
books/assets/solid-geometry/fig-p0110-05.png	立体几何	solid-geometry	110	T	high	对照 raw 第110页，已改 TikZ	图1-128	tex/books/立体几何.tex:6548	139	147	862	0.927	0.073	replaced
books/assets/solid-geometry/fig-p0115-01.png	立体几何	solid-geometry	115	T	high	对照 raw 第115页，已改 TikZ	(第6题)	tex/books/立体几何.tex:6762	140	139	719	0.923	0.077	replaced
books/assets/solid-geometry/fig-p0115-02.png	立体几何	solid-geometry	115	T	high	对照 raw 第115页，已改 TikZ	(第7题)	tex/books/立体几何.tex:6770	126	134	737	0.910	0.090	replaced
books/assets/solid-geometry/fig-p0116-01.png	立体几何	solid-geometry	116	T	high	对照 raw 第116页，已改 TikZ	(第8题)	tex/books/立体几何.tex:6805	203	132	1057	0.925	0.075	replaced
books/assets/solid-geometry/fig-p0116-02.png	立体几何	solid-geometry	116	T	high	对照 raw 第116页，已改 TikZ	(第10题)	tex/books/立体几何.tex:6845	119	111	635	0.917	0.083	replaced
books/assets/solid-geometry/fig-p0116-03.png	立体几何	solid-geometry	116	T	high	对照 raw 第116页，已改 TikZ	(第11题)	tex/books/立体几何.tex:6853	150	90	526	0.917	0.083	replaced
books/assets/solid-geometry/fig-p0117-01.png	立体几何	solid-geometry	117	T	high	对照 raw 第117页，已改 TikZ	(第18题)	tex/books/立体几何.tex:6896	128	129	1012	0.880	0.120	replaced
books/assets/solid-geometry/fig-p0118-01.png	立体几何	solid-geometry	118	T	high	对照 raw 第118页，已改 TikZ	(第5题)	tex/books/立体几何.tex:6950	108	138	700	0.924	0.076	replaced
books/assets/solid-geometry/fig-p0118-02.png	立体几何	solid-geometry	118	T	high	对照 raw 第118页，已改 TikZ	(第2题)	tex/books/立体几何.tex:7009	149	129	811	0.928	0.072	replaced
books/assets/solid-geometry/fig-p0120-01.png	立体几何	solid-geometry	120	T	high	对照 raw 第120页，已改 TikZ	(1)	tex/books/立体几何.tex:7050	122	125	656	0.895	0.105	replaced
books/assets/solid-geometry/fig-p0120-02.png	立体几何	solid-geometry	120	T	high	对照 raw 第120页，已改 TikZ	(2)	tex/books/立体几何.tex:7058	87	98	493	0.899	0.101	replaced
books/assets/solid-geometry/fig-p0120-03.png	立体几何	solid-geometry	120	T	high	对照 raw 第120页，已改 TikZ	(3)	tex/books/立体几何.tex:7066	65	108	362	0.883	0.117	replaced
books/assets/solid-geometry/fig-p0120-04.png	立体几何	solid-geometry	120	T	high	对照 raw 第120页，已改 TikZ	(4)	tex/books/立体几何.tex:7074	75	109	443	0.912	0.088	replaced
books/assets/solid-geometry/fig-p0121-01.png	立体几何	solid-geometry	121	T	high	对照 raw 第121页，已改 TikZ	(1)	tex/books/立体几何.tex:7088	122	110	784	0.864	0.136	replaced
books/assets/solid-geometry/fig-p0121-02.png	立体几何	solid-geometry	121	T	high	对照 raw 第121页，已改 TikZ	(2)	tex/books/立体几何.tex:7096	119	127	721	0.906	0.094	replaced
books/assets/solid-geometry/fig-p0121-03.png	立体几何	solid-geometry	121	T	high	对照 raw 第121页，已改 TikZ	图2·3  pentagonal prism ABCDE-A1B1C1D1E1. Top all solid. Lateral AA1,BB1,CC1,EE1 solid; DD1 dashed. Base EA,AB,BC solid; CD,DE dashed. Height H1H dashed. Labels A–E, A1–E1, H, H1. No AD1 drawn (asset shows height only; text names prism AD1)	tex/books/立体几何.tex:7118	126	163	1009	0.870	0.130	replaced
books/assets/solid-geometry/fig-p0122-01.png	立体几何	solid-geometry	122	V	high	对照 raw 第122页，已改 TikZ	图2·4 五棱柱两平行截面P、Q斜线填充，后棱虚线	tex/books/立体几何.tex:7148	107	189	1254	0.824	0.176	replaced
books/assets/solid-geometry/fig-p0122-02.png	立体几何	solid-geometry	122	T	high	对照 raw 第122页，已改 TikZ	图2·5（1） oblique triangular prism. Top triangle solid; left/right lateral solid; back lateral dashed; bottom front solid; bottom back two dashed. No letters	tex/books/立体几何.tex:7173	106	123	642	0.912	0.088	replaced
books/assets/solid-geometry/fig-p0122-03.png	立体几何	solid-geometry	122	T	high	对照 raw 第122页，已改 TikZ	图2·5（2） right quadrangular prism. Top solid; three front laterals solid; back lateral dashed; bottom front two solid; bottom back two dashed. No letters	tex/books/立体几何.tex:7181	85	120	551	0.870	0.130	replaced
books/assets/solid-geometry/fig-p0122-04.png	立体几何	solid-geometry	122	V	high	对照 raw 第122页，已改 TikZ	图2·5(3) 正五棱柱，后侧棱与底后两边虚线，无字母	tex/books/立体几何.tex:7189	89	120	568	0.842	0.158	replaced
books/assets/solid-geometry/fig-p0123-01.png	立体几何	solid-geometry	123	T	high	对照 raw 第123页，已改 TikZ	图2·6  pentagonal prism with diagonal planes B1BEE1 and E1ECC1. Hidden CD,DE,DD1 dashed. Plane B1BEE1: E1B1, EB and face diagonals E1B, B1E solid. Plane E1ECC1: E1C1 solid, EC dashed. Labels A–E, A1–E1	tex/books/立体几何.tex:7205	123	171	1125	0.869	0.131	replaced
books/assets/solid-geometry/fig-p0123-02.png	立体几何	solid-geometry	123	T	high	对照 raw 第123页，已改 TikZ	图2·7  net of regular pentagonal prism. Five rectangles in a row, vertical folds dashed; pentagons on top/bottom of middle (3rd) rectangle, shared edges dashed; small glue tab on the right. No letters	tex/books/立体几何.tex:7213	140	130	698	0.900	0.100	replaced
books/assets/solid-geometry/fig-p0123-03.png	立体几何	solid-geometry	123	T	high	对照 raw 第123页，已改 TikZ	图2·8  prism cut by plane M ∥ AA1 at section PQRS. P on B1C1, Q on A1E1, S on BC, R on AE. PQ, PS solid; QR, RS dashed. Hidden CD,DE,EA,DD1,EE1 dashed. Labels A–E, A1–E1, P,Q,R,S,M	tex/books/立体几何.tex:7238	122	156	1110	0.856	0.144	replaced
books/assets/solid-geometry/fig-p0124-01.png	立体几何	solid-geometry	124	V	high	对照 raw 第124页，已改 TikZ	图2·9 正六棱柱，顶A1C1/A1D1实线，底AC/AD虚线	tex/books/立体几何.tex:7282	147	130	1133	0.844	0.156	replaced
books/assets/solid-geometry/fig-p0125-01.png	立体几何	solid-geometry	125	T	high	对照 raw 第125页，已改 TikZ	图2·10  right prism, rhombus base ABCD. Hidden AD,DC,DD1 dashed. Base diagonals AC,BD dashed meet at O; body diagonals A1C, D1B dashed. Labels A–D, A1–D1, O	tex/books/立体几何.tex:7336	163	118	929	0.891	0.109	replaced
books/assets/solid-geometry/fig-p0126-01.png	立体几何	solid-geometry	126	V	high	对照 raw 第126页，已改 TikZ	第12题 直三棱柱截面ABP，P在CC1，D在AB，CD虚线	tex/books/立体几何.tex:7421	107	138	889	0.820	0.180	replaced
books/assets/solid-geometry/fig-p0126-02.png	立体几何	solid-geometry	126	T	high	对照 raw 第126页，已改 TikZ	图2·11  four parallelepipeds in a row: (1) oblique; (2) right (parallelogram base); (3) cuboid/长方体; (4) cube. Each has three hidden edges dashed at back-bottom. Labels (1)(2)(3)(4) in TikZ	tex/books/立体几何.tex:7437	321	113	1328	0.892	0.108	replaced
books/assets/solid-geometry/fig-p0127-01.png	立体几何	solid-geometry	127	T	high	对照 raw 第127页，已改 TikZ	图2·12 直/斜平行六面体展开图，折痕虚线	tex/books/立体几何.tex:7453	213	87	887	0.888	0.112	replaced
books/assets/solid-geometry/fig-p0127-02.png	立体几何	solid-geometry	127	T	high	对照 raw 第127页，已改 TikZ	图2·13 长方体，底对角AC与体对角A1C虚线	tex/books/立体几何.tex:7491	133	146	892	0.896	0.104	replaced
books/assets/solid-geometry/fig-p0127-03.png	立体几何	solid-geometry	127	T	high	对照 raw 第127页，已改 TikZ	图2·14 截痕法五边形PQSRT，O1O2，TR/SR虚线	tex/books/立体几何.tex:7518	199	151	1463	0.874	0.126	replaced
books/assets/solid-geometry/fig-p0128-01.png	立体几何	solid-geometry	128	T	high	对照 raw 第128页，已改 TikZ	图2·15 直平行六面体菱形底，体/面对角线	tex/books/立体几何.tex:7545	148	130	1039	0.868	0.132	replaced
books/assets/solid-geometry/fig-p0129-01.png	立体几何	solid-geometry	129	T	high	对照 raw 第129页，已改 TikZ	图2·16：平行六面体ABCD-A1B1C1D1。隐棱AD、DC、DD1虚线；底对角AC、BD虚线交于O；顶对角A1C1、B1D1实线交于O1；OO1虚线。扫描有A–D、A1–D1、O、O1	tex/books/立体几何.tex:7594	133	150	989	0.890	0.110	replaced
books/assets/solid-geometry/fig-p0129-02.png	立体几何	solid-geometry	129	T	high	对照 raw 第129页，已改 TikZ	图2·16：平行六面体ABCD-A1B1C1D1。隐棱AD、DC、DD1虚线；底对角AC、BD虚线交于O；顶对角A1C1、B1D1实线交于O1；OO1虚线。扫描有A–D、A1–D1、O、O1	tex/books/立体几何.tex:7652	135	150	985	0.892	0.108	replaced
books/assets/solid-geometry/fig-p0130-01.png	立体几何	solid-geometry	130	T	high	对照 raw 第130页，已改 TikZ	第6题：斜平行六面体ABCD-A1B1C1D1。隐棱AD、DC、DD1虚线；底对角AC、BD虚线；顶对角A1C1、B1D1实线；A1H虚线垂底于H（在AC上），直角记号。扫描有A–D、A1–D1、H	tex/books/立体几何.tex:7687	150	113	962	0.877	0.123	replaced
books/assets/solid-geometry/fig-p0130-02.png	立体几何	solid-geometry	130	T	high	对照 raw 第130页，已改 TikZ	第7题：正方体ABCD-A1B1C1D1。隐棱AD、DC、DD1虚线；P为AB中点，Q为BC中点，R为A1D1中点。扫描有A–D、A1–D1、P、Q、R	tex/books/立体几何.tex:7695	122	125	728	0.883	0.117	replaced
books/assets/solid-geometry/fig-p0130-03.png	立体几何	solid-geometry	130	V	low	初分待对照 raw 改轨	(第9题)	tex/books/立体几何.tex:7728	122	124	989	0.817	0.183	pending
books/assets/solid-geometry/fig-p0130-04.png	立体几何	solid-geometry	130	V	low	初分待对照 raw 改轨	(第10题)	tex/books/立体几何.tex:7736	143	119	1025	0.822	0.178	pending
books/assets/solid-geometry/fig-p0131-01.png	立体几何	solid-geometry	131	T	high	对照 raw 第131页，已改 TikZ	第11题：长方体ABCD-A1B1C1D1。隐棱AD、DC、DD1虚线；面对角A1B、BC1实线；底对角BD虚线；体对角D1B虚线。扫描有A–D、A1–D1	tex/books/立体几何.tex:7753	137	109	828	0.857	0.143	replaced
books/assets/solid-geometry/fig-p0131-02.png	立体几何	solid-geometry	131	T	high	对照 raw 第131页，已改 TikZ	图2·17：五棱锥V-ABCDE。V在上。底A左前、B前、C右前、D后、E左后。VA、VB、VC、AB、BC实线；VD、VE、CD、DE、EA虚线；高VH虚线；底对角AC、AD虚线。扫描有V、A–E、H	tex/books/立体几何.tex:7779	120	136	837	0.866	0.134	replaced
books/assets/solid-geometry/fig-p0132-01.png	立体几何	solid-geometry	132	T	high	对照 raw 第132页，已改 TikZ	图2·18：正六棱锥V-ABCDEF。V在上，O底心。VA–VD与底AB、BC、CD实线；VE、VF与底DE、EF、FA虚线；高VO虚线；M在AB上，斜高VM实线，OM虚线，直角于O、M。扫描有V、A–F、O、M	tex/books/立体几何.tex:7795	133	136	904	0.869	0.131	replaced
books/assets/solid-geometry/fig-p0134-01.png	立体几何	solid-geometry	134	V	low	初分待对照 raw 改轨	图2·20	tex/books/立体几何.tex:7919	204	143	1407	0.838	0.162	pending
books/assets/solid-geometry/fig-p0135-01.png	立体几何	solid-geometry	135	T	high	对照 raw 第135页，已改 TikZ	图2·21：正五棱锥展开图。左侧公共顶点，五个三角形向右展开，四条内折痕虚线；右侧接正五边形底，与侧面公共边虚线，外轮廓实线。无字母	tex/books/立体几何.tex:7944	134	137	945	0.920	0.080	replaced
books/assets/solid-geometry/fig-p0135-02.png	立体几何	solid-geometry	135	T	high	对照 raw 第135页，已改 TikZ	图2·22：五棱锥V-ABCDE。截面A1B1C1D1E1∥底。VA、VB、VC与底AB、BC及截面A1B1、B1C1实线；VD、VE与底CD、DE、EA及截面C1D1、D1E1、E1A1虚线；高VO经O1虚线。扫描有V、A–E、A1–E1、O、O1	tex/books/立体几何.tex:7952	134	155	1051	0.907	0.093	replaced
books/assets/solid-geometry/fig-p0135-03.png	立体几何	solid-geometry	135	T	high	对照 raw 第135页，已改 TikZ	图2·23：四棱锥V-ABCD。P在AB、Q在VB、R在AD；QP延长交VA延长于O1，O1R交VD于T，PR延长交CD延长于O2，O2T交VC于S；截面五边形PQSTR斜线填充；隐棱VD、AD、DC、VC及TR、TS、PR局部虚线。扫描有V、A–D、P、Q、R、S、T、O1、O2	tex/books/立体几何.tex:7992	183	193	1658	0.879	0.121	replaced
books/assets/solid-geometry/fig-p0136-01.png	立体几何	solid-geometry	136	T	high	对照 raw 第136页，已改 TikZ	图2·24：三棱锥V-ABC。底等腰，AD⊥BC于D，O为外心在AD上；VA、VB、VC、AB、BC实线；AC、VO、AD、BO、CO虚线；直角于O。扫描有V、A、B、C、O、D	tex/books/立体几何.tex:8011	142	159	969	0.920	0.080	replaced
books/assets/solid-geometry/fig-p0136-02.png	立体几何	solid-geometry	136	T	high	对照 raw 第136页，已改 TikZ	图2·25：三棱锥V-ABC。VA⊥底于A；D在BC上，AD⊥BC，VD⊥BC。VA、VB、VC、VD、AC、BC实线；AB、AD虚线。扫描有V、A、B、C、D	tex/books/立体几何.tex:8053	122	133	770	0.901	0.099	replaced
books/assets/solid-geometry/fig-p0138-01.png	立体几何	solid-geometry	138	T	high	对照 raw 第138页，已改 TikZ	第5题：正三棱锥V-ABC。D为AB中点，O在CD上且CO=2/3 CD；高VO虚线；VA、VB、VC、AB、BC、VD实线；AC、CD虚线；直角于O、D。扫描有V、A–C、O、D	tex/books/立体几何.tex:8125	124	151	839	0.908	0.092	replaced
books/assets/solid-geometry/fig-p0138-02.png	立体几何	solid-geometry	138	T	high	对照 raw 第138页，已改 TikZ	第6题：正六棱锥V-ABCDEF。O底心，M为BC中点；VA–VD与底AB、BC、CD实线；VE、VF与底DE、EF、FA虚线；高VO、OM虚线，斜高VM实线；直角于O。扫描有V、A–F、O、M	tex/books/立体几何.tex:8133	132	143	963	0.870	0.130	replaced
books/assets/solid-geometry/fig-p0139-01.png	立体几何	solid-geometry	139	T	high	对照 raw 第139页，已改 TikZ	第14题：正三棱锥V-ABC。M为BC中点，O在AM上；VA、VB、VC、AB、BC、VM实线；AC、VO、AM虚线；直角于O。扫描有V、A–C、O、M	tex/books/立体几何.tex:8192	110	133	715	0.906	0.094	replaced
books/assets/solid-geometry/fig-p0139-02.png	立体几何	solid-geometry	139	T	high	对照 raw 第139页，已改 TikZ	第15题：正四棱锥V-ABCD。底对角AC、BD虚线交于O；高VO虚线；VA、VB、VC、AB、BC实线；VD、AD、DC虚线；直角于O。扫描有V、A–D、O	tex/books/立体几何.tex:8200	123	119	735	0.907	0.093	replaced
books/assets/solid-geometry/fig-p0139-03.png	立体几何	solid-geometry	139	T	low	初分待对照 raw 改轨	(第17题)	tex/books/立体几何.tex:8233	132	139	867	0.889	0.111	pending
books/assets/solid-geometry/fig-p0139-04.png	立体几何	solid-geometry	139	T	low	初分待对照 raw 改轨	(第18题)	tex/books/立体几何.tex:8241	161	152	1211	0.861	0.139	pending
books/assets/solid-geometry/fig-p0140-01.png	立体几何	solid-geometry	140	T	low	初分待对照 raw 改轨	图2-26	tex/books/立体几何.tex:8286	125	152	1022	0.863	0.137	pending
books/assets/solid-geometry/fig-p0140-02.png	立体几何	solid-geometry	140	T	low	初分待对照 raw 改轨	图2-27	tex/books/立体几何.tex:8307	139	133	944	0.878	0.122	pending
books/assets/solid-geometry/fig-p0141-01.png	立体几何	solid-geometry	141	T	low	初分待对照 raw 改轨	(1)	tex/books/立体几何.tex:8323	102	121	667	0.895	0.105	pending
books/assets/solid-geometry/fig-p0141-02.png	立体几何	solid-geometry	141	T	low	初分待对照 raw 改轨	(2)	tex/books/立体几何.tex:8331	102	131	697	0.902	0.098	pending
books/assets/solid-geometry/fig-p0141-03.png	立体几何	solid-geometry	141	T	low	初分待对照 raw 改轨	图2-29	tex/books/立体几何.tex:8339	125	126	854	0.898	0.102	pending
books/assets/solid-geometry/fig-p0141-04.png	立体几何	solid-geometry	141	V	low	初分待对照 raw 改轨	图2-30	tex/books/立体几何.tex:8361	130	140	982	0.837	0.163	pending
books/assets/solid-geometry/fig-p0143-01.png	立体几何	solid-geometry	143	T	low	初分待对照 raw 改轨	图2-31	tex/books/立体几何.tex:8437	145	170	1212	0.883	0.117	pending
books/assets/solid-geometry/fig-p0143-02.png	立体几何	solid-geometry	143	T	low	初分待对照 raw 改轨	图2-32	tex/books/立体几何.tex:8475	128	183	1139	0.886	0.114	pending
books/assets/solid-geometry/fig-p0144-01.png	立体几何	solid-geometry	144	T	low	初分待对照 raw 改轨	(第2题)	tex/books/立体几何.tex:8529	183	133	1292	0.859	0.141	pending
books/assets/solid-geometry/fig-p0144-02.png	立体几何	solid-geometry	144	V	low	初分待对照 raw 改轨	(第8题)	tex/books/立体几何.tex:8567	151	109	951	0.845	0.155	pending
books/assets/solid-geometry/fig-p0145-01.png	立体几何	solid-geometry	145	T	low	初分待对照 raw 改轨	(第10题)	tex/books/立体几何.tex:8593	131	126	1041	0.866	0.134	pending
books/assets/solid-geometry/fig-p0145-02.png	立体几何	solid-geometry	145	T	low	初分待对照 raw 改轨	(第11题)	tex/books/立体几何.tex:8642	143	181	1254	0.897	0.103	pending
books/assets/solid-geometry/fig-p0146-01.png	立体几何	solid-geometry	146	T	low	初分待对照 raw 改轨	(1)	tex/books/立体几何.tex:8662	197	104	738	0.885	0.115	pending
books/assets/solid-geometry/fig-p0146-02.png	立体几何	solid-geometry	146	T	low	初分待对照 raw 改轨	图2·34	tex/books/立体几何.tex:8674	157	133	730	0.882	0.118	pending
books/assets/solid-geometry/fig-p0146-03.png	立体几何	solid-geometry	146	T	low	初分待对照 raw 改轨	(1)	tex/books/立体几何.tex:8682	103	84	277	0.899	0.101	pending
books/assets/solid-geometry/fig-p0146-04.png	立体几何	solid-geometry	146	T	medium	高留白线稿	(2)	tex/books/立体几何.tex:8690	100	105	217	0.929	0.071	pending
books/assets/solid-geometry/fig-p0147-01.png	立体几何	solid-geometry	147	T	medium	高留白线稿	(1)	tex/books/立体几何.tex:8714	158	133	641	0.931	0.069	pending
books/assets/solid-geometry/fig-p0147-02.png	立体几何	solid-geometry	147	T	low	初分待对照 raw 改轨	(2)	tex/books/立体几何.tex:8722	124	124	575	0.905	0.095	pending
books/assets/solid-geometry/fig-p0147-03.png	立体几何	solid-geometry	147	T	medium	高留白线稿	a)	tex/books/立体几何.tex:8742	117	132	367	0.945	0.055	pending
books/assets/solid-geometry/fig-p0147-04.png	立体几何	solid-geometry	147	T	medium	高留白线稿	(2)	tex/books/立体几何.tex:8750	159	131	613	0.942	0.058	pending
books/assets/solid-geometry/fig-p0147-05.png	立体几何	solid-geometry	147	T	medium	高留白线稿	图示（原PDF第147页）	tex/books/立体几何.tex:8758	170	138	810	0.924	0.076	pending
books/assets/solid-geometry/fig-p0147-06.png	立体几何	solid-geometry	147	T	low	初分待对照 raw 改轨	图2·37	tex/books/立体几何.tex:8764	111	126	710	0.881	0.119	pending
books/assets/solid-geometry/fig-p0149-01.png	立体几何	solid-geometry	149	T	medium	高留白线稿	(1)	tex/books/立体几何.tex:8813	167	168	948	0.938	0.062	pending
books/assets/solid-geometry/fig-p0149-02.png	立体几何	solid-geometry	149	T	medium	高留白线稿	(2)	tex/books/立体几何.tex:8821	183	129	950	0.927	0.073	pending
books/assets/solid-geometry/fig-p0149-03.png	立体几何	solid-geometry	149	T	low	初分待对照 raw 改轨	(3)	tex/books/立体几何.tex:8829	179	198	1207	0.913	0.087	pending
books/assets/solid-geometry/fig-p0149-04.png	立体几何	solid-geometry	149	T	low	初分待对照 raw 改轨	(4)	tex/books/立体几何.tex:8837	154	196	1043	0.915	0.085	pending
books/assets/solid-geometry/fig-p0150-01.png	立体几何	solid-geometry	150	T	medium	高留白线稿	(1)	tex/books/立体几何.tex:8888	173	172	1047	0.925	0.075	pending
books/assets/solid-geometry/fig-p0150-02.png	立体几何	solid-geometry	150	T	medium	高留白线稿	(2)	tex/books/立体几何.tex:8896	193	130	989	0.922	0.078	pending
books/assets/solid-geometry/fig-p0150-03.png	立体几何	solid-geometry	150	T	medium	高留白线稿	(3)	tex/books/立体几何.tex:8904	196	151	1040	0.924	0.076	pending
books/assets/solid-geometry/fig-p0150-04.png	立体几何	solid-geometry	150	T	low	初分待对照 raw 改轨	(4)	tex/books/立体几何.tex:8912	157	145	1040	0.902	0.098	pending
books/assets/solid-geometry/fig-p0151-01.png	立体几何	solid-geometry	151	T	low	初分待对照 raw 改轨	(3)	tex/books/立体几何.tex:8951	180	192	1143	0.914	0.086	pending
books/assets/solid-geometry/fig-p0151-02.png	立体几何	solid-geometry	151	T	low	初分待对照 raw 改轨	(2)	tex/books/立体几何.tex:8959	196	126	1039	0.900	0.100	pending
books/assets/solid-geometry/fig-p0151-03.png	立体几何	solid-geometry	151	T	low	初分待对照 raw 改轨	(3)	tex/books/立体几何.tex:8967	196	146	1282	0.896	0.104	pending
books/assets/solid-geometry/fig-p0151-04.png	立体几何	solid-geometry	151	T	low	初分待对照 raw 改轨	(4)	tex/books/立体几何.tex:8975	196	122	997	0.911	0.089	pending
books/assets/solid-geometry/fig-p0152-01.png	立体几何	solid-geometry	152	T	medium	高留白线稿	(第3题)	tex/books/立体几何.tex:9019	196	135	865	0.923	0.077	pending
books/assets/solid-geometry/fig-p0153-01.png	立体几何	solid-geometry	153	V	low	初分待对照 raw 改轨	图2-41	tex/books/立体几何.tex:9101	127	190	1354	0.826	0.174	pending
books/assets/solid-geometry/fig-p0154-01.png	立体几何	solid-geometry	154	T	low	初分待对照 raw 改轨	图2·42	tex/books/立体几何.tex:9121	246	114	1088	0.897	0.103	pending
books/assets/solid-geometry/fig-p0154-02.png	立体几何	solid-geometry	154	T	low	初分待对照 raw 改轨	图2-43	tex/books/立体几何.tex:9136	130	115	842	0.877	0.123	pending
books/assets/solid-geometry/fig-p0154-03.png	立体几何	solid-geometry	154	T	low	初分待对照 raw 改轨	图2-44	tex/books/立体几何.tex:9172	161	157	1181	0.891	0.109	pending
books/assets/solid-geometry/fig-p0155-01.png	立体几何	solid-geometry	155	T	low	初分待对照 raw 改轨	图2·45	tex/books/立体几何.tex:9208	134	158	913	0.913	0.087	pending
books/assets/solid-geometry/fig-p0156-01.png	立体几何	solid-geometry	156	T	medium	高留白线稿	(第8题)	tex/books/立体几何.tex:9263	144	135	877	0.923	0.077	pending
books/assets/solid-geometry/fig-p0156-02.png	立体几何	solid-geometry	156	V	low	初分待对照 raw 改轨	(第9题)	tex/books/立体几何.tex:9288	105	146	924	0.840	0.160	pending
books/assets/solid-geometry/fig-p0156-03.png	立体几何	solid-geometry	156	T	low	初分待对照 raw 改轨	图2-46	tex/books/立体几何.tex:9311	134	152	904	0.898	0.102	pending
books/assets/solid-geometry/fig-p0157-01.png	立体几何	solid-geometry	157	T	low	初分待对照 raw 改轨	图2-47	tex/books/立体几何.tex:9352	142	151	1045	0.901	0.099	pending
books/assets/solid-geometry/fig-p0157-02.png	立体几何	solid-geometry	157	T	low	初分待对照 raw 改轨	图2-48	tex/books/立体几何.tex:9367	132	142	914	0.904	0.096	pending
books/assets/solid-geometry/fig-p0158-01.png	立体几何	solid-geometry	158	T	low	初分待对照 raw 改轨	图2-49	tex/books/立体几何.tex:9429	200	107	1028	0.893	0.107	pending
books/assets/solid-geometry/fig-p0159-01.png	立体几何	solid-geometry	159	T	low	初分待对照 raw 改轨	图2·50	tex/books/立体几何.tex:9478	128	129	877	0.895	0.105	pending
books/assets/solid-geometry/fig-p0160-01.png	立体几何	solid-geometry	160	T	low	初分待对照 raw 改轨	(第8题)	tex/books/立体几何.tex:9559	108	119	700	0.898	0.102	pending
books/assets/solid-geometry/fig-p0161-01.png	立体几何	solid-geometry	161	T	low	初分待对照 raw 改轨	(第10题)	tex/books/立体几何.tex:9585	133	137	879	0.887	0.113	pending
books/assets/solid-geometry/fig-p0161-02.png	立体几何	solid-geometry	161	T	low	初分待对照 raw 改轨	(第11题)	tex/books/立体几何.tex:9593	139	118	805	0.881	0.119	pending
books/assets/solid-geometry/fig-p0162-01.png	立体几何	solid-geometry	162	T	low	初分待对照 raw 改轨	图2-51	tex/books/立体几何.tex:9683	133	125	875	0.903	0.097	pending
books/assets/solid-geometry/fig-p0163-01.png	立体几何	solid-geometry	163	T	low	初分待对照 raw 改轨	图2·52	tex/books/立体几何.tex:9760	134	122	897	0.903	0.097	pending
books/assets/solid-geometry/fig-p0164-01.png	立体几何	solid-geometry	164	T	low	初分待对照 raw 改轨	图2·53	tex/books/立体几何.tex:9812	155	113	886	0.892	0.108	pending
books/assets/solid-geometry/fig-p0165-01.png	立体几何	solid-geometry	165	T	low	初分待对照 raw 改轨	图2-54	tex/books/立体几何.tex:9865	157	107	937	0.876	0.124	pending
books/assets/solid-geometry/fig-p0166-01.png	立体几何	solid-geometry	166	T	low	初分待对照 raw 改轨	(第8题)	tex/books/立体几何.tex:9925	134	111	804	0.897	0.103	pending
books/assets/solid-geometry/fig-p0167-01.png	立体几何	solid-geometry	167	T	low	初分待对照 raw 改轨	(第9题)	tex/books/立体几何.tex:9962	138	141	982	0.894	0.106	pending
books/assets/solid-geometry/fig-p0167-02.png	立体几何	solid-geometry	167	T	low	初分待对照 raw 改轨	(第10题)	tex/books/立体几何.tex:9970	159	116	1009	0.879	0.121	pending
books/assets/solid-geometry/fig-p0168-01.png	立体几何	solid-geometry	168	T	low	初分待对照 raw 改轨	(1)	tex/books/立体几何.tex:10026	108	132	675	0.912	0.088	pending
books/assets/solid-geometry/fig-p0168-02.png	立体几何	solid-geometry	168	T	low	初分待对照 raw 改轨	(2)	tex/books/立体几何.tex:10034	113	146	746	0.919	0.081	pending
books/assets/solid-geometry/fig-p0169-01.png	立体几何	solid-geometry	169	T	low	初分待对照 raw 改轨	图2-56	tex/books/立体几何.tex:10082	137	113	733	0.882	0.118	pending
books/assets/solid-geometry/fig-p0171-01.png	立体几何	solid-geometry	171	T	low	初分待对照 raw 改轨	图2-57	tex/books/立体几何.tex:10146	135	146	1093	0.854	0.146	pending
books/assets/solid-geometry/fig-p0173-01.png	立体几何	solid-geometry	173	T	low	初分待对照 raw 改轨	图2-58	tex/books/立体几何.tex:10238	138	140	884	0.904	0.096	pending
books/assets/solid-geometry/fig-p0173-02.png	立体几何	solid-geometry	173	T	low	初分待对照 raw 改轨	图2-59	tex/books/立体几何.tex:10246	179	141	1181	0.878	0.122	pending
books/assets/solid-geometry/fig-p0174-01.png	立体几何	solid-geometry	174	V	low	初分待对照 raw 改轨	图2-60	tex/books/立体几何.tex:10313	252	191	2647	0.825	0.175	pending
books/assets/solid-geometry/fig-p0175-01.png	立体几何	solid-geometry	175	T	low	初分待对照 raw 改轨	图2.61	tex/books/立体几何.tex:10334	197	156	1555	0.850	0.150	pending
books/assets/solid-geometry/fig-p0175-02.png	立体几何	solid-geometry	175	T	low	初分待对照 raw 改轨	图2.62	tex/books/立体几何.tex:10362	131	161	1107	0.865	0.135	pending
books/assets/solid-geometry/fig-p0176-01.png	立体几何	solid-geometry	176	V	low	初分待对照 raw 改轨	图2-63	tex/books/立体几何.tex:10455	220	152	1818	0.828	0.172	pending
books/assets/solid-geometry/fig-p0177-01.png	立体几何	solid-geometry	177	T	low	初分待对照 raw 改轨	图2-64	tex/books/立体几何.tex:10484	129	120	797	0.871	0.129	pending
books/assets/solid-geometry/fig-p0178-01.png	立体几何	solid-geometry	178	V	low	初分待对照 raw 改轨	图2.65	tex/books/立体几何.tex:10526	190	134	1615	0.769	0.231	pending
books/assets/solid-geometry/fig-p0178-02.png	立体几何	solid-geometry	178	T	low	初分待对照 raw 改轨	图2·68	tex/books/立体几何.tex:10560	145	135	969	0.880	0.120	pending
books/assets/solid-geometry/fig-p0179-01.png	立体几何	solid-geometry	179	T	low	初分待对照 raw 改轨	图2·67	tex/books/立体几何.tex:10594	154	170	1317	0.867	0.133	pending
books/assets/solid-geometry/fig-p0180-01.png	立体几何	solid-geometry	180	T	low	初分待对照 raw 改轨	(第5题)	tex/books/立体几何.tex:10669	106	125	721	0.858	0.142	pending
books/assets/solid-geometry/fig-p0181-01.png	立体几何	solid-geometry	181	T	low	初分待对照 raw 改轨	(第7题)	tex/books/立体几何.tex:10692	167	83	579	0.861	0.139	pending
books/assets/solid-geometry/fig-p0181-02.png	立体几何	solid-geometry	181	T	low	初分待对照 raw 改轨	(第9题)	tex/books/立体几何.tex:10720	178	128	1050	0.886	0.114	pending
books/assets/solid-geometry/fig-p0182-01.png	立体几何	solid-geometry	182	T	low	初分待对照 raw 改轨	图2-68	tex/books/立体几何.tex:10786	231	152	1649	0.872	0.128	pending
books/assets/solid-geometry/fig-p0183-01.png	立体几何	solid-geometry	183	T	low	初分待对照 raw 改轨	图2-69	tex/books/立体几何.tex:10822	133	134	902	0.909	0.091	pending
books/assets/solid-geometry/fig-p0183-02.png	立体几何	solid-geometry	183	T	medium	高留白线稿	(1)	tex/books/立体几何.tex:10843	84	130	552	0.925	0.075	pending
books/assets/solid-geometry/fig-p0183-03.png	立体几何	solid-geometry	183	V	low	初分待对照 raw 改轨	(2)	tex/books/立体几何.tex:10851	83	128	733	0.849	0.151	pending
books/assets/solid-geometry/fig-p0183-04.png	立体几何	solid-geometry	183	T	low	初分待对照 raw 改轨	(3)	tex/books/立体几何.tex:10859	81	114	509	0.903	0.097	pending
books/assets/solid-geometry/fig-p0183-05.png	立体几何	solid-geometry	183	T	low	初分待对照 raw 改轨	(4)	tex/books/立体几何.tex:10867	71	113	536	0.879	0.121	pending
books/assets/solid-geometry/fig-p0183-06.png	立体几何	solid-geometry	183	T	low	初分待对照 raw 改轨	(5)	tex/books/立体几何.tex:10875	88	112	579	0.892	0.108	pending
books/assets/solid-geometry/fig-p0184-01.png	立体几何	solid-geometry	184	T	low	初分待对照 raw 改轨	图2-71	tex/books/立体几何.tex:10910	133	144	917	0.901	0.099	pending
books/assets/solid-geometry/fig-p0185-01.png	立体几何	solid-geometry	185	T	low	初分待对照 raw 改轨	图2-72	tex/books/立体几何.tex:10948	134	130	894	0.887	0.113	pending
books/assets/solid-geometry/fig-p0185-02.png	立体几何	solid-geometry	185	T	medium	高留白线稿	图2-73	tex/books/立体几何.tex:10975	136	142	764	0.931	0.069	pending
books/assets/solid-geometry/fig-p0185-03.png	立体几何	solid-geometry	185	T	low	初分待对照 raw 改轨	图2-74	tex/books/立体几何.tex:10997	120	138	913	0.858	0.142	pending
books/assets/solid-geometry/fig-p0187-01.png	立体几何	solid-geometry	187	T	low	初分待对照 raw 改轨	(第8题)	tex/books/立体几何.tex:11084	112	115	675	0.901	0.099	pending
books/assets/solid-geometry/fig-p0187-02.png	立体几何	solid-geometry	187	T	low	初分待对照 raw 改轨	(第11题)	tex/books/立体几何.tex:11119	134	152	1073	0.886	0.114	pending
books/assets/solid-geometry/fig-p0187-03.png	立体几何	solid-geometry	187	T	low	初分待对照 raw 改轨	(第12题)	tex/books/立体几何.tex:11127	109	133	736	0.901	0.099	pending
books/assets/solid-geometry/fig-p0188-01.png	立体几何	solid-geometry	188	T	low	初分待对照 raw 改轨	图2-75	tex/books/立体几何.tex:11200	121	156	965	0.877	0.123	pending
books/assets/solid-geometry/fig-p0189-01.png	立体几何	solid-geometry	189	T	low	初分待对照 raw 改轨	图2-76	tex/books/立体几何.tex:11240	124	153	942	0.907	0.093	pending
books/assets/solid-geometry/fig-p0190-01.png	立体几何	solid-geometry	190	T	low	初分待对照 raw 改轨	图2-77	tex/books/立体几何.tex:11299	141	109	939	0.852	0.148	pending
books/assets/solid-geometry/fig-p0191-01.png	立体几何	solid-geometry	191	T	low	初分待对照 raw 改轨	图2·78	tex/books/立体几何.tex:11348	151	137	1011	0.866	0.134	pending
books/assets/solid-geometry/fig-p0192-01.png	立体几何	solid-geometry	192	V	low	初分待对照 raw 改轨	(第6题)	tex/books/立体几何.tex:11407	154	106	989	0.826	0.174	pending
books/assets/solid-geometry/fig-p0192-02.png	立体几何	solid-geometry	192	T	low	初分待对照 raw 改轨	(第10题)	tex/books/立体几何.tex:11438	135	141	971	0.887	0.113	pending
books/assets/solid-geometry/fig-p0192-03.png	立体几何	solid-geometry	192	T	low	初分待对照 raw 改轨	(第11题)	tex/books/立体几何.tex:11446	124	131	831	0.882	0.118	pending
books/assets/solid-geometry/fig-p0193-01.png	立体几何	solid-geometry	193	T	low	初分待对照 raw 改轨	(1)	tex/books/立体几何.tex:11490	200	139	1486	0.876	0.124	pending
books/assets/solid-geometry/fig-p0193-02.png	立体几何	solid-geometry	193	T	low	初分待对照 raw 改轨	(3)	tex/books/立体几何.tex:11498	154	139	1091	0.888	0.112	pending
books/assets/solid-geometry/fig-p0196-01.png	立体几何	solid-geometry	196	T	low	初分待对照 raw 改轨	图2-80	tex/books/立体几何.tex:11618	125	165	873	0.872	0.128	pending
books/assets/solid-geometry/fig-p0196-02.png	立体几何	solid-geometry	196	T	low	初分待对照 raw 改轨	图2-81	tex/books/立体几何.tex:11655	134	147	1004	0.859	0.141	pending
books/assets/solid-geometry/fig-p0197-01.png	立体几何	solid-geometry	197	T	low	初分待对照 raw 改轨	(第4题)	tex/books/立体几何.tex:11696	158	135	1015	0.872	0.128	pending
books/assets/solid-geometry/fig-p0197-02.png	立体几何	solid-geometry	197	T	low	初分待对照 raw 改轨	(第5题)	tex/books/立体几何.tex:11704	150	107	863	0.869	0.131	pending
books/assets/solid-geometry/fig-p0198-01.png	立体几何	solid-geometry	198	T	low	初分待对照 raw 改轨	(1)	tex/books/立体几何.tex:11736	94	94	495	0.900	0.100	pending
books/assets/solid-geometry/fig-p0198-02.png	立体几何	solid-geometry	198	T	low	初分待对照 raw 改轨	(2)	tex/books/立体几何.tex:11744	102	108	681	0.872	0.128	pending
books/assets/solid-geometry/fig-p0198-03.png	立体几何	solid-geometry	198	V	low	初分待对照 raw 改轨	(3)	tex/books/立体几何.tex:11752	90	97	700	0.752	0.248	pending
books/assets/solid-geometry/fig-p0198-04.png	立体几何	solid-geometry	198	T	low	初分待对照 raw 改轨	图2-83	tex/books/立体几何.tex:11777	129	113	571	0.872	0.128	pending
books/assets/solid-geometry/fig-p0199-01.png	立体几何	solid-geometry	199	T	low	初分待对照 raw 改轨	图2·84	tex/books/立体几何.tex:11800	118	123	859	0.860	0.140	pending
books/assets/solid-geometry/fig-p0199-02.png	立体几何	solid-geometry	199	T	medium	高留白线稿	图2·85	tex/books/立体几何.tex:11814	272	114	1122	0.933	0.067	pending
books/assets/solid-geometry/fig-p0202-01.png	立体几何	solid-geometry	202	T	low	初分待对照 raw 改轨	(1)	tex/books/立体几何.tex:11934	150	146	1169	0.903	0.097	pending
books/assets/solid-geometry/fig-p0202-02.png	立体几何	solid-geometry	202	T	low	初分待对照 raw 改轨	(2)	tex/books/立体几何.tex:11942	125	125	947	0.858	0.142	pending
books/assets/solid-geometry/fig-p0202-03.png	立体几何	solid-geometry	202	T	low	初分待对照 raw 改轨	图2·87	tex/books/立体几何.tex:11962	260	169	2056	0.865	0.135	pending
books/assets/solid-geometry/fig-p0202-04.png	立体几何	solid-geometry	202	T	low	初分待对照 raw 改轨	图2-88	tex/books/立体几何.tex:11970	219	134	1149	0.896	0.104	pending
books/assets/solid-geometry/fig-p0203-01.png	立体几何	solid-geometry	203	T	low	初分待对照 raw 改轨	图2-89	tex/books/立体几何.tex:12003	155	122	953	0.898	0.102	pending
books/assets/solid-geometry/fig-p0204-01.png	立体几何	solid-geometry	204	T	low	初分待对照 raw 改轨	图2-90	tex/books/立体几何.tex:12055	137	153	815	0.915	0.085	pending
books/assets/solid-geometry/fig-p0204-02.png	立体几何	solid-geometry	204	T	low	初分待对照 raw 改轨	图2-91	tex/books/立体几何.tex:12080	145	137	1109	0.864	0.136	pending
books/assets/solid-geometry/fig-p0205-01.png	立体几何	solid-geometry	205	T	low	初分待对照 raw 改轨	(第3题)	tex/books/立体几何.tex:12144	93	107	690	0.858	0.142	pending
books/assets/solid-geometry/fig-p0206-01.png	立体几何	solid-geometry	206	V	low	初分待对照 raw 改轨	(第6题)	tex/books/立体几何.tex:12172	125	128	1029	0.842	0.158	pending
books/assets/solid-geometry/fig-p0206-02.png	立体几何	solid-geometry	206	T	low	初分待对照 raw 改轨	(第8题)	tex/books/立体几何.tex:12180	140	143	1165	0.874	0.126	pending
books/assets/solid-geometry/fig-p0206-03.png	立体几何	solid-geometry	206	T	low	初分待对照 raw 改轨	(第9题)	tex/books/立体几何.tex:12188	132	154	1062	0.903	0.097	pending
books/assets/solid-geometry/fig-p0209-01.png	立体几何	solid-geometry	209	T	low	初分待对照 raw 改轨	(第1题)	tex/books/立体几何.tex:12342	136	139	990	0.867	0.133	pending
books/assets/solid-geometry/fig-p0210-01.png	立体几何	solid-geometry	210	T	low	初分待对照 raw 改轨	(第18题)	tex/books/立体几何.tex:12423	133	132	827	0.878	0.122	pending
books/assets/solid-geometry/fig-p0210-02.png	立体几何	solid-geometry	210	T	low	初分待对照 raw 改轨	(第19题)	tex/books/立体几何.tex:12431	134	155	1010	0.864	0.136	pending
books/assets/solid-geometry/fig-p0211-01.png	立体几何	solid-geometry	211	T	low	初分待对照 raw 改轨	(第3题)	tex/books/立体几何.tex:12477	139	107	824	0.873	0.127	pending
books/assets/solid-geometry/fig-p0211-02.png	立体几何	solid-geometry	211	T	low	初分待对照 raw 改轨	(第4题)	tex/books/立体几何.tex:12485	106	120	674	0.888	0.112	pending
books/assets/solid-geometry/fig-p0211-03.png	立体几何	solid-geometry	211	T	low	初分待对照 raw 改轨	(第7题)	tex/books/立体几何.tex:12518	142	118	879	0.866	0.134	pending
books/assets/solid-geometry/fig-p0211-04.png	立体几何	solid-geometry	211	T	low	初分待对照 raw 改轨	(第10题)	tex/books/立体几何.tex:12536	118	132	820	0.894	0.106	pending
books/assets/solid-geometry/fig-p0212-01.png	立体几何	solid-geometry	212	T	low	初分待对照 raw 改轨	(第12题)	tex/books/立体几何.tex:12580	147	179	1262	0.904	0.096	pending
books/assets/solid-geometry/fig-p0212-02.png	立体几何	solid-geometry	212	T	low	初分待对照 raw 改轨	(第3题)	tex/books/立体几何.tex:12607	108	124	532	0.906	0.094	pending
books/assets/solid-geometry/fig-p0212-03.png	立体几何	solid-geometry	212	T	low	初分待对照 raw 改轨	图示（原PDF第212页）	tex/books/立体几何.tex:12631	128	118	870	0.870	0.130	pending
books/assets/solid-geometry/fig-p0212-04.png	立体几何	solid-geometry	212	T	low	初分待对照 raw 改轨	(第5题)	tex/books/立体几何.tex:12637	113	83	509	0.901	0.099	pending
books/assets/solid-geometry/fig-p0213-01.png	立体几何	solid-geometry	213	T	low	初分待对照 raw 改轨	(第8题)	tex/books/立体几何.tex:12675	110	114	758	0.884	0.116	pending
books/assets/solid-geometry/fig-p0214-01.png	立体几何	solid-geometry	214	T	low	初分待对照 raw 改轨	图3-1	tex/books/立体几何.tex:12698	106	166	772	0.896	0.104	pending
books/assets/solid-geometry/fig-p0214-02.png	立体几何	solid-geometry	214	V	low	初分待对照 raw 改轨	图3-2	tex/books/立体几何.tex:12706	113	163	1156	0.825	0.175	pending
books/assets/solid-geometry/fig-p0215-01.png	立体几何	solid-geometry	215	T	low	初分待对照 raw 改轨	图3-3	tex/books/立体几何.tex:12742	113	146	816	0.858	0.142	pending
books/assets/solid-geometry/fig-p0215-02.png	立体几何	solid-geometry	215	V	low	初分待对照 raw 改轨	图3-4	tex/books/立体几何.tex:12750	102	143	839	0.848	0.152	pending
books/assets/solid-geometry/fig-p0216-01.png	立体几何	solid-geometry	216	T	medium	高留白线稿	图3-5	tex/books/立体几何.tex:12795	110	169	750	0.937	0.063	pending
books/assets/solid-geometry/fig-p0216-02.png	立体几何	solid-geometry	216	T	low	初分待对照 raw 改轨	图3-6	tex/books/立体几何.tex:12803	122	176	966	0.891	0.109	pending
books/assets/solid-geometry/fig-p0217-01.png	立体几何	solid-geometry	217	T	low	初分待对照 raw 改轨	图3·7	tex/books/立体几何.tex:12839	118	133	830	0.912	0.088	pending
books/assets/solid-geometry/fig-p0218-01.png	立体几何	solid-geometry	218	T	low	初分待对照 raw 改轨	图3.8	tex/books/立体几何.tex:12874	124	134	887	0.897	0.103	pending
books/assets/solid-geometry/fig-p0218-02.png	立体几何	solid-geometry	218	T	medium	高留白线稿	图3-9	tex/books/立体几何.tex:12882	124	119	639	0.927	0.073	pending
books/assets/solid-geometry/fig-p0218-03.png	立体几何	solid-geometry	218	T	low	初分待对照 raw 改轨	图3-10	tex/books/立体几何.tex:12936	115	169	1068	0.878	0.122	pending
books/assets/solid-geometry/fig-p0219-01.png	立体几何	solid-geometry	219	T	low	初分待对照 raw 改轨	(第4题的轴截面)	tex/books/立体几何.tex:12968	108	101	298	0.920	0.080	pending
books/assets/solid-geometry/fig-p0219-02.png	立体几何	solid-geometry	219	V	low	初分待对照 raw 改轨	(第5题)	tex/books/立体几何.tex:13000	99	127	762	0.847	0.153	pending
books/assets/solid-geometry/fig-p0220-01.png	立体几何	solid-geometry	220	T	low	初分待对照 raw 改轨	图3.11	tex/books/立体几何.tex:13038	118	154	849	0.912	0.088	pending
books/assets/solid-geometry/fig-p0220-02.png	立体几何	solid-geometry	220	T	low	初分待对照 raw 改轨	图3-12	tex/books/立体几何.tex:13058	127	159	934	0.912	0.088	pending
books/assets/solid-geometry/fig-p0220-03.png	立体几何	solid-geometry	220	T	medium	高留白线稿	图3-13	tex/books/立体几何.tex:13066	124	146	677	0.929	0.071	pending
books/assets/solid-geometry/fig-p0221-01.png	立体几何	solid-geometry	221	T	low	初分待对照 raw 改轨	图3-14	tex/books/立体几何.tex:13086	113	148	873	0.892	0.108	pending
books/assets/solid-geometry/fig-p0221-02.png	立体几何	solid-geometry	221	T	low	初分待对照 raw 改轨	图3·15	tex/books/立体几何.tex:13109	124	204	1148	0.892	0.108	pending
books/assets/solid-geometry/fig-p0221-03.png	立体几何	solid-geometry	221	T	low	初分待对照 raw 改轨	图3·16	tex/books/立体几何.tex:13119	122	90	463	0.912	0.088	pending
books/assets/solid-geometry/fig-p0222-01.png	立体几何	solid-geometry	222	T	medium	高留白线稿	图3-17	tex/books/立体几何.tex:13150	115	110	516	0.938	0.062	pending
books/assets/solid-geometry/fig-p0222-02.png	立体几何	solid-geometry	222	T	medium	高留白线稿	图3-18	tex/books/立体几何.tex:13158	118	104	547	0.924	0.076	pending
books/assets/solid-geometry/fig-p0223-01.png	立体几何	solid-geometry	223	T	low	初分待对照 raw 改轨	图 3·19	tex/books/立体几何.tex:13190	148	79	553	0.905	0.095	pending
books/assets/solid-geometry/fig-p0224-01.png	立体几何	solid-geometry	224	T	low	初分待对照 raw 改轨	图3-20	tex/books/立体几何.tex:13268	115	114	545	0.914	0.086	pending
books/assets/solid-geometry/fig-p0224-02.png	立体几何	solid-geometry	224	T	low	初分待对照 raw 改轨	图3-21	tex/books/立体几何.tex:13301	139	163	1151	0.884	0.116	pending
books/assets/solid-geometry/fig-p0226-01.png	立体几何	solid-geometry	226	T	low	初分待对照 raw 改轨	(第11题)	tex/books/立体几何.tex:13412	112	113	792	0.865	0.135	pending
books/assets/solid-geometry/fig-p0227-01.png	立体几何	solid-geometry	227	T	medium	高留白线稿	(1)	tex/books/立体几何.tex:13453	119	132	601	0.938	0.062	pending
books/assets/solid-geometry/fig-p0227-02.png	立体几何	solid-geometry	227	T	medium	高留白线稿	(2)	tex/books/立体几何.tex:13461	211	138	1233	0.926	0.074	pending
books/assets/solid-geometry/fig-p0228-01.png	立体几何	solid-geometry	228	T	low	初分待对照 raw 改轨	(1)	tex/books/立体几何.tex:13490	156	192	1345	0.902	0.098	pending
books/assets/solid-geometry/fig-p0228-02.png	立体几何	solid-geometry	228	T	low	初分待对照 raw 改轨	(2)	tex/books/立体几何.tex:13498	89	137	513	0.908	0.092	pending
books/assets/solid-geometry/fig-p0229-01.png	立体几何	solid-geometry	229	T	medium	高留白线稿	(1)	tex/books/立体几何.tex:13522	146	168	933	0.933	0.067	pending
books/assets/solid-geometry/fig-p0229-02.png	立体几何	solid-geometry	229	T	medium	高留白线稿	(2)	tex/books/立体几何.tex:13530	86	128	512	0.938	0.062	pending
books/assets/solid-geometry/fig-p0229-03.png	立体几何	solid-geometry	229	T	medium	高留白线稿	(1)	tex/books/立体几何.tex:13563	146	158	1073	0.926	0.074	pending
books/assets/solid-geometry/fig-p0229-04.png	立体几何	solid-geometry	229	T	low	初分待对照 raw 改轨	(2)	tex/books/立体几何.tex:13571	86	115	507	0.918	0.082	pending
books/assets/solid-geometry/fig-p0230-01.png	立体几何	solid-geometry	230	T	medium	高留白线稿	(1)	tex/books/立体几何.tex:13587	86	117	483	0.935	0.065	pending
books/assets/solid-geometry/fig-p0230-02.png	立体几何	solid-geometry	230	T	medium	高留白线稿	(2)	tex/books/立体几何.tex:13595	67	104	395	0.924	0.076	pending
books/assets/solid-geometry/fig-p0230-03.png	立体几何	solid-geometry	230	T	low	初分待对照 raw 改轨	(3)	tex/books/立体几何.tex:13603	106	104	584	0.908	0.092	pending
books/assets/solid-geometry/fig-p0230-04.png	立体几何	solid-geometry	230	T	low	初分待对照 raw 改轨	(4)	tex/books/立体几何.tex:13611	91	104	508	0.901	0.099	pending
books/assets/solid-geometry/fig-p0231-01.png	立体几何	solid-geometry	231	T	medium	高留白线稿	图3·27	tex/books/立体几何.tex:13684	287	135	802	0.930	0.070	pending
books/assets/solid-geometry/fig-p0232-01.png	立体几何	solid-geometry	232	T	low	初分待对照 raw 改轨	图3-28	tex/books/立体几何.tex:13736	83	132	666	0.871	0.129	pending
books/assets/solid-geometry/fig-p0232-02.png	立体几何	solid-geometry	232	V	low	初分待对照 raw 改轨	图3·29	tex/books/立体几何.tex:13774	88	126	662	0.850	0.150	pending
books/assets/solid-geometry/fig-p0234-01.png	立体几何	solid-geometry	234	T	low	初分待对照 raw 改轨	(第8题)	tex/books/立体几何.tex:13876	117	135	776	0.862	0.138	pending
books/assets/solid-geometry/fig-p0234-02.png	立体几何	solid-geometry	234	T	medium	高留白线稿	图3·30	tex/books/立体几何.tex:13906	138	181	981	0.934	0.066	pending
books/assets/solid-geometry/fig-p0235-01.png	立体几何	solid-geometry	235	T	medium	高留白线稿	图3-31	tex/books/立体几何.tex:13944	163	125	736	0.952	0.048	pending
books/assets/solid-geometry/fig-p0235-02.png	立体几何	solid-geometry	235	T	low	初分待对照 raw 改轨	图3-32	tex/books/立体几何.tex:13973	117	112	657	0.904	0.096	pending
books/assets/solid-geometry/fig-p0236-01.png	立体几何	solid-geometry	236	T	low	初分待对照 raw 改轨	图3-33	tex/books/立体几何.tex:14001	127	153	783	0.904	0.096	pending
books/assets/solid-geometry/fig-p0236-02.png	立体几何	solid-geometry	236	T	medium	高留白线稿	图3-34	tex/books/立体几何.tex:14049	137	215	932	0.928	0.072	pending
books/assets/solid-geometry/fig-p0237-01.png	立体几何	solid-geometry	237	T	low	初分待对照 raw 改轨	(第3题)	tex/books/立体几何.tex:14081	103	124	680	0.912	0.088	pending
books/assets/solid-geometry/fig-p0237-02.png	立体几何	solid-geometry	237	T	medium	高留白线稿	(第4题)	tex/books/立体几何.tex:14089	94	107	502	0.927	0.073	pending
books/assets/solid-geometry/fig-p0238-01.png	立体几何	solid-geometry	238	T	medium	高留白线稿	图3·35	tex/books/立体几何.tex:14151	126	179	1013	0.929	0.071	pending
books/assets/solid-geometry/fig-p0239-01.png	立体几何	solid-geometry	239	T	low	初分待对照 raw 改轨	图3-38	tex/books/立体几何.tex:14213	111	151	651	0.912	0.088	pending
books/assets/solid-geometry/fig-p0239-02.png	立体几何	solid-geometry	239	T	medium	高留白线稿	图3-37	tex/books/立体几何.tex:14243	102	118	521	0.924	0.076	pending
books/assets/solid-geometry/fig-p0239-03.png	立体几何	solid-geometry	239	T	low	初分待对照 raw 改轨	图3-38	tex/books/立体几何.tex:14251	92	122	566	0.904	0.096	pending
books/assets/solid-geometry/fig-p0240-01.png	立体几何	solid-geometry	240	T	low	初分待对照 raw 改轨	图3-39	tex/books/立体几何.tex:14317	112	147	896	0.891	0.109	pending
books/assets/solid-geometry/fig-p0241-01.png	立体几何	solid-geometry	241	T	low	初分待对照 raw 改轨	图3-40	tex/books/立体几何.tex:14377	141	93	546	0.906	0.094	pending
books/assets/solid-geometry/fig-p0242-01.png	立体几何	solid-geometry	242	T	low	初分待对照 raw 改轨	(第3题)	tex/books/立体几何.tex:14403	126	139	802	0.882	0.118	pending
books/assets/solid-geometry/fig-p0242-02.png	立体几何	solid-geometry	242	T	low	初分待对照 raw 改轨	(第4题)	tex/books/立体几何.tex:14411	110	105	561	0.910	0.090	pending
books/assets/solid-geometry/fig-p0243-01.png	立体几何	solid-geometry	243	V	low	初分待对照 raw 改轨	图3-41	tex/books/立体几何.tex:14494	105	135	850	0.817	0.183	pending
books/assets/solid-geometry/fig-p0244-01.png	立体几何	solid-geometry	244	T	low	初分待对照 raw 改轨	图3-42	tex/books/立体几何.tex:14534	187	110	850	0.899	0.101	pending
books/assets/solid-geometry/fig-p0244-02.png	立体几何	solid-geometry	244	T	low	初分待对照 raw 改轨	图3-43	tex/books/立体几何.tex:14542	174	91	799	0.890	0.110	pending
books/assets/solid-geometry/fig-p0245-01.png	立体几何	solid-geometry	245	T	low	初分待对照 raw 改轨	图 3-44	tex/books/立体几何.tex:14594	114	125	745	0.885	0.115	pending
books/assets/solid-geometry/fig-p0247-01.png	立体几何	solid-geometry	247	T	low	初分待对照 raw 改轨	图3-45	tex/books/立体几何.tex:14702	116	154	964	0.900	0.100	pending
books/assets/solid-geometry/fig-p0247-02.png	立体几何	solid-geometry	247	T	medium	高留白线稿	图3-46	tex/books/立体几何.tex:14728	154	103	557	0.942	0.058	pending
books/assets/solid-geometry/fig-p0248-01.png	立体几何	solid-geometry	248	T	medium	高留白线稿	图3-48	tex/books/立体几何.tex:14815	126	140	876	0.920	0.080	pending
books/assets/solid-geometry/fig-p0249-01.png	立体几何	solid-geometry	249	T	medium	高留白线稿	图3·49	tex/books/立体几何.tex:14859	127	164	914	0.926	0.074	pending
books/assets/solid-geometry/fig-p0251-01.png	立体几何	solid-geometry	251	T	low	初分待对照 raw 改轨	图 3·50	tex/books/立体几何.tex:14933	86	109	589	0.896	0.104	pending
books/assets/solid-geometry/fig-p0251-02.png	立体几何	solid-geometry	251	T	medium	高留白线稿	图3-51	tex/books/立体几何.tex:14965	112	175	899	0.923	0.077	pending
books/assets/solid-geometry/fig-p0252-01.png	立体几何	solid-geometry	252	T	low	初分待对照 raw 改轨	图3·52	tex/books/立体几何.tex:15021	100	128	515	0.910	0.090	pending
books/assets/solid-geometry/fig-p0253-01.png	立体几何	solid-geometry	253	T	low	初分待对照 raw 改轨	图示（原PDF第253页）	tex/books/立体几何.tex:15058	100	114	619	0.904	0.096	pending
books/assets/solid-geometry/fig-p0253-02.png	立体几何	solid-geometry	253	T	low	初分待对照 raw 改轨	图3-53	tex/books/立体几何.tex:15064	100	122	650	0.882	0.118	pending
books/assets/solid-geometry/fig-p0254-01.png	立体几何	solid-geometry	254	T	medium	高留白线稿	(1)	tex/books/立体几何.tex:15124	121	145	658	0.921	0.079	pending
books/assets/solid-geometry/fig-p0254-02.png	立体几何	solid-geometry	254	P	medium	疑似网纹或照片	(2)	tex/books/立体几何.tex:15132	117	102	735	0.739	0.261	pending
books/assets/solid-geometry/fig-p0256-01.png	立体几何	solid-geometry	256	T	medium	高留白线稿	(第3题)	tex/books/立体几何.tex:15237	121	231	1146	0.931	0.069	pending
books/assets/solid-geometry/fig-p0256-02.png	立体几何	solid-geometry	256	V	low	初分待对照 raw 改轨	(第7题)	tex/books/立体几何.tex:15245	88	206	1085	0.823	0.177	pending
books/assets/solid-geometry/fig-p0257-01.png	立体几何	solid-geometry	257	T	low	初分待对照 raw 改轨	(第1.4题)	tex/books/立体几何.tex:15280	117	121	661	0.905	0.095	pending
books/assets/solid-geometry/fig-p0257-02.png	立体几何	solid-geometry	257	T	low	初分待对照 raw 改轨	图3·55	tex/books/立体几何.tex:15313	100	122	727	0.907	0.093	pending
books/assets/solid-geometry/fig-p0258-01.png	立体几何	solid-geometry	258	T	low	初分待对照 raw 改轨	图3·58	tex/books/立体几何.tex:15341	213	109	999	0.919	0.081	pending
books/assets/solid-geometry/fig-p0258-02.png	立体几何	solid-geometry	258	T	medium	高留白线稿	图3·57	tex/books/立体几何.tex:15349	224	114	1070	0.930	0.070	pending
books/assets/solid-geometry/fig-p0259-01.png	立体几何	solid-geometry	259	T	low	初分待对照 raw 改轨	(1)	tex/books/立体几何.tex:15389	144	169	1383	0.888	0.112	pending
books/assets/solid-geometry/fig-p0259-02.png	立体几何	solid-geometry	259	T	low	初分待对照 raw 改轨	(2)	tex/books/立体几何.tex:15397	194	167	1491	0.905	0.095	pending
books/assets/solid-geometry/fig-p0259-03.png	立体几何	solid-geometry	259	T	medium	高留白线稿	图3·59	tex/books/立体几何.tex:15410	212	122	1040	0.931	0.069	pending
books/assets/solid-geometry/fig-p0260-01.png	立体几何	solid-geometry	260	T	low	初分待对照 raw 改轨	(1)	tex/books/立体几何.tex:15449	118	121	722	0.915	0.085	pending
books/assets/solid-geometry/fig-p0260-02.png	立体几何	solid-geometry	260	T	low	初分待对照 raw 改轨	(2)	tex/books/立体几何.tex:15457	119	140	866	0.901	0.099	pending
books/assets/solid-geometry/fig-p0261-01.png	立体几何	solid-geometry	261	T	medium	高留白线稿	图3-81	tex/books/立体几何.tex:15493	146	147	928	0.934	0.066	pending
books/assets/solid-geometry/fig-p0261-02.png	立体几何	solid-geometry	261	T	low	初分待对照 raw 改轨	图3-62	tex/books/立体几何.tex:15501	148	141	1094	0.883	0.117	pending
books/assets/solid-geometry/fig-p0262-01.png	立体几何	solid-geometry	262	T	medium	高留白线稿	图3·63	tex/books/立体几何.tex:15569	168	131	905	0.926	0.074	pending
books/assets/solid-geometry/fig-p0262-02.png	立体几何	solid-geometry	262	T	low	初分待对照 raw 改轨	图3·64	tex/books/立体几何.tex:15577	106	104	705	0.897	0.103	pending
books/assets/solid-geometry/fig-p0263-01.png	立体几何	solid-geometry	263	T	low	初分待对照 raw 改轨	(第6题)	tex/books/立体几何.tex:15636	176	140	1196	0.890	0.110	pending
books/assets/solid-geometry/fig-p0263-02.png	立体几何	solid-geometry	263	T	low	初分待对照 raw 改轨	(第7题)	tex/books/立体几何.tex:15644	147	117	785	0.903	0.097	pending
books/assets/solid-geometry/fig-p0264-01.png	立体几何	solid-geometry	264	T	low	初分待对照 raw 改轨	(第8题)	tex/books/立体几何.tex:15686	141	117	830	0.891	0.109	pending
books/assets/solid-geometry/fig-p0264-02.png	立体几何	solid-geometry	264	T	low	初分待对照 raw 改轨	(第9题)	tex/books/立体几何.tex:15694	118	132	691	0.899	0.101	pending
books/assets/solid-geometry/fig-p0264-03.png	立体几何	solid-geometry	264	T	low	初分待对照 raw 改轨	(第10题)	tex/books/立体几何.tex:15723	110	113	788	0.869	0.131	pending
books/assets/solid-geometry/fig-p0264-04.png	立体几何	solid-geometry	264	T	low	初分待对照 raw 改轨	(第11题)	tex/books/立体几何.tex:15731	125	104	628	0.879	0.121	pending
books/assets/solid-geometry/fig-p0265-01.png	立体几何	solid-geometry	265	T	low	初分待对照 raw 改轨	(第17题)	tex/books/立体几何.tex:15776	147	156	1105	0.898	0.102	pending
books/assets/solid-geometry/fig-p0266-01.png	立体几何	solid-geometry	266	T	low	初分待对照 raw 改轨	图3-65	tex/books/立体几何.tex:15802	116	137	836	0.909	0.091	pending
books/assets/solid-geometry/fig-p0266-02.png	立体几何	solid-geometry	266	T	low	初分待对照 raw 改轨	图 3·66	tex/books/立体几何.tex:15814	116	133	908	0.884	0.116	pending
books/assets/solid-geometry/fig-p0266-03.png	立体几何	solid-geometry	266	T	low	初分待对照 raw 改轨	图 3·67	tex/books/立体几何.tex:15822	168	171	1389	0.896	0.104	pending
books/assets/solid-geometry/fig-p0268-01.png	立体几何	solid-geometry	268	T	medium	高留白线稿	(1)	tex/books/立体几何.tex:15881	119	201	937	0.939	0.061	pending
books/assets/solid-geometry/fig-p0268-02.png	立体几何	solid-geometry	268	T	medium	高留白线稿	(2)	tex/books/立体几何.tex:15889	118	197	998	0.925	0.075	pending
books/assets/solid-geometry/fig-p0268-03.png	立体几何	solid-geometry	268	T	medium	高留白线稿	(3)	tex/books/立体几何.tex:15897	117	199	839	0.930	0.070	pending
books/assets/solid-geometry/fig-p0269-01.png	立体几何	solid-geometry	269	T	low	初分待对照 raw 改轨	图3·69	tex/books/立体几何.tex:15976	118	195	839	0.909	0.091	pending
books/assets/solid-geometry/fig-p0269-02.png	立体几何	solid-geometry	269	T	medium	高留白线稿	图示（原PDF第269页）	tex/books/立体几何.tex:15995	131	143	770	0.923	0.077	pending
books/assets/solid-geometry/fig-p0269-03.png	立体几何	solid-geometry	269	T	low	初分待对照 raw 改轨	图3·70	tex/books/立体几何.tex:16001	106	133	759	0.894	0.106	pending
books/assets/solid-geometry/fig-p0270-01.png	立体几何	solid-geometry	270	T	low	初分待对照 raw 改轨	图示（原PDF第270页）	tex/books/立体几何.tex:16038	100	176	747	0.911	0.089	pending
books/assets/solid-geometry/fig-p0270-02.png	立体几何	solid-geometry	270	T	low	初分待对照 raw 改轨	图3-71	tex/books/立体几何.tex:16044	102	157	756	0.906	0.094	pending
books/assets/solid-geometry/fig-p0271-01.png	立体几何	solid-geometry	271	T	low	初分待对照 raw 改轨	图3-72	tex/books/立体几何.tex:16131	151	154	1024	0.907	0.093	pending
books/assets/solid-geometry/fig-p0272-01.png	立体几何	solid-geometry	272	T	low	初分待对照 raw 改轨	(1)	tex/books/立体几何.tex:16168	161	155	1169	0.888	0.112	pending
books/assets/solid-geometry/fig-p0272-02.png	立体几何	solid-geometry	272	T	low	初分待对照 raw 改轨	(2)	tex/books/立体几何.tex:16176	171	152	1215	0.890	0.110	pending
books/assets/solid-geometry/fig-p0274-01.png	立体几何	solid-geometry	274	T	low	初分待对照 raw 改轨	(第9题)	tex/books/立体几何.tex:16275	129	142	799	0.901	0.099	pending
books/assets/solid-geometry/fig-p0274-02.png	立体几何	solid-geometry	274	T	low	初分待对照 raw 改轨	图示（原PDF第274页）	tex/books/立体几何.tex:16283	136	150	908	0.919	0.081	pending
books/assets/solid-geometry/fig-p0274-03.png	立体几何	solid-geometry	274	T	medium	高留白线稿	图示（原PDF第274页）	tex/books/立体几何.tex:16289	70	149	515	0.921	0.079	pending
books/assets/solid-geometry/fig-p0274-04.png	立体几何	solid-geometry	274	T	low	初分待对照 raw 改轨	(第10题)	tex/books/立体几何.tex:16295	121	150	839	0.909	0.091	pending
books/assets/solid-geometry/fig-p0275-01.png	立体几何	solid-geometry	275	P	medium	疑似网纹或照片	(第14题)	tex/books/立体几何.tex:16364	119	85	767	0.817	0.183	pending
books/assets/solid-geometry/fig-p0275-02.png	立体几何	solid-geometry	275	V	low	初分待对照 raw 改轨	(第15题)	tex/books/立体几何.tex:16372	131	148	1414	0.814	0.186	pending
books/assets/solid-geometry/fig-p0276-01.png	立体几何	solid-geometry	276	T	medium	高留白线稿	图示（原PDF第276页）	tex/books/立体几何.tex:16415	318	459	4659	0.928	0.072	pending
books/assets/solid-geometry/fig-p0276-02.png	立体几何	solid-geometry	276	T	medium	高留白线稿	图示（原PDF第276页）	tex/books/立体几何.tex:16421	85	145	572	0.921	0.079	pending
books/assets/solid-geometry/fig-p0276-03.png	立体几何	solid-geometry	276	T	low	初分待对照 raw 改轨	图示（原PDF第276页）	tex/books/立体几何.tex:16427	86	140	676	0.900	0.100	pending
books/assets/solid-geometry/fig-p0276-04.png	立体几何	solid-geometry	276	T	low	初分待对照 raw 改轨	图示（原PDF第276页）	tex/books/立体几何.tex:16433	89	144	655	0.919	0.081	pending
books/assets/solid-geometry/fig-p0276-05.png	立体几何	solid-geometry	276	T	low	初分待对照 raw 改轨	图示（原PDF第276页）	tex/books/立体几何.tex:16439	133	156	1001	0.907	0.093	pending
books/assets/solid-geometry/fig-p0276-06.png	立体几何	solid-geometry	276	T	low	初分待对照 raw 改轨	图示（原PDF第276页）	tex/books/立体几何.tex:16445	136	149	1084	0.865	0.135	pending
books/assets/solid-geometry/fig-p0276-07.png	立体几何	solid-geometry	276	T	low	初分待对照 raw 改轨	图 3·74	tex/books/立体几何.tex:16451	124	144	1083	0.863	0.137	pending
books/assets/solid-geometry/fig-p0277-01.png	立体几何	solid-geometry	277	T	low	初分待对照 raw 改轨	图3·75	tex/books/立体几何.tex:16480	128	141	1021	0.862	0.138	pending
books/assets/solid-geometry/fig-p0278-01.png	立体几何	solid-geometry	278	T	low	初分待对照 raw 改轨	图3·76	tex/books/立体几何.tex:16508	131	159	989	0.908	0.092	pending
books/assets/solid-geometry/fig-p0279-01.png	立体几何	solid-geometry	279	T	low	初分待对照 raw 改轨	(第6题)	tex/books/立体几何.tex:16579	96	138	729	0.890	0.110	pending
books/assets/solid-geometry/fig-p0280-01.png	立体几何	solid-geometry	280	T	low	初分待对照 raw 改轨	图3-77	tex/books/立体几何.tex:16635	221	112	1424	0.864	0.136	pending
books/assets/solid-geometry/fig-p0281-01.png	立体几何	solid-geometry	281	T	low	初分待对照 raw 改轨	图3·78	tex/books/立体几何.tex:16714	108	144	685	0.905	0.095	pending
books/assets/solid-geometry/fig-p0284-01.png	立体几何	solid-geometry	284	T	low	初分待对照 raw 改轨	图3-79	tex/books/立体几何.tex:16843	116	127	857	0.858	0.142	pending
books/assets/solid-geometry/fig-p0284-02.png	立体几何	solid-geometry	284	T	low	初分待对照 raw 改轨	图3-80	tex/books/立体几何.tex:16862	116	136	821	0.891	0.109	pending
books/assets/solid-geometry/fig-p0284-03.png	立体几何	solid-geometry	284	T	low	初分待对照 raw 改轨	图3-81	tex/books/立体几何.tex:16870	115	136	789	0.904	0.096	pending
books/assets/solid-geometry/fig-p0286-01.png	立体几何	solid-geometry	286	P	medium	疑似网纹或照片	图3·82	tex/books/立体几何.tex:16938	122	130	1130	0.837	0.163	pending
books/assets/solid-geometry/fig-p0287-01.png	立体几何	solid-geometry	287	T	low	初分待对照 raw 改轨	图示（原PDF第287页）	tex/books/立体几何.tex:16995	101	145	569	0.899	0.101	pending
books/assets/solid-geometry/fig-p0287-02.png	立体几何	solid-geometry	287	T	low	初分待对照 raw 改轨	(第1题)	tex/books/立体几何.tex:17001	85	113	437	0.916	0.084	pending
books/assets/solid-geometry/fig-p0287-03.png	立体几何	solid-geometry	287	T	low	初分待对照 raw 改轨	(第5题)	tex/books/立体几何.tex:17029	115	120	793	0.866	0.134	pending
books/assets/solid-geometry/fig-p0291-01.png	立体几何	solid-geometry	291	T	low	初分待对照 raw 改轨	(第4题)	tex/books/立体几何.tex:17186	166	102	779	0.919	0.081	pending
books/assets/solid-geometry/fig-p0291-02.png	立体几何	solid-geometry	291	T	low	初分待对照 raw 改轨	(第5题)	tex/books/立体几何.tex:17194	83	134	529	0.889	0.111	pending
books/assets/solid-geometry/fig-p0291-03.png	立体几何	solid-geometry	291	T	low	初分待对照 raw 改轨	(第8题)	tex/books/立体几何.tex:17236	98	147	677	0.920	0.080	pending
books/assets/solid-geometry/fig-p0292-01.png	立体几何	solid-geometry	292	T	low	初分待对照 raw 改轨	(第12题)	tex/books/立体几何.tex:17271	90	100	496	0.887	0.113	pending
books/assets/solid-geometry/fig-p0292-02.png	立体几何	solid-geometry	292	T	low	初分待对照 raw 改轨	(第13题)	tex/books/立体几何.tex:17279	144	131	864	0.901	0.099	pending
books/assets/solid-geometry/fig-p0293-01.png	立体几何	solid-geometry	293	T	low	初分待对照 raw 改轨	(第17题)	tex/books/立体几何.tex:17354	81	139	596	0.892	0.108	pending
books/assets/solid-geometry/fig-p0293-02.png	立体几何	solid-geometry	293	T	low	初分待对照 raw 改轨	(第18题)	tex/books/立体几何.tex:17362	126	95	507	0.917	0.083	pending
books/assets/solid-geometry/fig-p0294-01.png	立体几何	solid-geometry	294	V	low	初分待对照 raw 改轨	(第8题)	tex/books/立体几何.tex:17470	110	117	906	0.798	0.202	pending
books/assets/solid-geometry/fig-p0295-01.png	立体几何	solid-geometry	295	T	low	初分待对照 raw 改轨	(第11题)	tex/books/立体几何.tex:17511	112	129	770	0.915	0.085	pending
books/assets/solid-geometry/fig-p0295-02.png	立体几何	solid-geometry	295	T	low	初分待对照 raw 改轨	(第12题)	tex/books/立体几何.tex:17519	108	126	614	0.907	0.093	pending
books/assets/solid-geometry/fig-p0296-01.png	立体几何	solid-geometry	296	V	low	初分待对照 raw 改轨	(第3题)	tex/books/立体几何.tex:17588	122	125	873	0.844	0.156	pending
books/assets/solid-geometry/fig-p0297-01.png	立体几何	solid-geometry	297	T	low	初分待对照 raw 改轨	(第16题)	tex/books/立体几何.tex:17739	128	157	811	0.885	0.115	pending
books/assets/solid-geometry/fig-p0298-01.png	立体几何	solid-geometry	298	T	low	初分待对照 raw 改轨	(第5题)	tex/books/立体几何.tex:17828	121	108	688	0.908	0.092	pending
books/assets/solid-geometry/fig-p0299-01.png	立体几何	solid-geometry	299	V	low	初分待对照 raw 改轨	(第10题)	tex/books/立体几何.tex:17854	83	120	525	0.849	0.151	pending
books/assets/solid-geometry/fig-p0299-02.png	立体几何	solid-geometry	299	V	low	初分待对照 raw 改轨	(第12题)	tex/books/立体几何.tex:17876	110	112	729	0.825	0.175	pending
books/assets/solid-geometry/fig-p0300-01.png	立体几何	solid-geometry	300	T	low	初分待对照 raw 改轨	(第8题)	tex/books/立体几何.tex:17939	140	153	1075	0.894	0.106	pending
books/assets/chemistry-1/fig-p0001-01.png	化学（第一册）	chemistry-1	1	T	medium	高留白线稿	图示（原PDF第1页）	tex/books/化学（第一册）.tex:16	188	86	470	0.950	0.050	pending
books/assets/chemistry-1/fig-p0015-01.png	化学（第一册）	chemistry-1	15	V	low	初分待对照 raw 改轨	图 1-1 用电子显微镜拍摄的蛋白的微粒	tex/books/化学（第一册）.tex:424	376	211	5199	0.805	0.195	pending
books/assets/chemistry-1/fig-p0019-01.png	化学（第一册）	chemistry-1	19	V	low	初分待对照 raw 改轨	图 1·2 电流通过水时所引起的化学变化	tex/books/化学（第一册）.tex:520	301	267	4195	0.787	0.213	pending
books/assets/chemistry-1/fig-p0021-01.png	化学（第一册）	chemistry-1	21	T	high	对照 raw 第21页示意图，已改 TikZ	图示（原PDF第21页）	tex/books/化学（第一册）.tex:571	495	118	2042	0.886	0.114	replaced
books/assets/chemistry-1/fig-p0021-02.png	化学（第一册）	chemistry-1	21	T	high	对照 raw 第21页图1·3，已改 TikZ	图 1·3 水分子分裂成氢分子和氧分子的示意图	tex/books/化学（第一册）.tex:580	666	292	4742	0.913	0.087	replaced
books/assets/chemistry-1/fig-p0028-01.png	化学（第一册）	chemistry-1	28	P	medium	疑似网纹或照片	图 1·4 地壳内所含各种元素的重盛百分数	tex/books/化学（第一册）.tex:740	440	330	7236	0.750	0.250	pending
books/assets/chemistry-1/fig-p0048-01.png	化学（第一册）	chemistry-1	48	V	low	初分待对照 raw 改轨	图 2-1 磷在氧气里燃烧	tex/books/化学（第一册）.tex:1566	147	409	2105	0.805	0.195	pending
books/assets/chemistry-1/fig-p0048-02.png	化学（第一册）	chemistry-1	48	V	low	初分待对照 raw 改轨	图 2-2 碳在氧气里燃烧	tex/books/化学（第一册）.tex:1574	148	405	1816	0.830	0.170	pending
books/assets/chemistry-1/fig-p0049-01.png	化学（第一册）	chemistry-1	49	T	high	对照 raw/PNG，已改 TikZ	图 2-3 铁丝在氧气里燃烧	tex/books/化学（第一册）.tex:1609	191	402	2465	0.857	0.143	replaced
books/assets/chemistry-1/fig-p0052-01.png	化学（第一册）	chemistry-1	52	T	high	对照 raw/PNG，已改 TikZ	图 2·4 氧炔吹管	tex/books/化学（第一册）.tex:1692	652	150	2659	0.865	0.135	replaced
books/assets/chemistry-1/fig-p0053-01.png	化学（第一册）	chemistry-1	53	T	high	对照 raw/PNG，已改 TikZ	图 2-5 利用氧炔吹管焊美金	tex/books/化学（第一册）.tex:1704	647	341	6006	0.905	0.095	replaced
books/assets/chemistry-1/fig-p0053-02.png	化学（第一册）	chemistry-1	53	T	high	对照 raw/PNG，已改 TikZ	图 2·6 利用氧炔吹管切割金属	tex/books/化学（第一册）.tex:1712	684	407	6310	0.915	0.085	replaced
books/assets/chemistry-1/fig-p0056-01.png	化学（第一册）	chemistry-1	56	T	high	对照 raw/PNG，已改 TikZ	图 2·7 氯酸钾的分解	tex/books/化学（第一册）.tex:1773	691	408	6989	0.914	0.086	replaced
books/assets/chemistry-1/fig-p0057-01.png	化学（第一册）	chemistry-1	57	V	low	初分待对照 raw 改轨	图 2-8 用排水集气法收集氧气	tex/books/化学（第一册）.tex:1794	725	417	9286	0.846	0.154	pending
books/assets/chemistry-1/fig-p0058-01.png	化学（第一册）	chemistry-1	58	T	high	对照 raw/PNG，已改 TikZ	图29 氧气钢筒	tex/books/化学（第一册）.tex:1802	206	518	2855	0.858	0.142	replaced
books/assets/chemistry-1/fig-p0060-01.png	化学（第一册）	chemistry-1	60	T	high	对照 raw 第60页图2·10，已改 TikZ	图2·10 氧气变成臭氧的示意图	tex/books/化学（第一册）.tex:1855	456	312	4207	0.883	0.117	replaced
books/assets/chemistry-1/fig-p0061-01.png	化学（第一册）	chemistry-1	61	T	high	对照 raw 第61页示意图，已改 TikZ	图示（原PDF第61页）	tex/books/化学（第一册）.tex:1890	350	122	1424	0.905	0.095	replaced
books/assets/chemistry-1/fig-p0063-01.png	化学（第一册）	chemistry-1	63	V	low	初分待对照 raw 改轨	图2·11 酒精灯火焰熄灭的方法	tex/books/化学（第一册）.tex:1935	242	252	2344	0.842	0.158	pending
books/assets/chemistry-1/fig-p0066-01.png	化学（第一册）	chemistry-1	66	T	high	对照 raw/PNG，已改 TikZ	图 2·12 物质不灭定律的简单实验	tex/books/化学（第一册）.tex:1993	663	322	7008	0.861	0.139	replaced
books/assets/chemistry-1/fig-p0079-01.png	化学（第一册）	chemistry-1	79	V	low	初分待对照 raw 改轨	图 2·13 制取氢气的装置	tex/books/化学（第一册）.tex:2413	546	339	6259	0.846	0.154	pending
books/assets/chemistry-1/fig-p0080-01.png	化学（第一册）	chemistry-1	80	T	high	对照 raw/PNG，已改 TikZ	(a) 启普发生器	tex/books/化学（第一册）.tex:2442	228	294	2358	0.869	0.131	replaced
books/assets/chemistry-1/fig-p0080-02.png	化学（第一册）	chemistry-1	80	T	high	对照 raw/PNG，已改 TikZ	(b) 启普发生器的两个组成部分	tex/books/化学（第一册）.tex:2450	313	300	2604	0.893	0.107	replaced
books/assets/chemistry-1/fig-p0080-03.png	化学（第一册）	chemistry-1	80	T	high	对照 raw/PNG，已改 TikZ	(c) 产生氢气的情形	tex/books/化学（第一册）.tex:2458	264	293	2746	0.861	0.139	replaced
books/assets/chemistry-1/fig-p0080-04.png	化学（第一册）	chemistry-1	80	V	low	初分待对照 raw 改轨	(d) 停止产生氢气的情形	tex/books/化学（第一册）.tex:2466	236	294	2663	0.837	0.163	pending
books/assets/chemistry-1/fig-p0083-01.png	化学（第一册）	chemistry-1	83	T	high	对照 raw 第83页图2·15，已改 TikZ	图 2·15 锌和盐酸置换反应的示意图	tex/books/化学（第一册）.tex:2534	555	152	2913	0.882	0.118	replaced
books/assets/chemistry-1/fig-p0084-01.png	化学（第一册）	chemistry-1	84	T	high	对照 raw/PNG，已改 TikZ	图 2-16 氢气在空气燃烧	tex/books/化学（第一册）.tex:2612	310	410	2391	0.899	0.101	replaced
books/assets/chemistry-1/fig-p0086-01.png	化学（第一册）	chemistry-1	86	T	high	对照 raw/PNG，已改 TikZ	图 2·17 氢气还原氧化铜的实验	tex/books/化学（第一册）.tex:2650	627	458	5044	0.924	0.076	replaced
books/assets/chemistry-1/fig-p0091-01.png	化学（第一册）	chemistry-1	91	V	low	初分待对照 raw 改轨	图2-18 电解水的简单装置	tex/books/化学（第一册）.tex:2778	453	447	6184	0.820	0.180	pending
books/assets/chemistry-1/fig-p0105-01.png	化学（第一册）	chemistry-1	105	T	low	初分待对照 raw 改轨	图 3·1 经过琢磨的金刚石.	tex/books/化学（第一册）.tex:3313	185	139	1226	0.857	0.143	pending
books/assets/chemistry-1/fig-p0110-01.png	化学（第一册）	chemistry-1	110	V	low	初分待对照 raw 改轨	图 3-2 木材的干馏	tex/books/化学（第一册）.tex:3470	363	427	5226	0.833	0.167	pending
books/assets/chemistry-1/fig-p0113-01.png	化学（第一册）	chemistry-1	113	T	high	对照 raw/PNG，已改 TikZ	图 3·3 用水炭还原氧化铜	tex/books/化学（第一册）.tex:3552	452	414	4983	0.855	0.145	replaced
books/assets/chemistry-1/fig-p0116-01.png	化学（第一册）	chemistry-1	116	T	high	对照 raw/PNG，已改 TikZ	图3-4 干冰的生表	tex/books/化学（第一册）.tex:3648	513	377	5785	0.866	0.134	replaced
books/assets/chemistry-1/fig-p0117-01.png	化学（第一册）	chemistry-1	117	T	high	对照 raw/PNG，已改 TikZ	图 3·5 碳倒 CO_{2} 灭火的实验	tex/books/化学（第一册）.tex:3667	416	409	4758	0.900	0.100	replaced
books/assets/chemistry-1/fig-p0119-01.png	化学（第一册）	chemistry-1	119	V	low	初分待对照 raw 改轨	图 3-7 二氧化碳灭火器	tex/books/化学（第一册）.tex:3723	637	426	10197	0.802	0.198	pending
books/assets/chemistry-1/fig-p0121-01.png	化学（第一册）	chemistry-1	121	T	high	对照 raw/PNG，已改 TikZ	图 3-8 实验室里制取二氧化碳	tex/books/化学（第一册）.tex:3763	371	321	3891	0.866	0.134	replaced
books/assets/chemistry-1/fig-p0124-01.png	化学（第一册）	chemistry-1	124	T	high	对照 raw/PNG，已改 TikZ	图 3-9 一氧化碳的制取	tex/books/化学（第一册）.tex:3858	569	403	7013	0.850	0.150	replaced
books/assets/chemistry-1/fig-p0125-01.png	化学（第一册）	chemistry-1	125	V	low	初分待对照 raw 改轨	图 3·10 用一氧化碳还原氧化铁	tex/books/化学（第一册）.tex:3889	692	513	9966	0.831	0.169	pending
books/assets/chemistry-1/fig-p0128-01.png	化学（第一册）	chemistry-1	128	V	low	初分待对照 raw 改轨	图 3-11 煤在煤炉里燃烧	tex/books/化学（第一册）.tex:3968	330	518	7115	0.800	0.200	pending
books/assets/chemistry-1/fig-p0129-01.png	化学（第一册）	chemistry-1	129	T	high	对照 raw/PNG，已改 TikZ	图 3·12 煤气发生炉的简单构造图	tex/books/化学（第一册）.tex:4007	364	534	6170	0.890	0.110	replaced
books/assets/chemistry-1/fig-p0132-01.png	化学（第一册）	chemistry-1	132	V	low	初分待对照 raw 改轨	图 3·13 煤成火焰的结构	tex/books/化学（第一册）.tex:4064	170	414	2977	0.842	0.158	pending
books/assets/chemistry-1/fig-p0132-02.png	化学（第一册）	chemistry-1	132	T	high	对照 raw/PNG，已改 TikZ	图 3-14 把火焰内部气态物质引入烧瓶	tex/books/化学（第一册）.tex:4072	391	378	3731	0.902	0.098	replaced
books/assets/chemistry-1/fig-p0133-01.png	化学（第一册）	chemistry-1	133	T	high	对照 raw/PNG，已改 TikZ	图 3-15 证明焰心是由可燃性气体和组成	tex/books/化学（第一册）.tex:4098	306	399	3117	0.933	0.067	replaced
books/assets/chemistry-1/fig-p0134-01.png	化学（第一册）	chemistry-1	134	T	high	对照 raw/PNG，已改 TikZ	图示（原PDF第134页）	tex/books/化学（第一册）.tex:4126	178	314	2287	0.856	0.144	replaced
books/assets/chemistry-1/fig-p0134-02.png	化学（第一册）	chemistry-1	134	V	low	初分待对照 raw 改轨	b	tex/books/化学（第一册）.tex:4132	205	131	1276	0.810	0.190	pending
books/assets/chemistry-1/fig-p0145-01.png	化学（第一册）	chemistry-1	145	P	medium	疑似网纹或照片	图 3·17 1克原子几种金属元素体积的比较	tex/books/化学（第一册）.tex:4551	635	253	3679	0.863	0.137	pending
books/assets/chemistry-1/fig-p0145-02.png	化学（第一册）	chemistry-1	145	V	low	初分待对照 raw 改轨	图 3·18 1 克分子几种不同物质体积的比较	tex/books/化学（第一册）.tex:4559	597	265	7450	0.763	0.237	pending
books/assets/chemistry-1/fig-p0147-01.png	化学（第一册）	chemistry-1	147	V	low	初分待对照 raw 改轨	图 3-19 一个克分子的氢气、氮气、二氧化碳在气体状况下都占有 22.4 升体积	tex/books/化学（第一册）.tex:4614	627	203	4107	0.788	0.212	pending
books/assets/chemistry-1/fig-p0148-01.png	化学（第一册）	chemistry-1	148	P	medium	疑似网纹或照片	图 3-20 标准状况下 1 克分子气体所占体积 (22.4 升)------气体克分子体积 (GMVo)	tex/books/化学（第一册）.tex:4628	341	377	3985	0.861	0.139	pending
books/assets/chemistry-1/fig-p0159-01.png	化学（第一册）	chemistry-1	159	V	low	初分待对照 raw 改轨	图 4-1 在显微镜下看到的牛奶里的油滴	tex/books/化学（第一册）.tex:4973	312	301	6014	0.773	0.227	pending
books/assets/chemistry-1/fig-p0175-01.png	化学（第一册）	chemistry-1	175	T	high	对照 raw 第175页示意图或曲线，已改 TikZ	图 4-2 直角坐标系的四个象限	tex/books/化学（第一册）.tex:5430	401	380	1433	0.964	0.036	replaced
books/assets/chemistry-1/fig-p0175-02.png	化学（第一册）	chemistry-1	175	V	low	初分待对照 raw 改轨	图 4-3 一些固体物质的溶解度曲线	tex/books/化学（第一册）.tex:5440	368	524	6695	0.826	0.174	pending
books/assets/chemistry-1/fig-p0176-01.png	化学（第一册）	chemistry-1	176	T	high	对照 raw 第176页示意图或曲线，已改 TikZ	图 4-4 石膏和消石灰的溶解度曲线	tex/books/化学（第一册）.tex:5456	389	332	3781	0.862	0.138	replaced
books/assets/chemistry-1/fig-p0176-02.png	化学（第一册）	chemistry-1	176	T	high	对照 raw 第176页示意图或曲线，已改 TikZ	图 4-5 硝酸钾的溶解度曲线	tex/books/化学（第一册）.tex:5471	436	440	3190	0.942	0.058	replaced
books/assets/chemistry-1/fig-p0187-01.png	化学（第一册）	chemistry-1	187	T	high	对照 raw/PNG，已改 TikZ	图示（原PDF第187页）	tex/books/化学（第一册）.tex:5817	575	310	4350	0.906	0.094	replaced
books/assets/chemistry-1/fig-p0187-02.png	化学（第一册）	chemistry-1	187	T	high	对照 raw/PNG，已改 TikZ	图示（原PDF第187页）	tex/books/化学（第一册）.tex:5823	123	118	535	0.858	0.142	replaced
books/assets/chemistry-1/fig-p0187-03.png	化学（第一册）	chemistry-1	187	V	low	初分待对照 raw 改轨	图示（原PDF第187页）	tex/books/化学（第一册）.tex:5829	126	118	847	0.850	0.150	pending
books/assets/chemistry-1/fig-p0187-04.png	化学（第一册）	chemistry-1	187	V	low	初分待对照 raw 改轨	图示（原PDF第187页）	tex/books/化学（第一册）.tex:5835	119	254	1139	0.833	0.167	pending
books/assets/chemistry-1/fig-p0187-05.png	化学（第一册）	chemistry-1	187	T	low	初分待对照 raw 改轨；正文已取消该 PNG 引用	图示（原PDF第187页）	tex/books/化学（第一册）.tex:5841	110	201	895	0.856	0.144	replaced
books/assets/chemistry-1/fig-p0187-06.png	化学（第一册）	chemistry-1	187	T	low	初分待对照 raw 改轨；正文已取消该 PNG 引用	图 4-6 总 体	tex/books/化学（第一册）.tex:5847	157	173	1050	0.901	0.099	replaced
books/assets/chemistry-1/fig-p0187-07.png	化学（第一册）	chemistry-1	187	V	low	初分待对照 raw 改轨	图 4-7 加热硫酸铜晶体，有水蒸气放出	tex/books/化学（第一册）.tex:5860	393	403	4473	0.835	0.165	pending
books/assets/chemistry-1/fig-p0203-01.png	化学（第一册）	chemistry-1	203	T	low	初分待对照 raw 改轨；正文已取消该 PNG 引用	图示（原PDF第203页）	tex/books/化学（第一册）.tex:6538	164	341	1713	0.885	0.115	replaced
books/assets/chemistry-1/fig-p0203-02.png	化学（第一册）	chemistry-1	203	T	low	初分待对照 raw 改轨；正文已取消该 PNG 引用	图4-8 量瓶	tex/books/化学（第一册）.tex:6544	178	341	1804	0.900	0.100	replaced
books/assets/chemistry-1/fig-p0216-01.png	化学（第一册）	chemistry-1	216	V	low	初分待对照 raw 改轨	图 5-1 生石灰和水作用	tex/books/化学（第一册）.tex:7000	304	357	5411	0.805	0.195	pending
books/assets/chemistry-1/fig-p0239-01.png	化学（第一册）	chemistry-1	239	T	high	对照 raw 第239页示意图或曲线，已改 TikZ	图示（原PDF第239页）	tex/books/化学（第一册）.tex:7993	440	215	1728	0.959	0.041	replaced
books/assets/chemistry-1/table-p0258-solubility.png	化学（第一册）	chemistry-1	258	T	high	对照 raw 第254页附表1，已改 tabular	附表1 酸、碱和盐的溶解性	tex/books/化学（第一册）.tex:9104	2664	2108	409313	0.918	0.046	replaced
books/assets/chemistry-1/table-p0259-classification-1.png	化学（第一册）	chemistry-1	259	T	high	对照 raw 第255页附表2，已改 tabular	附表2 物质的分类和命名法（上）	tex/books/化学（第一册）.tex:9161	1720	2540	504311	0.875	0.063	replaced
books/assets/chemistry-1/table-p0260-classification-2.png	化学（第一册）	chemistry-1	260	T	high	对照 raw 第256页附表2，已改 tabular	附表2 物质的分类和命名法（续）	tex/books/化学（第一册）.tex:9252	1790	2650	396426	0.914	0.051	replaced
books/assets/chemistry-1/fig-p0262-01.png	化学（第一册）	chemistry-1	262	T	medium	高留白线稿；正文已取消该 PNG 引用	图示（原PDF第262页）	tex/books/化学（第一册）.tex:8886	766	704	8949	0.926	0.074	replaced
books/assets/chemistry-1/fig-p0263-01.png	化学（第一册）	chemistry-1	263	T	high	对照 raw 第263页示意图或曲线，已改 TikZ	图示（原PDF第263页）	tex/books/化学（第一册）.tex:8924	674	482	4800	0.946	0.054	replaced
books/assets/chemistry-1/fig-p0271-01.png	化学（第一册）	chemistry-1	271	V	low	初分待对照 raw 改轨	图 1	tex/books/化学（第一册）.tex:9312	457	303	4696	0.845	0.155	pending
books/assets/chemistry-1/fig-p0272-01.png	化学（第一册）	chemistry-1	272	V	low	初分待对照 raw 改轨	图 附 2	tex/books/化学（第一册）.tex:9322	374	280	4417	0.819	0.181	pending
books/assets/chemistry-1/fig-p0272-02.png	化学（第一册）	chemistry-1	272	T	medium	高留白线稿	图 附 3	tex/books/化学（第一册）.tex:9332	349	236	1927	0.931	0.069	pending
books/assets/chemistry-1/fig-p0273-01.png	化学（第一册）	chemistry-1	273	T	medium	高留白线稿	图附4	tex/books/化学（第一册）.tex:9342	494	345	2256	0.952	0.048	pending
books/assets/chemistry-1/fig-p0274-01.png	化学（第一册）	chemistry-1	274	T	medium	高留白线稿	图 附 5	tex/books/化学（第一册）.tex:9363	288	378	1835	0.943	0.057	pending
books/assets/chemistry-1/fig-p0274-02.png	化学（第一册）	chemistry-1	274	T	low	初分待对照 raw 改轨	图 附 6	tex/books/化学（第一册）.tex:9371	288	402	3561	0.882	0.118	pending
books/assets/chemistry-1/fig-p0274-03.png	化学（第一册）	chemistry-1	274	T	medium	高留白线稿	图 1-7	tex/books/化学（第一册）.tex:9384	670	149	2154	0.922	0.078	pending
books/assets/chemistry-1/fig-p0275-01.png	化学（第一册）	chemistry-1	275	T	low	初分待对照 raw 改轨	图 附8	tex/books/化学（第一册）.tex:9406	261	278	2365	0.872	0.128	pending
books/assets/chemistry-1/fig-p0276-01.png	化学（第一册）	chemistry-1	276	T	low	初分待对照 raw 改轨	图 附 9	tex/books/化学（第一册）.tex:9422	296	273	2858	0.870	0.130	pending
books/assets/chemistry-1/fig-p0276-02.png	化学（第一册）	chemistry-1	276	T	low	初分待对照 raw 改轨	图 附 10	tex/books/化学（第一册）.tex:9430	328	292	2608	0.889	0.111	pending
books/assets/chemistry-1/fig-p0276-03.png	化学（第一册）	chemistry-1	276	V	low	初分待对照 raw 改轨	图示（原PDF第276页）	tex/books/化学（第一册）.tex:9438	174	209	1872	0.752	0.248	pending
books/assets/chemistry-1/fig-p0276-04.png	化学（第一册）	chemistry-1	276	V	low	初分待对照 raw 改轨	图 附 11	tex/books/化学（第一册）.tex:9444	272	283	2714	0.842	0.158	pending
books/assets/chemistry-1/fig-p0277-01.png	化学（第一册）	chemistry-1	277	T	low	初分待对照 raw 改轨	图 附 12	tex/books/化学（第一册）.tex:9460	427	423	4551	0.916	0.084	pending
books/assets/chemistry-1/fig-p0278-01.png	化学（第一册）	chemistry-1	278	T	low	初分待对照 raw 改轨	图 1	tex/books/化学（第一册）.tex:9470	354	341	3507	0.905	0.095	pending
books/assets/chemistry-1/fig-p0278-02.png	化学（第一册）	chemistry-1	278	V	low	初分待对照 raw 改轨	图 附 14	tex/books/化学（第一册）.tex:9478	555	201	4106	0.811	0.189	pending
books/assets/chemistry-1/fig-p0279-01.png	化学（第一册）	chemistry-1	279	V	low	初分待对照 raw 改轨	图 附 15	tex/books/化学（第一册）.tex:9493	257	445	3913	0.826	0.174	pending
books/assets/chemistry-1/fig-p0279-02.png	化学（第一册）	chemistry-1	279	T	low	初分待对照 raw 改轨	图 附 16	tex/books/化学（第一册）.tex:9501	329	532	4990	0.876	0.124	pending
books/assets/chemistry-1/fig-p0280-01.png	化学（第一册）	chemistry-1	280	T	low	初分待对照 raw 改轨	图附17	tex/books/化学（第一册）.tex:9515	644	412	6324	0.905	0.095	pending
books/assets/chemistry-1/fig-p0281-01.png	化学（第一册）	chemistry-1	281	T	low	初分待对照 raw 改轨	图 附 18	tex/books/化学（第一册）.tex:9540	355	472	5409	0.856	0.144	pending
books/assets/chemistry-1/fig-p0281-02.png	化学（第一册）	chemistry-1	281	T	low	初分待对照 raw 改轨	图 附 19	tex/books/化学（第一册）.tex:9550	450	168	2188	0.917	0.083	pending
books/assets/chemistry-1/fig-p0282-01.png	化学（第一册）	chemistry-1	282	T	medium	高留白线稿	图附20	tex/books/化学（第一册）.tex:9561	328	210	1593	0.942	0.058	pending
books/assets/chemistry-1/fig-p0282-02.png	化学（第一册）	chemistry-1	282	V	low	初分待对照 raw 改轨	图附21	tex/books/化学（第一册）.tex:9576	155	303	1804	0.832	0.168	pending
books/assets/chemistry-1/fig-p0282-03.png	化学（第一册）	chemistry-1	282	T	low	初分待对照 raw 改轨	图 附 22	tex/books/化学（第一册）.tex:9584	173	281	1353	0.868	0.132	pending
books/assets/chemistry-1/fig-p0283-01.png	化学（第一册）	chemistry-1	283	V	low	初分待对照 raw 改轨	(a)	tex/books/化学（第一册）.tex:9594	378	168	1718	0.729	0.271	pending
books/assets/chemistry-1/fig-p0283-02.png	化学（第一册）	chemistry-1	283	V	low	初分待对照 raw 改轨	(b)	tex/books/化学（第一册）.tex:9602	393	139	1476	0.842	0.158	pending
books/assets/chemistry-1/fig-p0283-03.png	化学（第一册）	chemistry-1	283	T	low	初分待对照 raw 改轨	图 附 24	tex/books/化学（第一册）.tex:9615	413	206	2334	0.915	0.085	pending
books/assets/chemistry-1/fig-p0284-01.png	化学（第一册）	chemistry-1	284	T	low	初分待对照 raw 改轨	图 附 25	tex/books/化学（第一册）.tex:9626	497	180	2219	0.917	0.083	pending
books/assets/chemistry-1/fig-p0284-02.png	化学（第一册）	chemistry-1	284	T	low	初分待对照 raw 改轨	图 附 26	tex/books/化学（第一册）.tex:9637	443	193	2732	0.881	0.119	pending
books/assets/chemistry-1/fig-p0285-01.png	化学（第一册）	chemistry-1	285	T	low	初分待对照 raw 改轨	图示（原PDF第285页）	tex/books/化学（第一册）.tex:9653	356	287	2889	0.879	0.121	pending
books/assets/chemistry-1/fig-p0285-02.png	化学（第一册）	chemistry-1	285	T	low	初分待对照 raw 改轨	图 附 27	tex/books/化学（第一册）.tex:9659	300	255	2472	0.853	0.147	pending
books/assets/chemistry-1/fig-p0285-03.png	化学（第一册）	chemistry-1	285	V	low	初分待对照 raw 改轨	图 附 28	tex/books/化学（第一册）.tex:9669	399	357	4989	0.830	0.170	pending
books/assets/chemistry-1/fig-p0286-01.png	化学（第一册）	chemistry-1	286	T	low	初分待对照 raw 改轨	图 附 29	tex/books/化学（第一册）.tex:9683	373	406	4138	0.881	0.119	pending
books/assets/chemistry-1/fig-p0287-01.png	化学（第一册）	chemistry-1	287	T	low	初分待对照 raw 改轨	图 附 30	tex/books/化学（第一册）.tex:9705	437	253	2967	0.909	0.091	pending
books/assets/chemistry-1/fig-p0288-01.png	化学（第一册）	chemistry-1	288	T	low	初分待对照 raw 改轨	图 附 31	tex/books/化学（第一册）.tex:9731	220	328	2628	0.880	0.120	pending
books/assets/chemistry-1/fig-p0292-01.png	化学（第一册）	chemistry-1	292	V	low	初分待对照 raw 改轨	图 附 32 制取氧气并用下方排气法收集氧气的装置	tex/books/化学（第一册）.tex:9922	424	424	5320	0.832	0.168	pending
books/assets/chemistry-1/fig-p0294-01.png	化学（第一册）	chemistry-1	294	T	low	初分待对照 raw 改轨	图示（原PDF第294页）	tex/books/化学（第一册）.tex:10031	249	373	2224	0.862	0.138	pending
books/assets/chemistry-1/fig-p0294-02.png	化学（第一册）	chemistry-1	294	V	low	初分待对照 raw 改轨	图 附 33 氢气发生装置	tex/books/化学（第一册）.tex:10037	405	460	5847	0.839	0.161	pending
books/assets/chemistry-1/fig-p0295-01.png	化学（第一册）	chemistry-1	295	V	low	初分待对照 raw 改轨	图 附 35 氢气还原氧化铜	tex/books/化学（第一册）.tex:10056	399	446	6996	0.785	0.215	pending
books/assets/chemistry-1/fig-p0297-01.png	化学（第一册）	chemistry-1	297	T	low	初分待对照 raw 改轨	图 附 36 二氧化碳气体发生器	tex/books/化学（第一册）.tex:10155	316	319	2255	0.895	0.105	pending
books/assets/chemistry-1/fig-p0297-02.png	化学（第一册）	chemistry-1	297	T	low	初分待对照 raw 改轨	图 附 37 向石灰水中吹气	tex/books/化学（第一册）.tex:10163	166	371	1704	0.875	0.125	pending
books/assets/chemistry-1/fig-p0302-01.png	化学（第一册）	chemistry-1	302	V	low	初分待对照 raw 改轨	图示（原PDF第302页）	tex/books/化学（第一册）.tex:10505	112	94	444	0.567	0.433	pending
books/assets/chemistry-2/fig-p0009-01.png	化学（第二册）	chemistry-2	9	T	high	对照 raw 第9页分类图，已改 TikZ	无机物及其化合物分类示意图	tex/books/化学（第二册）.tex:277	397	100	2003	0.897	0.103	replaced
books/assets/chemistry-2/fig-p0011-01.png	化学（第二册）	chemistry-2	11	T	high	对照 raw/PNG，已改 TikZ	图1·1 钠在氯气里燃烧	tex/books/化学（第二册）.tex:332	127	274	1473	0.923	0.077	replaced
books/assets/chemistry-2/fig-p0012-01.png	化学（第二册）	chemistry-2	12	T	high	对照 raw/PNG，已改 TikZ	图1·2 一束细铜丝在氯气里燃烧	tex/books/化学（第二册）.tex:357	150	273	1748	0.935	0.065	replaced
books/assets/chemistry-2/fig-p0012-02.png	化学（第二册）	chemistry-2	12	T	high	对照 raw/PNG，已改 TikZ	图1·3 铁丝绒在氯气里燃烧	tex/books/化学（第二册）.tex:365	264	244	2183	0.944	0.056	replaced
books/assets/chemistry-2/fig-p0013-01.png	化学（第二册）	chemistry-2	13	T	high	对照 raw 第13页集气瓶示意图（a），已改 TikZ	（a）	tex/books/化学（第二册）.tex:384	103	254	1332	0.917	0.083	replaced
books/assets/chemistry-2/fig-p0013-02.png	化学（第二册）	chemistry-2	13	T	high	对照 raw 第13页集气瓶示意图（b），已改 TikZ	（b）	tex/books/化学（第二册）.tex:392	85	252	1207	0.903	0.097	replaced
books/assets/chemistry-2/fig-p0013-03.png	化学（第二册）	chemistry-2	13	T	high	对照 raw/PNG，已改 TikZ	（c）	tex/books/化学（第二册）.tex:400	217	243	2176	0.933	0.067	replaced
books/assets/chemistry-2/fig-p0013-04.png	化学（第二册）	chemistry-2	13	T	high	对照 raw/PNG，已改 TikZ	图 1·5 氢气在氯气里燃烧	tex/books/化学（第二册）.tex:414	282	295	2853	0.933	0.067	replaced
books/assets/chemistry-2/fig-p0014-01.png	化学（第二册）	chemistry-2	14	T	high	对照 raw/PNG，已改 TikZ	图1·6 氯气跟松节油反应	tex/books/化学（第二册）.tex:425	133	144	1155	0.899	0.101	replaced
books/assets/chemistry-2/fig-p0015-01.png	化学（第二册）	chemistry-2	15	T	high	对照 raw/PNG，已改 TikZ	图 1·7 氯水受光的作用分解放出氧气	tex/books/化学（第二册）.tex:463	116	165	1209	0.899	0.101	replaced
books/assets/chemistry-2/fig-p0019-01.png	化学（第二册）	chemistry-2	19	T	high	对照 raw/PNG，已改 TikZ	图1·8 实验室制取氯气的装置	tex/books/化学（第二册）.tex:623	329	337	3904	0.926	0.074	replaced
books/assets/chemistry-2/fig-p0021-01.png	化学（第二册）	chemistry-2	21	T	low	初分待对照 raw 改轨；正文已取消该 PNG 引用	图1·9 氯化氢溶解于水的喷泉实验	tex/books/化学（第二册）.tex:691	144	363	2660	0.901	0.099	replaced
books/assets/chemistry-2/fig-p0023-01.png	化学（第二册）	chemistry-2	23	T	low	初分待对照 raw 改轨；正文已取消该 PNG 引用	实验室制取氯化氢和盐酸的装置（a）	tex/books/化学（第二册）.tex:743	195	343	3383	0.898	0.102	replaced
books/assets/chemistry-2/fig-p0023-02.png	化学（第二册）	chemistry-2	23	T	medium	高留白线稿；正文已取消该 PNG 引用	图 1·10 实验室制取氯化氢和盐酸的装置	tex/books/化学（第二册）.tex:749	102	220	936	0.937	0.063	replaced
books/assets/chemistry-2/fig-p0031-01.png	化学（第二册）	chemistry-2	31	T	low	初分待对照 raw 改轨；正文已取消该 PNG 引用	图 1·11 合成法制盐酸的生产流程简图	tex/books/化学（第二册）.tex:977	439	454	7368	0.884	0.116	replaced
books/assets/chemistry-2/fig-p0037-01.png	化学（第二册）	chemistry-2	37	T	low	初分待对照 raw 改轨；正文已取消该 PNG 引用	图 1·12 氟化氢腐蚀玻璃	tex/books/化学（第二册）.tex:1190	198	186	2108	0.893	0.107	replaced
books/assets/chemistry-2/fig-p0038-01.png	化学（第二册）	chemistry-2	38	T	medium	高留白线稿；正文已取消该 PNG 引用	图 1·13 把液溴保存在水里	tex/books/化学（第二册）.tex:1238	172	143	1131	0.923	0.077	replaced
books/assets/chemistry-2/fig-p0039-01.png	化学（第二册）	chemistry-2	39	T	low	初分待对照 raw 改轨；正文已取消该 PNG 引用	（a） 未振荡前	tex/books/化学（第二册）.tex:1259	98	153	775	0.907	0.093	replaced
books/assets/chemistry-2/fig-p0039-02.png	化学（第二册）	chemistry-2	39	T	low	初分待对照 raw 改轨；正文已取消该 PNG 引用	（b） 经振荡后，溴水中大部分溴转到汽油层里	tex/books/化学（第二册）.tex:1267	112	151	834	0.916	0.084	replaced
books/assets/chemistry-2/fig-p0041-01.png	化学（第二册）	chemistry-2	41	T	high	对照 raw 第41页转化示意图，已改 TikZ	溴、溴化氢和溴化物之间的转化关系	tex/books/化学（第二册）.tex:1359	152	78	622	0.931	0.069	replaced
books/assets/chemistry-2/fig-p0042-01.png	化学（第二册）	chemistry-2	42	T	low	初分待对照 raw 改轨	图 1·15 利用碘的升华作用精制碘	tex/books/化学（第二册）.tex:1389	212	287	2833	0.913	0.087	pending
books/assets/chemistry-2/fig-p0049-01.png	化学（第二册）	chemistry-2	49	T	high	对照 raw 第49页转化示意图，已改 TikZ	氯气、氯化钠和氯化钾之间的转化关系	tex/books/化学（第二册）.tex:1689	164	114	771	0.955	0.045	replaced
books/assets/chemistry-2/fig-p0050-01.png	化学（第二册）	chemistry-2	50	P	medium	疑似网纹或照片	图2·1 硫的八面体结晶	tex/books/化学（第二册）.tex:1766	124	178	2328	0.593	0.407	pending
books/assets/chemistry-2/fig-p0050-02.png	化学（第二册）	chemistry-2	50	T	medium	高留白线稿	图2·2 观察硫的晶体	tex/books/化学（第二册）.tex:1774	190	154	1061	0.935	0.065	pending
books/assets/chemistry-2/fig-p0052-01.png	化学（第二册）	chemistry-2	52	T	low	初分待对照 raw 改轨	图 2·3 硫的蒸气跟氢气化合成硫化氢气体	tex/books/化学（第二册）.tex:1809	205	355	3415	0.911	0.089	pending
books/assets/chemistry-2/fig-p0053-01.png	化学（第二册）	chemistry-2	53	T	medium	高留白线稿	图 2·4 地下采硫的装置	tex/books/化学（第二册）.tex:1885	162	450	2129	0.926	0.074	pending
books/assets/chemistry-2/fig-p0057-01.png	化学（第二册）	chemistry-2	57	T	medium	高留白线稿	图 2·5 硫化氢不完全燃烧时产生硫	tex/books/化学（第二册）.tex:2011	134	174	1004	0.933	0.067	pending
books/assets/chemistry-2/fig-p0057-02.png	化学（第二册）	chemistry-2	57	T	low	初分待对照 raw 改轨	图2·6 用启普发生器制取硫化氢气体	tex/books/化学（第二册）.tex:2027	164	232	2003	0.899	0.101	pending
books/assets/chemistry-2/fig-p0062-01.png	化学（第二册）	chemistry-2	62	T	low	初分待对照 raw 改轨	图 2·7 用二氧化硫漂白有色的花	tex/books/化学（第二册）.tex:2247	166	191	1801	0.896	0.104	pending
books/assets/chemistry-2/fig-p0064-01.png	化学（第二册）	chemistry-2	64	T	low	初分待对照 raw 改轨	图 2·8 实验室制二氧化硫的装置	tex/books/化学（第二册）.tex:2337	322	361	4707	0.907	0.093	pending
books/assets/chemistry-2/fig-p0067-01.png	化学（第二册）	chemistry-2	67	P	medium	疑似网纹或照片	图 2·9 实验室制取三氧化硫的装置	tex/books/化学（第二册）.tex:2482	361	275	4735	0.900	0.100	pending
books/assets/chemistry-2/fig-p0071-01.png	化学（第二册）	chemistry-2	71	T	low	初分待对照 raw 改轨	图 2·10 两种不同形式的洗气瓶	tex/books/化学（第二册）.tex:2649	220	169	1877	0.916	0.084	pending
books/assets/chemistry-2/fig-p0071-02.png	化学（第二册）	chemistry-2	71	T	low	初分待对照 raw 改轨	（a） 干燥器外形	tex/books/化学（第二册）.tex:2659	171	161	1535	0.888	0.112	pending
books/assets/chemistry-2/fig-p0071-03.png	化学（第二册）	chemistry-2	71	T	low	初分待对照 raw 改轨	（b） 瓷制的隔板	tex/books/化学（第二册）.tex:2667	118	114	840	0.915	0.085	pending
books/assets/chemistry-2/fig-p0072-01.png	化学（第二册）	chemistry-2	72	T	low	初分待对照 raw 改轨	图 2·12 用硫酸使纸焦化	tex/books/化学（第二册）.tex:2692	216	184	1904	0.919	0.081	pending
books/assets/chemistry-2/fig-p0077-01.png	化学（第二册）	chemistry-2	77	T	low	初分待对照 raw 改轨	图 2·13 黄铁矿燃烧炉结构简图	tex/books/化学（第二册）.tex:2861	350	506	9378	0.877	0.123	pending
books/assets/chemistry-2/fig-p0078-01.png	化学（第二册）	chemistry-2	78	T	low	初分待对照 raw 改轨	图 2·14 接触法制造硫酸的生产流程简图	tex/books/化学（第二册）.tex:2883	490	235	6046	0.883	0.117	pending
books/assets/chemistry-2/fig-p0078-02.png	化学（第二册）	chemistry-2	78	P	medium	疑似网纹或照片	图 2·15 接触室简图	tex/books/化学（第二册）.tex:2894	130	270	2449	0.801	0.199	pending
books/assets/chemistry-2/fig-p0079-01.png	化学（第二册）	chemistry-2	79	T	low	初分待对照 raw 改轨	图 2·16 热交换器的热交换原理	tex/books/化学（第二册）.tex:2914	340	261	3827	0.906	0.094	pending
books/assets/chemistry-2/fig-p0084-01.png	化学（第二册）	chemistry-2	84	T	high	对照 raw 第84页转化示意图，已改 TikZ	硫化氢、硫和硫化亚铁之间的转化关系（1）	tex/books/化学（第二册）.tex:3119	149	84	558	0.954	0.046	replaced
books/assets/chemistry-2/fig-p0084-02.png	化学（第二册）	chemistry-2	84	T	high	对照 raw 第84页转化示意图，已改 TikZ	铁、硫化亚铁和硫酸亚铁之间的转化关系（2）	tex/books/化学（第二册）.tex:3125	231	187	1178	0.967	0.033	replaced
books/assets/chemistry-2/fig-p0084-03.png	化学（第二册）	chemistry-2	84	T	high	对照 raw 第84页转化示意图，已改 TikZ	二氧化硫、亚硫酸和硫酸之间的转化关系（3）	tex/books/化学（第二册）.tex:3131	169	84	585	0.954	0.046	replaced
books/assets/chemistry-2/fig-p0084-04.png	化学（第二册）	chemistry-2	84	T	high	对照 raw 第84页转化示意图，已改 TikZ	盐酸、碳酸和硫酸之间的转化关系（4）	tex/books/化学（第二册）.tex:3137	231	87	745	0.957	0.043	replaced
books/assets/chemistry-2/fig-p0087-01.png	化学（第二册）	chemistry-2	87	T	high	对照 raw 第87页示意图，已改 TikZ	图 3·1 镭的射线，在通电的极板间发生偏转的示意图	tex/books/化学（第二册）.tex:3275	208	272	2163	0.936	0.064	replaced
books/assets/chemistry-2/fig-p0088-01.png	化学（第二册）	chemistry-2	88	T	high	对照 raw 第88页示意图，已改 TikZ	图3·2 镭原子的蜕变示意图	tex/books/化学（第二册）.tex:3303	177	163	1048	0.946	0.054	replaced
books/assets/chemistry-2/fig-p0089-01.png	化学（第二册）	chemistry-2	89	T	high	对照 raw 第89页示意图，已改 TikZ	图 3·3 α 微粒穿过金属薄片时和原子核相遇的示意图	tex/books/化学（第二册）.tex:3333	227	137	901	0.938	0.062	replaced
books/assets/chemistry-2/fig-p0089-02.png	化学（第二册）	chemistry-2	89	T	high	对照 raw 第89页示意图，已改 TikZ	图 3·4 氢原子结构示意图	tex/books/化学（第二册）.tex:3341	172	155	829	0.972	0.028	replaced
books/assets/chemistry-2/fig-p0092-01.png	化学（第二册）	chemistry-2	92	T	high	对照 raw 第92页示意图，已改 TikZ	○ 电子	tex/books/化学（第二册）.tex:3433	114	134	579	0.966	0.034	replaced
books/assets/chemistry-2/fig-p0092-02.png	化学（第二册）	chemistry-2	92	T	high	对照 raw 第92页示意图，已改 TikZ	④ 质子	tex/books/化学（第二册）.tex:3441	111	131	637	0.958	0.042	replaced
books/assets/chemistry-2/fig-p0092-03.png	化学（第二册）	chemistry-2	92	T	medium	高留白线稿	中字	tex/books/化学（第二册）.tex:3449	113	128	659	0.946	0.054	pending
books/assets/chemistry-2/fig-p0095-01.png	化学（第二册）	chemistry-2	95	T	high	对照 raw 页原子结构或分类图，已改 TikZ	H	tex/books/化学（第二册）.tex:3526	65	67	308	0.945	0.055	replaced
books/assets/chemistry-2/fig-p0095-02.png	化学（第二册）	chemistry-2	95	T	high	对照 raw 页原子结构或分类图，已改 TikZ	He	tex/books/化学（第二册）.tex:3534	61	67	313	0.935	0.065	replaced
books/assets/chemistry-2/fig-p0095-03.png	化学（第二册）	chemistry-2	95	T	high	对照 raw 页原子结构或分类图，已改 TikZ	（c）	tex/books/化学（第二册）.tex:3542	93	105	562	0.947	0.053	replaced
books/assets/chemistry-2/fig-p0095-04.png	化学（第二册）	chemistry-2	95	T	high	对照 raw 页原子结构或分类图，已改 TikZ	Na	tex/books/化学（第二册）.tex:3550	129	124	872	0.936	0.064	replaced
books/assets/chemistry-2/fig-p0096-01.png	化学（第二册）	chemistry-2	96	T	medium	高留白线稿	图 3·8 从氢到钾元素原子结构示意图	tex/books/化学（第二册）.tex:3581	479	295	3457	0.965	0.035	pending
books/assets/chemistry-2/fig-p0097-01.png	化学（第二册）	chemistry-2	97	T	medium	高留白线稿	图 3·9 惰性气体的原子结构示意图	tex/books/化学（第二册）.tex:3604	471	83	1499	0.947	0.053	pending
books/assets/chemistry-2/fig-p0099-01.png	化学（第二册）	chemistry-2	99	T	high	对照 raw 第99页电子层或电子转移示意图，已改 TikZ	图3·10 氯化钠分子形成示意图	tex/books/化学（第二册）.tex:3670	160	212	1479	0.944	0.056	replaced
books/assets/chemistry-2/fig-p0100-01.png	化学（第二册）	chemistry-2	100	T	high	对照 raw 第100页电子层或电子转移示意图，已改 TikZ	钠与氯气反应时的电子转移	tex/books/化学（第二册）.tex:3682	166	63	428	0.946	0.054	replaced
books/assets/chemistry-2/fig-p0103-01.png	化学（第二册）	chemistry-2	103	T	high	对照 raw 页原子结构或分类图，已改 TikZ	化学键分类示意图	tex/books/化学（第二册）.tex:3748	303	113	1206	0.940	0.060	replaced
books/assets/chemistry-2/fig-p0104-01.png	化学（第二册）	chemistry-2	104	T	high	对照 raw 第104页，图为 NaOH 离子键示意，已改 TikZ	NaOH 离子键和共价键示意图	tex/books/化学（第二册）.tex:3785	133	79	569	0.935	0.065	replaced
books/assets/chemistry-2/fig-p0104-02.png	化学（第二册）	chemistry-2	104	T	high	对照 raw 第104页电子层或电子转移示意图，已改 TikZ	氯化钠形成过程的电子层结构示意图	tex/books/化学（第二册）.tex:3798	299	72	926	0.943	0.057	replaced
books/assets/chemistry-2/fig-p0116-01.png	化学（第二册）	chemistry-2	116	T	high	对照 raw 页原子结构或分类图，已改 TikZ	元素周期表中氯元素方格的含义	tex/books/化学（第二册）.tex:4214	236	126	1107	0.932	0.068	replaced
books/assets/chemistry-2/fig-p0120-01.png	化学（第二册）	chemistry-2	120	T	high	对照 raw 第120页电子层或电子转移示意图，已改 TikZ	氯原子的电子层结构	tex/books/化学（第二册）.tex:4331	66	56	315	0.917	0.083	replaced
books/assets/chemistry-2/fig-p0124-01.png	化学（第二册）	chemistry-2	124	T	high	对照 raw 周期表括弧图，已改 TikZ	元素原子结构与周期律关系示意图	tex/books/化学（第二册）.tex:4505	471	164	2812	0.927	0.073	replaced
books/assets/chemistry-2/fig-p0127-01.png	化学（第二册）	chemistry-2	127	T	medium	高留白线稿	图 4·1 试验物质导电性的装置	tex/books/化学（第二册）.tex:4656	302	194	2066	0.929	0.071	pending
books/assets/chemistry-2/fig-p0142-01.png	化学（第二册）	chemistry-2	142	T	low	初分待对照 raw 改轨	图 4·2 在相同时间里，锌粒从盐酸里置换出的氢气比从醋酸里置换出的多	tex/books/化学（第二册）.tex:5212	277	287	4048	0.913	0.087	pending
books/assets/chemistry-2/fig-p0159-01.png	化学（第二册）	chemistry-2	159	T	low	初分待对照 raw 改轨	（a） 没有通入电流时	tex/books/化学（第二册）.tex:5889	407	180	3311	0.897	0.103	pending
books/assets/chemistry-2/fig-p0161-01.png	化学（第二册）	chemistry-2	161	T	medium	高留白线稿	图 4·4 电解氯化铜溶液的实验	tex/books/化学（第二册）.tex:5950	237	238	2475	0.922	0.078	pending
books/assets/chemistry-2/fig-p0163-01.png	化学（第二册）	chemistry-2	163	T	low	初分待对照 raw 改轨	图4·5 在铜匙上镀银	tex/books/化学（第二册）.tex:6010	259	153	1943	0.911	0.089	pending
books/assets/chemistry-2/fig-p0164-02.png	化学（第二册）	chemistry-2	164	T	high	对照 raw 分类括弧图，已改 TikZ	物质的分子结构与导电性分类示意图	tex/books/化学（第二册）.tex:6106	453	108	2216	0.906	0.094	replaced
books/assets/chemistry-2/fig-p0165-01.png	化学（第二册）	chemistry-2	165	T	high	对照 raw 分类括弧图，已改 TikZ	电解质在电解池中的离子放电示意图	tex/books/化学（第二册）.tex:6144	408	101	2051	0.896	0.104	replaced
books/assets/chemistry-2/fig-p0167-01.png	化学（第二册）	chemistry-2	167	T	medium	高留白线稿	图4-6	tex/books/化学（第二册）.tex:6270	304	221	2445	0.921	0.079	pending
books/assets/chemistry-2/fig-p0173-01.png	化学（第二册）	chemistry-2	173	T	low	初分待对照 raw 改轨	图 5·1 由氨水制取氨气	tex/books/化学（第二册）.tex:6531	143	387	2702	0.910	0.090	pending
books/assets/chemistry-2/fig-p0175-01.png	化学（第二册）	chemistry-2	175	T	medium	高留白线稿	图 5·2 氨跟氯化氢反应	tex/books/化学（第二册）.tex:6604	346	177	1814	0.966	0.034	pending
books/assets/chemistry-2/fig-p0176-01.png	化学（第二册）	chemistry-2	176	T	medium	高留白线稿	图 5·3 实验室制氨的装置	tex/books/化学（第二册）.tex:6653	206	344	3002	0.925	0.075	pending
books/assets/chemistry-2/fig-p0178-01.png	化学（第二册）	chemistry-2	178	T	medium	高留白线稿	图 5·4 氯化铵的分解和合成	tex/books/化学（第二册）.tex:6755	218	178	1763	0.938	0.062	pending
books/assets/chemistry-2/fig-p0186-01.png	化学（第二册）	chemistry-2	186	T	low	初分待对照 raw 改轨	图 5·5 合成法制氨的生产流程简图	tex/books/化学（第二册）.tex:7013	460	217	3706	0.893	0.107	pending
books/assets/chemistry-2/fig-p0187-01.png	化学（第二册）	chemistry-2	187	P	medium	疑似网纹或照片	图5·6 氨的合成塔	tex/books/化学（第二册）.tex:7040	271	630	10777	0.839	0.161	pending
books/assets/chemistry-2/fig-p0190-01.png	化学（第二册）	chemistry-2	190	T	medium	高留白线稿	图 5·7 炭在浓硝酸里燃烧	tex/books/化学（第二册）.tex:7127	185	368	2708	0.938	0.062	pending
books/assets/chemistry-2/fig-p0192-01.png	化学（第二册）	chemistry-2	192	T	medium	高留白线稿	图 5·8 实验室制硝酸的装置	tex/books/化学（第二册）.tex:7204	391	297	4508	0.923	0.077	pending
books/assets/chemistry-2/fig-p0196-01.png	化学（第二册）	chemistry-2	196	T	low	初分待对照 raw 改轨	图 5·9 合成法制硝酸的生产流程简图	tex/books/化学（第二册）.tex:7353	466	269	4696	0.913	0.087	pending
books/assets/chemistry-2/fig-p0197-01.png	化学（第二册）	chemistry-2	197	T	medium	高留白线稿	图 5·10 氨的接触氧化器	tex/books/化学（第二册）.tex:7375	177	284	2138	0.934	0.066	pending
books/assets/chemistry-2/fig-p0211-01.png	化学（第二册）	chemistry-2	211	T	high	对照 raw 流程简图，已改 TikZ	氮及其化合物相互转化关系	tex/books/化学（第二册）.tex:7923	469	183	2452	0.956	0.044	replaced
books/assets/chemistry-2/fig-p0211-02.png	化学（第二册）	chemistry-2	211	T	high	对照 raw 流程简图，已改 TikZ	磷及其化合物相互转化关系	tex/books/化学（第二册）.tex:7929	444	161	1635	0.961	0.039	replaced
books/assets/chemistry-2/fig-p0223-01.png	化学（第二册）	chemistry-2	223	T	low	初分待对照 raw 改轨	图 6·1 水泥回转窑示意图	tex/books/化学（第二册）.tex:8383	405	117	2002	0.907	0.093	pending
books/assets/chemistry-2/fig-p0229-01.png	化学（第二册）	chemistry-2	229	P	medium	疑似网纹或照片	图6·2 光线通过溶液（a）和胶体溶液（b）	tex/books/化学（第二册）.tex:8557	296	140	3252	0.664	0.336	pending
books/assets/chemistry-2/fig-p0232-01.png	化学（第二册）	chemistry-2	232	T	high	对照 raw 流程简图，已改 TikZ	陶瓷制造流程	tex/books/化学（第二册）.tex:8674	326	147	1196	0.956	0.044	replaced
books/assets/chemistry-2/fig-p0232-02.png	化学（第二册）	chemistry-2	232	T	high	对照 raw 流程简图，已改 TikZ	水泥制造流程	tex/books/化学（第二册）.tex:8686	372	114	1130	0.951	0.049	replaced
books/assets/chemistry-2/fig-p0232-03.png	化学（第二册）	chemistry-2	232	T	high	对照 raw 流程简图，已改 TikZ	玻璃制造流程	tex/books/化学（第二册）.tex:8694	459	75	1295	0.927	0.073	replaced
books/assets/chemistry-2/fig-p0240-01.png	化学（第二册）	chemistry-2	240	T	low	初分待对照 raw 改轨	图附1 氯气的制取	tex/books/化学（第二册）.tex:9217	197	296	2782	0.905	0.095	pending
books/assets/chemistry-2/fig-p0242-01.png	化学（第二册）	chemistry-2	242	T	low	初分待对照 raw 改轨	图附 2 氯化氢气体的制取	tex/books/化学（第二册）.tex:9335	241	313	3607	0.913	0.087	pending
books/assets/chemistry-2/fig-p0246-01.png	化学（第二册）	chemistry-2	246	T	medium	高留白线稿	图附 3 简单的导电性试验器	tex/books/化学（第二册）.tex:9577	363	248	3739	0.932	0.068	pending
books/assets/chemistry-3/fig-p0006-01.png	化学（第三册）	chemistry-3	6	T	high	对照 raw 第6页示意图或图表，已改 TikZ	图 1·1 金属结构示意图	tex/books/化学（第三册）.tex:206	315	196	2079	0.934	0.066	replaced
books/assets/chemistry-3/fig-p0008-01.png	化学（第三册）	chemistry-3	8	P	medium	疑似网纹或照片	原PDF第8页图示	tex/books/化学（第三册）.tex:233	319	320	3457	0.898	0.102	pending
books/assets/chemistry-3/fig-p0009-01.png	化学（第三册）	chemistry-3	9	T	high	对照 raw 第9页示意图或图表，已改 TikZ	图1·3 金属的比重	tex/books/化学（第三册）.tex:260	384	299	2124	0.942	0.058	replaced
books/assets/chemistry-3/fig-p0010-01.png	化学（第三册）	chemistry-3	10	T	high	对照 raw 第10页图表或示意图，已改 TikZ	图1·4 金属的熔点	tex/books/化学（第三册）.tex:271	413	365	2260	0.954	0.046	replaced
books/assets/chemistry-3/fig-p0011-01.png	化学（第三册）	chemistry-3	11	T	high	对照 raw 第11页示意图或图表，已改 TikZ	图 1·5 金属的硬度和金刚石硬度的比较	tex/books/化学（第三册）.tex:283	387	254	1796	0.941	0.059	replaced
books/assets/chemistry-3/fig-p0025-01.png	化学（第三册）	chemistry-3	25	T	high	对照 raw/PNG，已改 TikZ	图 1·6	tex/books/化学（第三册）.tex:665	171	267	1480	0.892	0.108	replaced
books/assets/chemistry-3/fig-p0040-01.png	化学（第三册）	chemistry-3	40	T	high	对照 raw 第40页示意图或图表，已改 TikZ	氧化钾	tex/books/化学（第三册）.tex:1143	141	65	404	0.925	0.075	replaced
books/assets/chemistry-3/fig-p0040-04.png	化学（第三册）	chemistry-3	40	T	high	对照 raw 第40页示意图或图表，已改 TikZ	图 2·1 钠跟水起反应	tex/books/化学（第三册）.tex:1167	139	256	1393	0.908	0.092	replaced
books/assets/chemistry-3/fig-p0047-01.png	化学（第三册）	chemistry-3	47	T	high	对照 raw/PNG，已改 TikZ	图2·2 用焰色反应检验钠盐或钾盐	tex/books/化学（第三册）.tex:1446	274	140	1258	0.935	0.065	replaced
books/assets/chemistry-3/fig-p0052-01.png	化学（第三册）	chemistry-3	52	T	high	对照 raw/PNG，已改 TikZ	图2·3	tex/books/化学（第三册）.tex:1707	434	187	2472	0.899	0.101	replaced
books/assets/chemistry-3/fig-p0054-01.png	化学（第三册）	chemistry-3	54	T	high	对照 raw/PNG，已改 TikZ	图 2·4 水平式隔膜电解槽示意图	tex/books/化学（第三册）.tex:1745	338	276	2463	0.885	0.115	replaced
books/assets/chemistry-3/fig-p0054-02.png	化学（第三册）	chemistry-3	54	T	high	对照 raw/PNG，已改 TikZ	图 2·5 垂直式隔膜电解槽示意图	tex/books/化学（第三册）.tex:1761	229	302	2489	0.864	0.136	replaced
books/assets/chemistry-3/fig-p0059-01.png	化学（第三册）	chemistry-3	59	T	high	对照 raw 第59页图表或示意图，已改 TikZ	图 2·6 用氨碱法制造纯碱的流程简图	tex/books/化学（第三册）.tex:1961	520	267	3832	0.891	0.109	replaced
books/assets/chemistry-3/fig-p0063-01.png	化学（第三册）	chemistry-3	63	T	high	对照 raw 第63页图表或示意图，已改 TikZ	原PDF第63页图示	tex/books/化学（第三册）.tex:2092	443	176	2596	0.912	0.088	replaced
books/assets/chemistry-3/fig-p0068-01.png	化学（第三册）	chemistry-3	68	T	high	对照 raw/PNG，已改 TikZ	图 3·1 镁带的燃烧	tex/books/化学（第三册）.tex:2291	273	296	2042	0.954	0.046	replaced
books/assets/chemistry-3/fig-p0068-02.png	化学（第三册）	chemistry-3	68	T	high	对照 raw/PNG，已改 TikZ	图 3·2 镁在二氧化碳里燃烧	tex/books/化学（第三册）.tex:2299	152	305	1922	0.919	0.081	replaced
books/assets/chemistry-3/fig-p0087-02.png	化学（第三册）	chemistry-3	87	T	high	对照 raw 第87页图表或示意图，已改 TikZ	原PDF第87页图示	tex/books/化学（第三册）.tex:3169	133	171	1235	0.856	0.144	replaced
books/assets/chemistry-3/fig-p0089-02.png	化学（第三册）	chemistry-3	89	T	high	对照 raw/PNG，已改 TikZ	图 4·2 用铝热剂焊接钢轨（剖面图）	tex/books/化学（第三册）.tex:3219	265	296	2958	0.894	0.106	replaced
books/assets/chemistry-3/fig-p0099-01.png	化学（第三册）	chemistry-3	99	V	low	初分待对照 raw 改轨	图 4·3 氧化铝的电解槽示意图	tex/books/化学（第三册）.tex:3639	397	290	5593	0.785	0.215	pending
books/assets/chemistry-3/fig-p0102-01.png	化学（第三册）	chemistry-3	102	T	high	对照 raw 第102页图表或示意图，已改 TikZ	原PDF第102页图示	tex/books/化学（第三册）.tex:3793	79	68	421	0.888	0.112	replaced
books/assets/chemistry-3/fig-p0114-01.png	化学（第三册）	chemistry-3	114	T	high	对照 raw/PNG，已改 TikZ	图 5·1 炼铁高炉和炼铁时炉内的化学过程示意图	tex/books/化学（第三册）.tex:4231	248	457	3641	0.894	0.106	replaced
books/assets/chemistry-3/fig-p0115-01.png	化学（第三册）	chemistry-3	115	P	medium	疑似网纹或照片	图 5·2 炼铁车间图	tex/books/化学（第三册）.tex:4249	425	410	11490	0.659	0.341	pending
books/assets/chemistry-3/fig-p0115-02.png	化学（第三册）	chemistry-3	115	T	high	对照 raw/PNG，已改 TikZ	(a) 炉料进入小料斗	tex/books/化学（第三册）.tex:4259	154	177	1265	0.893	0.107	replaced
books/assets/chemistry-3/fig-p0115-03.png	化学（第三册）	chemistry-3	115	P	medium	疑似网纹或照片	(b) 炉料进入大料斗	tex/books/化学（第三册）.tex:4267	105	144	842	0.871	0.129	pending
books/assets/chemistry-3/fig-p0115-04.png	化学（第三册）	chemistry-3	115	T	high	对照 raw/PNG，已改 TikZ	(c) 炉料进入炉内	tex/books/化学（第三册）.tex:4275	107	165	953	0.888	0.112	replaced
books/assets/chemistry-3/fig-p0117-01.png	化学（第三册）	chemistry-3	117	P	medium	疑似网纹或照片	原PDF第117页图示	tex/books/化学（第三册）.tex:4310	420	648	12863	0.816	0.184	pending
books/assets/chemistry-3/fig-p0121-01.png	化学（第三册）	chemistry-3	121	P	medium	疑似网纹或照片	原PDF第121页图示	tex/books/化学（第三册）.tex:4436	130	203	1879	0.830	0.170	pending
books/assets/chemistry-3/fig-p0121-02.png	化学（第三册）	chemistry-3	121	P	medium	疑似网纹或照片	原PDF第121页图示	tex/books/化学（第三册）.tex:4442	125	169	1594	0.825	0.175	pending
books/assets/chemistry-3/fig-p0121-03.png	化学（第三册）	chemistry-3	121	P	medium	疑似网纹或照片	(a) 纵剖面；(b) 截面	tex/books/化学（第三册）.tex:4448	124	92	937	0.801	0.199	pending
books/assets/chemistry-3/fig-p0122-01.png	化学（第三册）	chemistry-3	122	P	medium	疑似网纹或照片	图5·6 平炉示意图	tex/books/化学（第三册）.tex:4470	402	602	13947	0.786	0.214	pending
books/assets/chemistry-3/fig-p0124-01.png	化学（第三册）	chemistry-3	124	P	medium	疑似网纹或照片	图 5·7 电弧炉剖面图	tex/books/化学（第三册）.tex:4497	218	304	3568	0.829	0.171	pending
books/assets/chemistry-3/fig-p0131-01.png	化学（第三册）	chemistry-3	131	T	high	对照 raw 第131页图表或示意图，已改 TikZ	图6·1 标准状况下,气体分子间平均距离示意图	tex/books/化学（第三册）.tex:4809	151	131	876	0.907	0.093	replaced
books/assets/chemistry-3/fig-p0132-01.png	化学（第三册）	chemistry-3	132	V	low	初分待对照 raw 改轨	(a)	tex/books/化学（第三册）.tex:4827	186	335	2769	0.823	0.177	pending
books/assets/chemistry-3/fig-p0132-02.png	化学（第三册）	chemistry-3	132	V	low	初分待对照 raw 改轨	(b)	tex/books/化学（第三册）.tex:4835	180	335	2602	0.821	0.179	pending
books/assets/chemistry-3/fig-p0155-01.png	化学（第三册）	chemistry-3	155	T	high	对照 raw/PNG，已改 TikZ	原PDF第155页图示	tex/books/化学（第三册）.tex:6209	194	87	574	0.921	0.079	replaced
books/assets/chemistry-3/fig-p0155-02.png	化学（第三册）	chemistry-3	155	T	high	对照 raw/PNG，已改 TikZ	图附2	tex/books/化学（第三册）.tex:6217	374	307	4362	0.908	0.092	replaced
books/assets/chemistry-3/fig-p0159-01.png	化学（第三册）	chemistry-3	159	V	low	初分待对照 raw 改轨	图附3（左）：带橡皮塞的试管内横放螺旋状铁丝	tex/books/化学（第三册）.tex:6417	168	47	357	0.799	0.201	pending
books/assets/chemistry-3/fig-p0159-02.png	化学（第三册）	chemistry-3	159	P	medium	疑似网纹或照片	图附3（右）：试管内竖直放置螺旋状铁丝	tex/books/化学（第三册）.tex:6423	43	194	713	0.751	0.249	pending
books/assets/chemistry-3/fig-p0159-03.png	化学（第三册）	chemistry-3	159	T	high	对照 raw/PNG，已改 TikZ	图 附 4	tex/books/化学（第三册）.tex:6431	120	182	1365	0.855	0.145	replaced
books/assets/chemistry-4/fig-p0008-g01.png	化学（第四册）	chemistry-4	8	T	high	对照 raw 第8页结构式，已改 TikZ	原PDF第8页图示	tex/books/化学（第四册）.tex:282	218	96	548	0.959	0.041	replaced
books/assets/chemistry-4/fig-p0009-g01.png	化学（第四册）	chemistry-4	9	T	high	对照 raw 第9页结构式，已改 TikZ	图1·1 甲烷的分子结构	tex/books/化学（第四册）.tex:296	409	112	1249	0.958	0.042	replaced
books/assets/chemistry-4/fig-p0011-g01.png	化学（第四册）	chemistry-4	11	T	high	对照 raw/PNG，已改 TikZ	图 1·2 甲烷和卤素的取代反应实验	tex/books/化学（第四册）.tex:368	329	252	3119	0.914	0.086	replaced
books/assets/chemistry-4/fig-p0013-g01.png	化学（第四册）	chemistry-4	13	T	high	对照 raw/PNG，已改 TikZ	图 1·3 甲烷的实验室制取及其性质试验	tex/books/化学（第四册）.tex:425	454	281	3927	0.942	0.058	replaced
books/assets/chemistry-4/fig-p0016-g01.png	化学（第四册）	chemistry-4	16	T	high	对照 raw 第16页结构式，已改 TikZ	图 1·4 乙烷和丙烷的分子结构	tex/books/化学（第四册）.tex:551	438	243	2757	0.957	0.043	replaced
books/assets/chemistry-4/fig-p0022-g01.png	化学（第四册）	chemistry-4	22	T	high	对照 raw 第22页结构式，已改 TikZ	原PDF第22页图示	tex/books/化学（第四册）.tex:764	497	164	1879	0.967	0.033	replaced
books/assets/chemistry-4/fig-p0023-g01.png	化学（第四册）	chemistry-4	23	T	high	对照 raw 第23页结构式，已改 TikZ	丁烷	tex/books/化学（第四册）.tex:770	336	139	1014	0.973	0.027	replaced
books/assets/chemistry-4/fig-p0023-g02.png	化学（第四册）	chemistry-4	23	T	high	对照 raw 第23页结构式，已改 TikZ	原PDF第23页图示	tex/books/化学（第四册）.tex:789	169	98	506	0.950	0.050	replaced
books/assets/chemistry-4/fig-p0025-g01.png	化学（第四册）	chemistry-4	25	T	high	对照 raw 页结构式，已改 TikZ	原PDF第25页图示	tex/books/化学（第四册）.tex:837	283	118	1083	0.964	0.036	replaced
books/assets/chemistry-4/fig-p0025-g02.png	化学（第四册）	chemistry-4	25	T	high	对照 raw 页结构式，已改 TikZ	原PDF第25页图示	tex/books/化学（第四册）.tex:850	334	99	842	0.969	0.031	replaced
books/assets/chemistry-4/fig-p0026-g01.png	化学（第四册）	chemistry-4	26	T	high	对照 raw 页结构式，已改 TikZ	图 1·5	tex/books/化学（第四册）.tex:867	420	311	3270	0.964	0.036	replaced
books/assets/chemistry-4/fig-p0027-g01.png	化学（第四册）	chemistry-4	27	T	high	对照 raw 页结构式，已改 TikZ	图 1·6	tex/books/化学（第四册）.tex:880	466	589	6937	0.955	0.045	replaced
books/assets/chemistry-4/fig-p0028-g01.png	化学（第四册）	chemistry-4	28	T	high	对照 raw 页结构式，已改 TikZ	（a）；（b）；（c）；（d）	tex/books/化学（第四册）.tex:894	410	217	1966	0.969	0.031	replaced
books/assets/chemistry-4/fig-p0030-g01.png	化学（第四册）	chemistry-4	30	T	high	对照 raw 页结构式，已改 TikZ	原PDF第30页图示	tex/books/化学（第四册）.tex:947	496	202	2416	0.967	0.033	replaced
books/assets/chemistry-4/fig-p0031-g01.png	化学（第四册）	chemistry-4	31	T	high	对照 raw 页结构式，已改 TikZ	图 1·7 乙烯的分子结构	tex/books/化学（第四册）.tex:962	375	63	913	0.947	0.053	replaced
books/assets/chemistry-4/fig-p0033-g01.png	化学（第四册）	chemistry-4	33	T	high	对照 raw 页结构式，已改 TikZ	原书脚注中的乙烯加水生成乙醇的反应结构式	tex/books/化学（第四册）.tex:2284	299	115	1366	0.924	0.076	replaced
books/assets/chemistry-4/fig-p0034-g01.png	化学（第四册）	chemistry-4	34	T	high	对照 raw 页结构式，已改 TikZ	原PDF第34页图示	tex/books/化学（第四册）.tex:1074	437	170	1805	0.962	0.038	replaced
books/assets/chemistry-4/fig-p0034-g02.png	化学（第四册）	chemistry-4	34	T	high	对照 raw/PNG，已改 TikZ	图 1·8 乙烯的制取和性质实验	tex/books/化学（第四册）.tex:1085	293	310	4371	0.915	0.085	replaced
books/assets/chemistry-4/fig-p0037-g01.png	化学（第四册）	chemistry-4	37	T	high	对照 raw 页结构式，已改 TikZ	图 1·9 乙炔的分子结构	tex/books/化学（第四册）.tex:1209	334	46	689	0.912	0.088	replaced
books/assets/chemistry-4/fig-p0040-g01.png	化学（第四册）	chemistry-4	40	T	high	对照 raw/PNG，已改 TikZ	图1·10 制取乙炔的实验	tex/books/化学（第四册）.tex:1316	132	338	1756	0.949	0.051	replaced
books/assets/chemistry-4/fig-p0046-g01.png	化学（第四册）	chemistry-4	46	T	high	对照 raw 页结构式，已改 TikZ	原PDF第46页图示	tex/books/化学（第四册）.tex:1559	361	386	2458	0.981	0.019	replaced
books/assets/chemistry-4/fig-p0046-g02.png	化学（第四册）	chemistry-4	46	T	high	对照 raw 页结构式，已改 TikZ	（结构式）；（结构简式）	tex/books/化学（第四册）.tex:1567	291	181	1213	0.977	0.023	replaced
books/assets/chemistry-4/fig-p0047-g01.png	化学（第四册）	chemistry-4	47	T	high	对照 raw/PNG，已改 TikZ	``图1·11 苯跟溴的取代反应	tex/books/化学（第四册）.tex:1593	189	277	2309	0.915	0.085	replaced
books/assets/chemistry-4/fig-p0048-g01.png	化学（第四册）	chemistry-4	48	T	high	对照 raw 页结构式，已改 TikZ	原PDF第48页图示	tex/books/化学（第四册）.tex:1601	453	344	3009	0.975	0.025	replaced
books/assets/chemistry-4/fig-p0049-g01.png	化学（第四册）	chemistry-4	49	T	high	对照 raw 页结构式，已改 TikZ	原PDF第49页图示	tex/books/化学（第四册）.tex:1623	403	240	2125	0.977	0.023	replaced
books/assets/chemistry-4/fig-p0051-g01.png	化学（第四册）	chemistry-4	51	T	high	对照 raw 第51页，已改 TikZ	原PDF第51页图示	tex/books/化学（第四册）.tex:1684	435	192	3333	0.920	0.080	replaced
books/assets/chemistry-4/fig-p0053-g01.png	化学（第四册）	chemistry-4	53	T	high	对照 raw/PNG，已改 TikZ	图1·12 煤的干馏	tex/books/化学（第四册）.tex:1734	238	268	3255	0.926	0.074	replaced
books/assets/chemistry-4/fig-p0053-g02.png	化学（第四册）	chemistry-4	53	T	high	对照 raw/PNG，已改 TikZ	图 1·13 焦炉气的平均组成	tex/books/化学（第四册）.tex:1748	201	189	1633	0.928	0.072	replaced
books/assets/chemistry-4/fig-p0054-g01.png	化学（第四册）	chemistry-4	54	T	high	对照 raw 页结构式，已改 TikZ	原书脚注中的萘分子结构	tex/books/化学（第四册）.tex:2290	158	142	800	0.963	0.037	replaced
books/assets/chemistry-4/fig-p0055-g01.png	化学（第四册）	chemistry-4	55	T	high	对照 raw 第55页，已改 TikZ	原PDF第55页图示	tex/books/化学（第四册）.tex:1808	460	358	4022	0.955	0.045	replaced
books/assets/chemistry-4/fig-p0056-g01.png	化学（第四册）	chemistry-4	56	P	medium	疑似网纹或照片	图 1·14 石油矿区的地层剖面图	tex/books/化学（第四册）.tex:1849	379	174	5070	0.829	0.171	pending
books/assets/chemistry-4/fig-p0057-g01.png	化学（第四册）	chemistry-4	57	T	high	对照 raw/PNG，已改 TikZ	图1·15 石油的分馏	tex/books/化学（第四册）.tex:1878	367	334	4361	0.927	0.073	replaced
books/assets/chemistry-4/fig-p0059-g01.png	化学（第四册）	chemistry-4	59	T	high	对照 raw/PNG，已改 TikZ	图1·16 煤油的热裂化	tex/books/化学（第四册）.tex:1946	339	288	4634	0.899	0.101	replaced
books/assets/chemistry-4/fig-p0061-g01.png	化学（第四册）	chemistry-4	61	T	high	对照 raw/PNG，已改 TikZ	图 1·17 石油的催化裂化实验装置	tex/books/化学（第四册）.tex:1985	279	287	4209	0.912	0.088	replaced
books/assets/chemistry-4/fig-p0070-g01.png	化学（第四册）	chemistry-4	70	T	high	对照 raw 页结构式，已改 TikZ	氯苯	tex/books/化学（第四册）.tex:2383	327	183	1275	0.977	0.023	replaced
books/assets/chemistry-4/fig-p0071-g01.png	化学（第四册）	chemistry-4	71	T	high	对照 raw 结构式，已改 TikZ	原PDF第71页图示	tex/books/化学（第四册）.tex:2423	357	234	1949	0.974	0.026	replaced
books/assets/chemistry-4/fig-p0072-g01.png	化学（第四册）	chemistry-4	72	T	high	对照 raw 结构式，已改 TikZ	原PDF第72页图示	tex/books/化学（第四册）.tex:2442	448	134	1273	0.977	0.023	replaced
books/assets/chemistry-4/fig-p0073-g01.png	化学（第四册）	chemistry-4	73	T	high	对照 raw 结构式，已改 TikZ	原PDF第73页图示	tex/books/化学（第四册）.tex:2509	344	113	890	0.961	0.039	replaced
books/assets/chemistry-4/fig-p0074-g01.png	化学（第四册）	chemistry-4	74	T	high	对照 raw/PNG，已改 TikZ	图2·1 测定乙醇分子结构的实验装置	tex/books/化学（第四册）.tex:2522	224	208	2100	0.919	0.081	replaced
books/assets/chemistry-4/fig-p0077-g01.png	化学（第四册）	chemistry-4	77	T	high	对照 raw/PNG，已改 TikZ	图 2·2 醇跟氢卤酸反应的实验装置	tex/books/化学（第四册）.tex:2670	211	293	3205	0.905	0.095	replaced
books/assets/chemistry-4/fig-p0077-g02.png	化学（第四册）	chemistry-4	77	T	high	对照 raw 结构式，已改 TikZ	原PDF第77页图示	tex/books/化学（第四册）.tex:2687	379	154	1470	0.953	0.047	replaced
books/assets/chemistry-4/fig-p0077-g03.png	化学（第四册）	chemistry-4	77	T	high	对照 raw 结构式，已改 TikZ	原PDF第77页图示	tex/books/化学（第四册）.tex:2699	315	101	899	0.950	0.050	replaced
books/assets/chemistry-4/fig-p0081-g01.png	化学（第四册）	chemistry-4	81	T	high	对照 raw/PNG，已改 TikZ	图 2·3 发酵法制乙醇的实验装置	tex/books/化学（第四册）.tex:2843	316	292	4644	0.916	0.084	replaced
books/assets/chemistry-4/fig-p0086-g01.png	化学（第四册）	chemistry-4	86	T	high	对照 raw 结构式，已改 TikZ	（结构式）	tex/books/化学（第四册）.tex:3075	167	98	558	0.952	0.048	replaced
books/assets/chemistry-4/fig-p0087-g01.png	化学（第四册）	chemistry-4	87	T	high	对照 raw 结构式，已改 TikZ	原PDF第87页图示	tex/books/化学（第四册）.tex:3097	284	150	1496	0.944	0.056	replaced
books/assets/chemistry-4/fig-p0087-g02.png	化学（第四册）	chemistry-4	87	T	high	对照 raw 结构式，已改 TikZ	丙三醇铜（绛蓝色）	tex/books/化学（第四册）.tex:3105	340	117	1333	0.949	0.051	replaced
books/assets/chemistry-4/fig-p0088-g01.png	化学（第四册）	chemistry-4	88	T	high	对照 raw 结构式，已改 TikZ	原PDF第88页图示	tex/books/化学（第四册）.tex:3119	429	180	2374	0.949	0.051	replaced
books/assets/chemistry-4/fig-p0089-g01.png	化学（第四册）	chemistry-4	89	T	high	对照 raw 结构式，已改 TikZ	原PDF第89页图示	tex/books/化学（第四册）.tex:3167	462	139	1578	0.966	0.034	replaced
books/assets/chemistry-4/fig-p0089-g02.png	化学（第四册）	chemistry-4	89	T	high	对照 raw 结构式，已改 TikZ	原PDF第89页图示	tex/books/化学（第四册）.tex:3177	269	140	1094	0.960	0.040	replaced
books/assets/chemistry-4/fig-p0090-g01.png	化学（第四册）	chemistry-4	90	T	high	对照 raw 结构式，已改 TikZ	（结构式）	tex/books/化学（第四册）.tex:3191	339	183	1256	0.980	0.020	replaced
books/assets/chemistry-4/fig-p0090-g02.png	化学（第四册）	chemistry-4	90	T	high	对照 raw 第90页，已改 TikZ	原PDF第90页图示	tex/books/化学（第四册）.tex:3209	349	113	1315	0.958	0.042	replaced
books/assets/chemistry-4/fig-p0092-g01.png	化学（第四册）	chemistry-4	92	T	high	对照 raw 第92页，已改 TikZ	原PDF第92页图示	tex/books/化学（第四册）.tex:3259	321	453	2617	0.976	0.024	replaced
books/assets/chemistry-4/fig-p0094-g01.png	化学（第四册）	chemistry-4	94	T	high	对照 raw 第94页，已改 TikZ	原PDF第94页图示	tex/books/化学（第四册）.tex:3330	316	62	818	0.950	0.050	replaced
books/assets/chemistry-4/fig-p0096-g01.png	化学（第四册）	chemistry-4	96	T	high	对照 raw 第96页，已改 TikZ	（结构式）；（简式）	tex/books/化学（第四册）.tex:3407	205	62	454	0.965	0.035	replaced
books/assets/chemistry-4/fig-p0096-g02.png	化学（第四册）	chemistry-4	96	T	high	对照 raw 第96页，已改 TikZ	甲醇去氢生成甲醛的反应结构式	tex/books/化学（第四册）.tex:3415	317	135	1143	0.962	0.038	replaced
books/assets/chemistry-4/fig-p0096-g03.png	化学（第四册）	chemistry-4	96	T	high	对照 raw 第96页，已改 TikZ	原书脚注中的乙醇去氢生成乙醛的结构式	tex/books/化学（第四册）.tex:4768	427	86	1208	0.956	0.044	replaced
books/assets/chemistry-4/fig-p0097-g01.png	化学（第四册）	chemistry-4	97	T	high	对照 raw 第97页，已改 TikZ	原PDF第97页图示	tex/books/化学（第四册）.tex:3444	462	134	1496	0.958	0.042	replaced
books/assets/chemistry-4/fig-p0098-g01.png	化学（第四册）	chemistry-4	98	T	high	对照 raw 第98页，已改 TikZ	原PDF第98页图示	tex/books/化学（第四册）.tex:3461	249	98	839	0.963	0.037	replaced
books/assets/chemistry-4/fig-p0099-g01.png	化学（第四册）	chemistry-4	99	T	high	对照 raw 第99页，已改 TikZ	原PDF第99页图示	tex/books/化学（第四册）.tex:3542	453	120	1603	0.960	0.040	replaced
books/assets/chemistry-4/fig-p0100-g01.png	化学（第四册）	chemistry-4	100	T	high	对照 raw 第100页，已改 TikZ	原PDF第100页图示	tex/books/化学（第四册）.tex:3548	394	113	1213	0.971	0.029	replaced
books/assets/chemistry-4/fig-p0101-g01.png	化学（第四册）	chemistry-4	101	T	high	对照 raw 第101页，已改 TikZ	原PDF第101页图示	tex/books/化学（第四册）.tex:3585	370	124	1238	0.963	0.037	replaced
books/assets/chemistry-4/fig-p0106-g01.png	化学（第四册）	chemistry-4	106	T	high	对照 raw 第106页，已改 TikZ	（结构式）；（简式）	tex/books/化学（第四册）.tex:3777	291	97	650	0.967	0.033	replaced
books/assets/chemistry-4/fig-p0107-g01.png	化学（第四册）	chemistry-4	107	T	high	对照 raw 第107页，已改 TikZ	原PDF第107页图示	tex/books/化学（第四册）.tex:3791	162	109	798	0.935	0.065	replaced
books/assets/chemistry-4/fig-p0108-g01.png	化学（第四册）	chemistry-4	108	T	high	对照 raw 第108页，已改 TikZ	原PDF第108页图示	tex/books/化学（第四册）.tex:3831	393	155	1265	0.974	0.026	replaced
books/assets/chemistry-4/fig-p0108-g02.png	化学（第四册）	chemistry-4	108	T	high	对照 raw 第108页，已改 TikZ	原PDF第108页图示	tex/books/化学（第四册）.tex:3839	374	76	922	0.956	0.044	replaced
books/assets/chemistry-4/fig-p0110-g01.png	化学（第四册）	chemistry-4	110	T	high	对照 raw/PNG，已改 TikZ	图 2·4 由乙炔水化制取乙醛	tex/books/化学（第四册）.tex:3940	359	317	5149	0.919	0.081	replaced
books/assets/chemistry-4/fig-p0115-g01.png	化学（第四册）	chemistry-4	115	T	high	对照 raw 第115页，已改 TikZ	原PDF第115页图示	tex/books/化学（第四册）.tex:4180	416	188	1765	0.965	0.035	replaced
books/assets/chemistry-4/fig-p0116-g01.png	化学（第四册）	chemistry-4	116	T	high	对照 raw 第116页，已改 TikZ	原PDF第116页图示	tex/books/化学（第四册）.tex:4216	408	75	1081	0.947	0.053	replaced
books/assets/chemistry-4/fig-p0118-g01.png	化学（第四册）	chemistry-4	118	T	high	对照 raw 第118页，已改 TikZ	硬脂酸甘油酯；软脂酸甘油酯	tex/books/化学（第四册）.tex:4294	386	352	3301	0.966	0.034	replaced
books/assets/chemistry-4/fig-p0119-g01.png	化学（第四册）	chemistry-4	119	T	high	对照 raw 第119页，已改 TikZ	（高级脂肪酸的酰基）（丙三醇的烃基）	tex/books/化学（第四册）.tex:4302	166	163	965	0.949	0.051	replaced
books/assets/chemistry-4/fig-p0120-g01.png	化学（第四册）	chemistry-4	120	T	high	对照 raw 第120页，已改 TikZ	原PDF第120页图示	tex/books/化学（第四册）.tex:4339	485	189	2418	0.960	0.040	replaced
books/assets/chemistry-4/fig-p0122-g01.png	化学（第四册）	chemistry-4	122	T	high	对照 raw/PNG，已改 TikZ	图 2·5 肥皂的去污作用示意图	tex/books/化学（第四册）.tex:4402	280	197	1858	0.956	0.044	replaced
books/assets/chemistry-4/fig-p0132-g01.png	化学（第四册）	chemistry-4	132	T	high	对照 raw/PNG，已改 TikZ	图3·1 葡萄糖分子中的元素定性鉴定	tex/books/化学（第四册）.tex:4835	260	251	3020	0.916	0.084	replaced
books/assets/chemistry-4/fig-p0133-g01.png	化学（第四册）	chemistry-4	133	T	high	对照 raw 第133页，已改 TikZ	原PDF第133页图示	tex/books/化学（第四册）.tex:4872	260	90	848	0.950	0.050	replaced
books/assets/chemistry-4/fig-p0133-g02.png	化学（第四册）	chemistry-4	133	T	high	对照 raw 第133页，已改 TikZ	原PDF第133页图示	tex/books/化学（第四册）.tex:4882	261	99	909	0.932	0.068	replaced
books/assets/chemistry-4/fig-p0133-g03.png	化学（第四册）	chemistry-4	133	T	high	对照 raw 第133页，已改 TikZ	原PDF第133页图示	tex/books/化学（第四册）.tex:4890	116	262	970	0.943	0.057	replaced
books/assets/chemistry-4/fig-p0134-g01.png	化学（第四册）	chemistry-4	134	T	high	对照 raw 第134页，已改 TikZ	原PDF第134页图示	tex/books/化学（第四册）.tex:4908	318	154	1422	0.959	0.041	replaced
books/assets/chemistry-4/fig-p0134-g02.png	化学（第四册）	chemistry-4	134	T	high	对照 raw 第134页，已改 TikZ	原PDF第134页图示	tex/books/化学（第四册）.tex:4916	405	136	1315	0.963	0.037	replaced
books/assets/chemistry-4/fig-p0135-g01.png	化学（第四册）	chemistry-4	135	T	high	对照 raw 第135页，已改 TikZ	原PDF第135页图示	tex/books/化学（第四册）.tex:4963	423	101	1596	0.921	0.079	replaced
books/assets/chemistry-4/fig-p0136-g01.png	化学（第四册）	chemistry-4	136	T	high	对照 raw 第136页，已改 TikZ	原PDF第136页图示	tex/books/化学（第四册）.tex:4981	272	127	1203	0.954	0.046	replaced
books/assets/chemistry-4/fig-p0136-g02.png	化学（第四册）	chemistry-4	136	T	high	对照 raw 第136页，已改 TikZ	原PDF第136页图示	tex/books/化学（第四册）.tex:4989	115	266	901	0.957	0.043	replaced
books/assets/chemistry-4/fig-p0137-g01.png	化学（第四册）	chemistry-4	137	T	high	对照 raw 第137页，已改 TikZ	原PDF第137页图示	tex/books/化学（第四册）.tex:4999	470	315	3220	0.963	0.037	replaced
books/assets/chemistry-4/fig-p0141-g01.png	化学（第四册）	chemistry-4	141	P	medium	疑似网纹或照片	图 3·2 马铃薯、小麦和玉蜀黍的淀粉颗粒	tex/books/化学（第四册）.tex:5148	432	150	4518	0.843	0.157	pending
books/assets/chemistry-4/fig-p0144-g01.png	化学（第四册）	chemistry-4	144	T	high	对照 raw 第144页，已改 TikZ	原PDF第144页图示	tex/books/化学（第四册）.tex:5228	390	337	4381	0.938	0.062	replaced
books/assets/chemistry-4/fig-p0148-g01.png	化学（第四册）	chemistry-4	148	T	high	对照 raw 第148页，已改 TikZ	原PDF第148页图示	tex/books/化学（第四册）.tex:5322	458	120	1742	0.954	0.046	replaced
books/assets/chemistry-4/fig-p0152-g01.png	化学（第四册）	chemistry-4	152	T	high	对照 raw 第152页，已改 TikZ	原PDF第152页图示	tex/books/化学（第四册）.tex:5521	459	202	2215	0.964	0.036	replaced
books/assets/chemistry-4/fig-p0153-g01.png	化学（第四册）	chemistry-4	153	T	high	对照 raw 第153页，已改 TikZ	原PDF第153页图示	tex/books/化学（第四册）.tex:5579	490	195	2111	0.966	0.034	replaced
books/assets/chemistry-4/fig-p0154-g01.png	化学（第四册）	chemistry-4	154	T	high	对照 raw 第154页，已改 TikZ	原PDF第154页图示	tex/books/化学（第四册）.tex:5596	379	439	3135	0.975	0.025	replaced
books/assets/chemistry-4/fig-p0156-g01.png	化学（第四册）	chemistry-4	156	T	high	对照 raw 第156页，已改 TikZ	硝基苯；苯胺	tex/books/化学（第四册）.tex:5683	289	80	789	0.970	0.030	replaced
books/assets/chemistry-4/fig-p0157-g01.png	化学（第四册）	chemistry-4	157	T	high	对照 raw 第157页，已改 TikZ	原PDF第157页图示	tex/books/化学（第四册）.tex:5701	463	225	2320	0.965	0.035	replaced
books/assets/chemistry-4/fig-p0159-g01.png	化学（第四册）	chemistry-4	159	T	high	对照 raw 第159页，已改 TikZ	原PDF第159页图示	tex/books/化学（第四册）.tex:5759	267	83	784	0.944	0.056	replaced
books/assets/chemistry-4/fig-p0167-g01.png	化学（第四册）	chemistry-4	167	T	high	对照 raw 第167页，已改 TikZ	原PDF第167页图示	tex/books/化学（第四册）.tex:5960	417	195	2033	0.957	0.043	replaced
books/assets/chemistry-4/fig-p0167-g02.png	化学（第四册）	chemistry-4	167	T	high	对照 raw 第167页，已改 TikZ	原PDF第167页图示	tex/books/化学（第四册）.tex:5968	377	100	997	0.953	0.047	replaced
books/assets/chemistry-4/fig-p0177-g01.png	化学（第四册）	chemistry-4	177	T	high	对照 raw 第177页，已改 TikZ	原PDF第177页图示	tex/books/化学（第四册）.tex:6316	143	66	374	0.953	0.047	replaced
books/assets/chemistry-4/fig-p0177-g02.png	化学（第四册）	chemistry-4	177	T	high	对照 raw/PNG，已改 TikZ	图 5·1 高分子的结构示意图	tex/books/化学（第四册）.tex:6326	389	195	3489	0.933	0.067	replaced
books/assets/chemistry-4/fig-p0184-g01.png	化学（第四册）	chemistry-4	184	T	high	对照 raw/PNG，已改 TikZ	图 5·2 橡胶硫化后的结构	tex/books/化学（第四册）.tex:6444	181	143	1240	0.941	0.059	replaced
books/assets/chemistry-4/fig-p0184-g02.png	化学（第四册）	chemistry-4	184	T	high	对照 raw 第184页，已改 TikZ	原书脚注中的乙醇制丁二烯结构反应式	tex/books/化学（第四册）.tex:6957	214	98	821	0.950	0.050	replaced
books/assets/chemistry-4/fig-p0186-g01.png	化学（第四册）	chemistry-4	186	T	high	对照 raw 第186页，已改 TikZ	原PDF第186页图示	tex/books/化学（第四册）.tex:6501	371	89	863	0.963	0.037	replaced
books/assets/chemistry-4/fig-p0187-g01.png	化学（第四册）	chemistry-4	187	T	high	对照 raw 第187页，已改 TikZ	原PDF第187页图示	tex/books/化学（第四册）.tex:6521	469	146	1865	0.954	0.046	replaced
books/assets/chemistry-4/fig-p0187-g02.png	化学（第四册）	chemistry-4	187	T	high	对照 raw 第187页，已改 TikZ	原PDF第187页图示	tex/books/化学（第四册）.tex:6537	149	67	448	0.940	0.060	replaced
books/assets/chemistry-4/fig-p0188-g01.png	化学（第四册）	chemistry-4	188	T	high	对照 raw 第188页，已改 TikZ	特丽纶结构式	tex/books/化学（第四册）.tex:6531	430	149	2018	0.943	0.057	replaced
books/assets/chemistry-4/fig-p0190-g01.png	化学（第四册）	chemistry-4	190	P	medium	疑似网纹或照片	碱式滴定管下端的橡皮管、玻璃珠和尖嘴结构（第10题）	tex/books/化学（第四册）.tex:6683	42	207	646	0.865	0.135	pending
books/assets/chemistry-4/fig-p0191-g01.png	化学（第四册）	chemistry-4	191	T	high	对照 raw 第191页，已改 TikZ	原PDF第191页图示	tex/books/化学（第四册）.tex:6738	136	83	381	0.968	0.032	replaced
books/assets/chemistry-4/fig-p0191-g02.png	化学（第四册）	chemistry-4	191	T	high	对照 raw 第191页，已改 TikZ	原PDF第191页图示	tex/books/化学（第四册）.tex:6746	192	84	537	0.957	0.043	replaced
books/assets/chemistry-4/fig-p0191-g03.png	化学（第四册）	chemistry-4	191	T	high	对照 raw 第191页，已改 TikZ	原PDF第191页图示	tex/books/化学（第四册）.tex:6754	158	84	391	0.972	0.028	replaced
books/assets/chemistry-4/fig-p0191-g04.png	化学（第四册）	chemistry-4	191	T	high	对照 raw 第191页，已改 TikZ	原PDF第191页图示	tex/books/化学（第四册）.tex:6762	173	98	517	0.965	0.035	replaced
books/assets/chemistry-4/fig-p0191-g05.png	化学（第四册）	chemistry-4	191	T	high	对照 raw 第191页，已改 TikZ	原PDF第191页图示	tex/books/化学（第四册）.tex:6770	160	84	435	0.960	0.040	replaced
books/assets/chemistry-4/fig-p0191-g06.png	化学（第四册）	chemistry-4	191	T	high	对照 raw 第191页，已改 TikZ	原PDF第191页图示	tex/books/化学（第四册）.tex:6778	189	84	511	0.959	0.041	replaced
books/assets/chemistry-4/fig-p0191-g07.png	化学（第四册）	chemistry-4	191	T	high	对照 raw 第191页，已改 TikZ	原PDF第191页图示	tex/books/化学（第四册）.tex:6786	159	85	463	0.955	0.045	replaced
books/assets/chemistry-4/fig-p0191-g08.png	化学（第四册）	chemistry-4	191	T	high	对照 raw 第191页，已改 TikZ	原PDF第191页图示	tex/books/化学（第四册）.tex:6794	169	85	462	0.952	0.048	replaced
books/assets/chemistry-4/fig-p0195-g01.png	化学（第四册）	chemistry-4	195	T	high	对照 raw/PNG，已改 TikZ	图附	tex/books/化学（第四册）.tex:7073	415	560	10470	0.912	0.088	replaced
books/assets/chemistry-4/fig-p0196-g01.png	化学（第四册）	chemistry-4	196	T	high	对照 raw/PNG，已改 TikZ	图 附 2	tex/books/化学（第四册）.tex:7086	182	248	2376	0.917	0.083	replaced
books/assets/chemistry-4/fig-p0196-g02.png	化学（第四册）	chemistry-4	196	T	high	对照 raw/PNG，已改 TikZ	图 附 4	tex/books/化学（第四册）.tex:7096	131	193	1135	0.936	0.064	replaced
books/assets/chemistry-4/fig-p0196-g03.png	化学（第四册）	chemistry-4	196	T	high	对照 raw/PNG，已改 TikZ	图 1	tex/books/化学（第四册）.tex:7106	343	250	3584	0.929	0.071	replaced
books/assets/chemistry-4/fig-p0197-g01.png	化学（第四册）	chemistry-4	197	T	high	对照 raw/PNG，已改 TikZ	图 附 7	tex/books/化学（第四册）.tex:7117	405	278	3541	0.937	0.063	replaced
books/assets/chemistry-4/fig-p0199-g01.png	化学（第四册）	chemistry-4	199	T	high	对照 raw/PNG，已改 TikZ	图 附8	tex/books/化学（第四册）.tex:7245	211	256	2549	0.928	0.072	replaced
books/assets/chemistry-4/manual-p0029-exercise-1-5-q4.png	化学（第四册）	chemistry-4		T	high	对照 raw 页结构式，已改 TikZ	习题1·5第4题结构式	tex/books/化学（第四册）.tex:920	513	590	4387	0.973	0.027	replaced
books/assets/chemistry-4/manual-p0050-table-1-6.png	化学（第四册）	chemistry-4		T	high	对照 raw 第页，已改 TikZ	表1·6 苯的同系物	tex/books/化学（第四册）.tex:1647	645	661	7520	0.960	0.040	replaced
books/assets/chemistry-4/manual-p0066-review-q7.png	化学（第四册）	chemistry-4		T	high	对照 raw 页结构式，已改 TikZ	复习题一第7题结构式	tex/books/化学（第四册）.tex:2234	531	239	3257	0.958	0.042	replaced
books/assets/chemistry-4/manual-p0066-review-q8.png	化学（第四册）	chemistry-4		T	high	对照 raw 第页，已改 TikZ	复习题一第8题反应网络	tex/books/化学（第四册）.tex:2240	535	158	1999	0.959	0.041	replaced
books/assets/physics-1/fig-p0007-01.png	物理（第一册）	physics-1	7	T	high	对照 raw/PNG，已改 TikZ	图1·1 国际米原器	tex/books/物理（第一册）.tex:364	160	278	1832	0.897	0.103	replaced
books/assets/physics-1/fig-p0008-01.png	物理（第一册）	physics-1	8	T	high	对照 raw/PNG，已改 TikZ	图1-2	tex/books/物理（第一册）.tex:374	549	248	3000	0.938	0.062	replaced
books/assets/physics-1/fig-p0009-01.png	物理（第一册）	physics-1	9	T	high	对照 raw 第9页直尺或视线示意，已改 TikZ	直尺	tex/books/物理（第一册）.tex:418	252	75	657	0.910	0.090	replaced
books/assets/physics-1/fig-p0009-02.png	物理（第一册）	physics-1	9	V	low	初分待对照 raw 改轨	图1-3 刻度尺	tex/books/物理（第一册）.tex:426	182	156	1664	0.829	0.171	pending
books/assets/physics-1/fig-p0009-03.png	物理（第一册）	physics-1	9	T	high	对照 raw 第9页直尺或视线示意，已改 TikZ	图1·4 用直尺量物体的长度	tex/books/物理（第一册）.tex:434	315	164	1426	0.933	0.067	replaced
books/assets/physics-1/fig-p0009-04.png	物理（第一册）	physics-1	9	T	high	对照 raw 第9页直尺或视线示意，已改 TikZ	图1-5 尺放斜了	tex/books/物理（第一册）.tex:447	274	163	1469	0.905	0.095	replaced
books/assets/physics-1/fig-p0010-01.png	物理（第一册）	physics-1	10	T	high	对照 raw 第10页直尺或视线示意，已改 TikZ	眼睛的位置放得正确	tex/books/物理（第一册）.tex:457	174	205	1447	0.920	0.080	replaced
books/assets/physics-1/fig-p0010-02.png	物理（第一册）	physics-1	10	T	high	对照 raw 第10页直尺或视线示意，已改 TikZ	眼睛的位置放得不时	tex/books/物理（第一册）.tex:465	174	203	1633	0.899	0.101	replaced
books/assets/physics-1/fig-p0010-03.png	物理（第一册）	physics-1	10	T	high	对照 raw/PNG，已改 TikZ	图1-7 游标卡尺	tex/books/物理（第一册）.tex:483	396	184	2374	0.912	0.088	replaced
books/assets/physics-1/fig-p0011-01.png	物理（第一册）	physics-1	11	T	high	对照 raw/PNG，已改 TikZ	图1·8 被测零件的宽度是5.2毫米	tex/books/物理（第一册）.tex:496	415	183	2265	0.905	0.095	replaced
books/assets/physics-1/fig-p0011-03.png	物理（第一册）	physics-1	11	T	high	对照 raw/PNG，已改 TikZ	(第4题)	tex/books/物理（第一册）.tex:521	205	153	1082	0.943	0.057	replaced
books/assets/physics-1/fig-p0011-04.png	物理（第一册）	physics-1	11	P	medium	疑似网纹或照片	(第5题)	tex/books/物理（第一册）.tex:529	338	136	1797	0.861	0.139	pending
books/assets/physics-1/fig-p0012-01.png	物理（第一册）	physics-1	12	T	high	对照 raw 第12页，已改 TikZ	图1·9 面积的单位	tex/books/物理（第一册）.tex:556	302	276	2269	0.863	0.137	replaced
books/assets/physics-1/fig-p0013-01.png	物理（第一册）	physics-1	13	T	high	对照 raw 第13页，已改 TikZ	``×''完整一小格 ``√''大于半小格	tex/books/物理（第一册）.tex:580	338	204	2576	0.892	0.108	replaced
books/assets/physics-1/fig-p0014-01.png	物理（第一册）	physics-1	14	P	medium	疑似网纹或照片	图1·11 体积的单位	tex/books/物理（第一册）.tex:624	235	273	3448	0.854	0.146	pending
books/assets/physics-1/fig-p0014-02.png	物理（第一册）	physics-1	14	T	high	对照 raw/PNG，已改 TikZ	图1·12 鼠筒(左)、量杯(右)	tex/books/物理（第一册）.tex:632	219	357	2241	0.930	0.070	replaced
books/assets/physics-1/fig-p0015-01.png	物理（第一册）	physics-1	15	T	high	对照 raw 第15页，已改 TikZ	图 1-13 眼睛要跟液面相平	tex/books/物理（第一册）.tex:647	169	326	1067	0.945	0.055	replaced
books/assets/physics-1/fig-p0015-02.png	物理（第一册）	physics-1	15	T	high	对照 raw 第15页液面或刻度示意图，已改 TikZ	图 1.14 量度形状不规则,固体的体积	tex/books/物理（第一册）.tex:655	193	372	2620	0.873	0.127	replaced
books/assets/physics-1/fig-p0016-01.png	物理（第一册）	physics-1	16	T	high	对照 raw 第16页液面或刻度示意图，已改 TikZ	(第6题)简易小量筒的制作	tex/books/物理（第一册）.tex:688	239	236	1586	0.910	0.090	replaced
books/assets/physics-1/fig-p0017-01.png	物理（第一册）	physics-1	17	T	high	对照 raw/PNG，已改 TikZ	图 1·15 国际标准千克源器	tex/books/物理（第一册）.tex:719	186	240	1821	0.911	0.089	replaced
books/assets/physics-1/fig-p0018-01.png	物理（第一册）	physics-1	18	T	high	对照 raw/PNG，已改 TikZ	图示（原PDF第18页）	tex/books/物理（第一册）.tex:733	272	249	2173	0.903	0.097	replaced
books/assets/physics-1/fig-p0018-02.png	物理（第一册）	physics-1	18	T	medium	高留白线稿；正文已取消该 PNG 引用	图1·16 确定物体质量用的天平	tex/books/物理（第一册）.tex:739	175	172	568	0.947	0.053	replaced
books/assets/physics-1/fig-p0018-03.png	物理（第一册）	physics-1	18	T	high	对照 raw/PNG，已改 TikZ	图1·17 砝码	tex/books/物理（第一册）.tex:756	518	323	6440	0.914	0.086	replaced
books/assets/physics-1/fig-p0020-01.png	物理（第一册）	physics-1	20	T	high	对照 raw/PNG，已改 TikZ	(第6题)	tex/books/物理（第一册）.tex:819	240	186	1335	0.896	0.104	replaced
books/assets/physics-1/fig-p0021-01.png	物理（第一册）	physics-1	21	T	high	对照 raw/PNG，已改 TikZ	图1·18 钟、表、秒表	tex/books/物理（第一册）.tex:848	481	311	6031	0.866	0.134	replaced
books/assets/physics-1/fig-p0022-01.png	物理（第一册）	physics-1	22	T	high	对照 raw/PNG，已改 TikZ	(第6题) 单摆	tex/books/物理（第一册）.tex:878	120	218	735	0.955	0.045	replaced
books/assets/physics-1/fig-p0023-01.png	物理（第一册）	physics-1	23	T	high	对照 raw/PNG，已改 TikZ	(第5题)	tex/books/物理（第一册）.tex:944	264	183	1523	0.912	0.088	replaced
books/assets/physics-1/fig-p0023-02.png	物理（第一册）	physics-1	23	T	high	对照 raw 第23页液面或刻度示意图，已改 TikZ	(第7题)	tex/books/物理（第一册）.tex:952	271	147	1043	0.914	0.086	replaced
books/assets/physics-1/fig-p0026-01.png	物理（第一册）	physics-1	26	T	high	对照 raw 第26页力图或连通器示意图，已改 TikZ	图2·1 力的图示	tex/books/物理（第一册）.tex:1012	179	233	1244	0.961	0.039	replaced
books/assets/physics-1/fig-p0027-01.png	物理（第一册）	physics-1	27	T	high	对照 raw/PNG，已改 TikZ	图2·2 力的图示	tex/books/物理（第一册）.tex:1035	373	163	2683	0.861	0.139	replaced
books/assets/physics-1/fig-p0028-01.png	物理（第一册）	physics-1	28	T	high	对照 raw/PNG，已改 TikZ	(a) 物体对支持物的压力	tex/books/物理（第一册）.tex:1051	385	214	2379	0.919	0.081	replaced
books/assets/physics-1/fig-p0028-02.png	物理（第一册）	physics-1	28	T	high	对照 raw/PNG，已改 TikZ	(b) 物体对支持物的拉力	tex/books/物理（第一册）.tex:1059	393	308	2548	0.936	0.064	replaced
books/assets/physics-1/fig-p0030-01.png	物理（第一册）	physics-1	30	T	high	对照 raw/PNG，已改 TikZ	图示（原PDF第30页）	tex/books/物理（第一册）.tex:1098	144	112	834	0.856	0.144	replaced
books/assets/physics-1/fig-p0030-02.png	物理（第一册）	physics-1	30	V	low	初分待对照 raw 改轨	图2-4 重垂线	tex/books/物理（第一册）.tex:1104	114	212	1476	0.821	0.179	pending
books/assets/physics-1/fig-p0030-03.png	物理（第一册）	physics-1	30	T	high	对照 raw/PNG，已改 TikZ	(第4题)	tex/books/物理（第一册）.tex:1131	167	116	740	0.886	0.114	replaced
books/assets/physics-1/fig-p0031-01.png	物理（第一册）	physics-1	31	V	low	初分待对照 raw 改轨	图2-5 铁和木头到底谁重	tex/books/物理（第一册）.tex:1146	216	193	2019	0.837	0.163	pending
books/assets/physics-1/fig-p0036-01.png	物理（第一册）	physics-1	36	T	high	对照 raw/PNG，已改 TikZ	图2·6 固体、液体和气体	tex/books/物理（第一册）.tex:1383	454	270	3863	0.934	0.066	replaced
books/assets/physics-1/fig-p0039-01.png	物理（第一册）	physics-1	39	T	high	对照 raw/PNG，已改 TikZ	(a)	tex/books/物理（第一册）.tex:1413	127	263	1051	0.903	0.097	replaced
books/assets/physics-1/fig-p0039-02.png	物理（第一册）	physics-1	39	T	high	对照 raw/PNG，已改 TikZ	(b)	tex/books/物理（第一册）.tex:1421	107	259	1041	0.897	0.103	replaced
books/assets/physics-1/fig-p0039-03.png	物理（第一册）	physics-1	39	T	high	对照 raw/PNG，已改 TikZ	(c)	tex/books/物理（第一册）.tex:1429	147	260	1234	0.919	0.081	replaced
books/assets/physics-1/fig-p0039-04.png	物理（第一册）	physics-1	39	T	high	对照 raw/PNG，已改 TikZ	图2-8 弹簧秤	tex/books/物理（第一册）.tex:1441	381	428	4225	0.903	0.097	replaced
books/assets/physics-1/fig-p0042-01.png	物理（第一册）	physics-1	42	T	high	对照 raw/PNG，已改 TikZ	(第7题)	tex/books/物理（第一册）.tex:1531	281	262	2307	0.928	0.072	replaced
books/assets/physics-1/fig-p0042-02.png	物理（第一册）	physics-1	42	T	low	初分待对照 raw 改轨；正文已取消该 PNG 引用	(第8题)	tex/books/物理（第一册）.tex:1539	152	246	1369	0.913	0.087	replaced
books/assets/physics-1/fig-p0042-03.png	物理（第一册）	physics-1	42	T	medium	高留白线稿；正文已取消该 PNG 引用	图2-9 手对图钉施加压力	tex/books/物理（第一册）.tex:1559	194	170	1098	0.952	0.048	replaced
books/assets/physics-1/fig-p0043-01.png	物理（第一册）	physics-1	43	T	medium	高留白线稿；正文已取消该 PNG 引用	图2·10 在泥烂的路上行走	tex/books/物理（第一册）.tex:1575	486	317	4335	0.932	0.068	replaced
books/assets/physics-1/fig-p0045-01.png	物理（第一册）	physics-1	45	V	low	初分待对照 raw 改轨	图 2·11 大型公路穿梭车	tex/books/物理（第一册）.tex:1609	428	184	3765	0.783	0.217	pending
books/assets/physics-1/fig-p0051-01.png	物理（第一册）	physics-1	51	T	low	初分待对照 raw 改轨；正文已取消该 PNG 引用	图3·1 注射器内水的压力和压强	tex/books/物理（第一册）.tex:1824	336	92	1445	0.893	0.107	replaced
books/assets/physics-1/fig-p0051-02.png	物理（第一册）	physics-1	51	T	low	初分待对照 raw 改轨；正文已取消该 PNG 引用	图3·2 密闭的连通器中液体传递压力和压强的作用	tex/books/物理（第一册）.tex:1843	326	246	3199	0.890	0.110	replaced
books/assets/physics-1/fig-p0052-01.png	物理（第一册）	physics-1	52	T	low	初分待对照 raw 改轨；正文已取消该 PNG 引用	图3-3 液压机工作原理示意图	tex/books/物理（第一册）.tex:1861	262	256	2359	0.878	0.122	replaced
books/assets/physics-1/fig-p0053-01.png	物理（第一册）	physics-1	53	V	low	初分待对照 raw 改轨	图3-4 万吨水压机	tex/books/物理（第一册）.tex:1878	310	488	7573	0.734	0.266	pending
books/assets/physics-1/fig-p0055-01.png	物理（第一册）	physics-1	55	V	low	初分待对照 raw 改轨	(第1题)	tex/books/物理（第一册）.tex:1963	121	221	1431	0.831	0.169	pending
books/assets/physics-1/fig-p0056-01.png	物理（第一册）	physics-1	56	T	medium	高留白线稿；正文已取消该 PNG 引用	图 3·5 液体对容器底的压强	tex/books/物理（第一册）.tex:1979	270	311	2503	0.932	0.068	replaced
books/assets/physics-1/fig-p0056-02.png	物理（第一册）	physics-1	56	T	high	对照 raw 第56页力图或连通器示意图，已改 TikZ	图 3·6 液体对容器壁的压强	tex/books/物理（第一册）.tex:1989	198	204	1353	0.915	0.085	replaced
books/assets/physics-1/fig-p0057-01.png	物理（第一册）	physics-1	57	T	low	初分待对照 raw 改轨；正文已取消该 PNG 引用	图3·7 压强计	tex/books/物理（第一册）.tex:2019	260	369	2989	0.905	0.095	replaced
books/assets/physics-1/fig-p0058-01.png	物理（第一册）	physics-1	58	T	low	初分待对照 raw 改轨	(c)	tex/books/物理（第一册）.tex:2027	296	341	3872	0.899	0.101	pending
books/assets/physics-1/fig-p0058-02.png	物理（第一册）	physics-1	58	T	low	初分待对照 raw 改轨	(3) 和液体内壁同一深度处, 各方向的压强都相等	tex/books/物理（第一册）.tex:2037	274	340	3821	0.919	0.081	pending
books/assets/physics-1/fig-p0059-01.png	物理（第一册）	physics-1	59	T	high	对照 raw 第59页力图或连通器示意图，已改 TikZ	图3-9 液体内部压强的计算	tex/books/物理（第一册）.tex:2070	230	193	1322	0.915	0.085	replaced
books/assets/physics-1/fig-p0061-01.png	物理（第一册）	physics-1	61	T	high	对照 raw 容器简图，已改 TikZ	图 3·10 压强的分布与容器的形状无关	tex/books/物理（第一册）.tex:2163	434	181	3733	0.867	0.133	replaced
books/assets/physics-1/fig-p0062-01.png	物理（第一册）	physics-1	62	T	high	对照 raw 容器简图，已改 TikZ	图3-11 比较容器底部的压力和压强	tex/books/物理（第一册）.tex:2184	323	158	1614	0.939	0.061	replaced
books/assets/physics-1/fig-p0063-01.png	物理（第一册）	physics-1	63	V	low	初分待对照 raw 改轨	图3-12 水塔	tex/books/物理（第一册）.tex:2233	211	342	2925	0.850	0.150	pending
books/assets/physics-1/fig-p0063-02.png	物理（第一册）	physics-1	63	T	high	对照 raw 容器简图，已改 TikZ	(第1题)	tex/books/物理（第一册）.tex:2278	237	158	1433	0.890	0.110	replaced
books/assets/physics-1/fig-p0064-01.png	物理（第一册）	physics-1	64	T	high	对照 raw 第64页力图或连通器示意图，已改 TikZ	图3·13 连通器	tex/books/物理（第一册）.tex:2310	387	161	2950	0.854	0.146	replaced
books/assets/physics-1/fig-p0065-01.png	物理（第一册）	physics-1	65	T	medium	高留白线稿	图3·14 连通器实验	tex/books/物理（第一册）.tex:2324	411	363	3898	0.925	0.075	pending
books/assets/physics-1/fig-p0065-02.png	物理（第一册）	physics-1	65	T	high	对照 raw 第65页液面或刻度示意图，已改 TikZ	图 3·15 连通器黑水面相平的说明	tex/books/物理（第一册）.tex:2341	198	196	1398	0.913	0.087	replaced
books/assets/physics-1/fig-p0066-01.png	物理（第一册）	physics-1	66	T	low	初分待对照 raw 改轨	图3·16 有自自来水装置	tex/books/物理（第一册）.tex:2359	467	152	2840	0.904	0.096	pending
books/assets/physics-1/fig-p0067-01.png	物理（第一册）	physics-1	67	T	high	对照 raw 容器简图，已改 TikZ	(a)	tex/books/物理（第一册）.tex:2380	210	195	1298	0.915	0.085	replaced
books/assets/physics-1/fig-p0067-02.png	物理（第一册）	physics-1	67	T	high	对照 raw 容器简图，已改 TikZ	(b)	tex/books/物理（第一册）.tex:2388	201	207	1508	0.896	0.104	replaced
books/assets/physics-1/fig-p0067-03.png	物理（第一册）	physics-1	67	T	high	对照 raw 第67页液面或刻度示意图，已改 TikZ	图3-18 求正精比重	tex/books/物理（第一册）.tex:2405	220	211	1761	0.909	0.091	replaced
books/assets/physics-1/fig-p0067-04.png	物理（第一册）	physics-1	67	T	high	对照 raw 第67页液面或刻度示意图，已改 TikZ	图 3·19 水管中汽油的高度	tex/books/物理（第一册）.tex:2432	255	208	1732	0.918	0.082	replaced
books/assets/physics-1/fig-p0068-01.png	物理（第一册）	physics-1	68	T	high	对照 raw 容器简图，已改 TikZ	(第2题)	tex/books/物理（第一册）.tex:2477	219	213	1968	0.892	0.108	replaced
books/assets/physics-1/fig-p0068-02.png	物理（第一册）	physics-1	68	T	low	初分待对照 raw 改轨	(第5题)	tex/books/物理（第一册）.tex:2485	187	309	1904	0.913	0.087	pending
books/assets/physics-1/fig-p0069-01.png	物理（第一册）	physics-1	69	T	medium	高留白线稿	图 3·20 是大气层纸杯和	tex/books/物理（第一册）.tex:2510	151	219	1362	0.923	0.077	pending
books/assets/physics-1/fig-p0069-02.png	物理（第一册）	physics-1	69	T	medium	高留白线稿	图3·21 证明大气压存在的又一实验	tex/books/物理（第一册）.tex:2518	279	136	1440	0.926	0.074	pending
books/assets/physics-1/fig-p0070-01.png	物理（第一册）	physics-1	70	T	medium	高留白线稿	图3·22 地面空气流量大	tex/books/物理（第一册）.tex:2536	264	231	2492	0.935	0.065	pending
books/assets/physics-1/fig-p0070-02.png	物理（第一册）	physics-1	70	T	low	初分待对照 raw 改轨	图3·23 测定大气压------托里拆利实验	tex/books/物理（第一册）.tex:2544	187	316	2030	0.858	0.142	pending
books/assets/physics-1/fig-p0072-01.png	物理（第一册）	physics-1	72	P	medium	疑似网纹或照片	图3-24 槽式水银气压计	tex/books/物理（第一册）.tex:2568	63	469	1455	0.837	0.163	pending
books/assets/physics-1/fig-p0072-02.png	物理（第一册）	physics-1	72	V	low	初分待对照 raw 改轨	图 3·25 曲管水银气压计	tex/books/物理（第一册）.tex:2576	83	476	1750	0.771	0.229	pending
books/assets/physics-1/fig-p0073-01.png	物理（第一册）	physics-1	73	T	high	对照 raw 容器简图，已改 TikZ	(第3题)	tex/books/物理（第一册）.tex:2614	97	200	743	0.920	0.080	replaced
books/assets/physics-1/fig-p0074-01.png	物理（第一册）	physics-1	74	T	high	对照 raw 容器简图，已改 TikZ	图3·26 浮力的产生	tex/books/物理（第一册）.tex:2662	247	172	1466	0.932	0.068	replaced
books/assets/physics-1/fig-p0075-01.png	物理（第一册）	physics-1	75	T	low	初分待对照 raw 改轨	图 3·27 阿基米德定律的证明	tex/books/物理（第一册）.tex:2678	534	212	3136	0.916	0.084	pending
books/assets/physics-1/fig-p0077-01.png	物理（第一册）	physics-1	77	T	high	对照 raw 容器简图，已改 TikZ	图3·28 物体的浮沉	tex/books/物理（第一册）.tex:2712	514	244	3333	0.926	0.074	replaced
books/assets/physics-1/fig-p0078-01.png	物理（第一册）	physics-1	78	T	low	初分待对照 raw 改轨	图3·29 比重计	tex/books/物理（第一册）.tex:2724	112	424	1700	0.874	0.126	pending
books/assets/physics-1/fig-p0079-01.png	物理（第一册）	physics-1	79	T	low	初分待对照 raw 改轨	图3·30 潜水艇	tex/books/物理（第一册）.tex:2735	400	243	5281	0.867	0.133	pending
books/assets/physics-1/fig-p0079-02.png	物理（第一册）	physics-1	79	P	medium	疑似网纹或照片	图 3·31 气球(左)和飞艇(右)	tex/books/物理（第一册）.tex:2745	501	275	6076	0.873	0.127	pending
books/assets/physics-1/fig-p0081-01.png	物理（第一册）	physics-1	81	V	low	初分待对照 raw 改轨	图 3·32 ``大力神号''飞艇	tex/books/物理（第一册）.tex:2849	267	159	2363	0.794	0.206	pending
books/assets/physics-1/fig-p0085-01.png	物理（第一册）	physics-1	85	T	medium	高留白线稿	(第1题)	tex/books/物理（第一册）.tex:3020	279	163	881	0.951	0.049	pending
books/assets/physics-1/fig-p0085-02.png	物理（第一册）	physics-1	85	T	medium	高留白线稿	图示（原PDF第85页）	tex/books/物理（第一册）.tex:3044	288	187	1363	0.944	0.056	pending
books/assets/physics-1/fig-p0085-03.png	物理（第一册）	physics-1	85	T	high	对照 raw 容器简图，已改 TikZ	(第2题)	tex/books/物理（第一册）.tex:3050	165	181	844	0.949	0.051	replaced
books/assets/physics-1/fig-p0086-01.png	物理（第一册）	physics-1	86	T	high	对照 raw 容器简图，已改 TikZ	(第3题)	tex/books/物理（第一册）.tex:3079	136	268	1436	0.902	0.098	replaced
books/assets/physics-1/fig-p0086-02.png	物理（第一册）	physics-1	86	T	high	对照 raw 容器简图，已改 TikZ	(第2题)	tex/books/物理（第一册）.tex:3106	176	227	1189	0.887	0.113	replaced
books/assets/physics-1/fig-p0087-01.png	物理（第一册）	physics-1	87	T	low	初分待对照 raw 改轨	(第6题)	tex/books/物理（第一册）.tex:3146	91	354	1830	0.874	0.126	pending
books/assets/physics-1/fig-p0091-01.png	物理（第一册）	physics-1	91	T	high	对照 raw 位移简图，已改 TikZ	图4-1 物体的平动	tex/books/物理（第一册）.tex:3215	178	355	2080	0.938	0.062	replaced
books/assets/physics-1/fig-p0092-01.png	物理（第一册）	physics-1	92	T	high	对照 raw 位移简图，已改 TikZ	图4-2 质点的运动轨迹	tex/books/物理（第一册）.tex:3241	393	192	1207	0.981	0.019	replaced
books/assets/physics-1/fig-p0093-01.png	物理（第一册）	physics-1	93	T	high	对照 raw 位移简图，已改 TikZ	(第5题)	tex/books/物理（第一册）.tex:3267	402	186	1759	0.955	0.045	replaced
books/assets/physics-1/fig-p0093-02.png	物理（第一册）	physics-1	93	V	low	初分待对照 raw 改轨	图示（原PDF第93页）	tex/books/物理（第一册）.tex:3280	145	172	1295	0.827	0.173	pending
books/assets/physics-1/fig-p0093-03.png	物理（第一册）	physics-1	93	T	high	对照 raw 位移简图，已改 TikZ	图4-3 路程和位移	tex/books/物理（第一册）.tex:3286	245	227	1229	0.976	0.024	replaced
books/assets/physics-1/fig-p0095-01.png	物理（第一册）	physics-1	95	T	high	对照 raw 位移简图，已改 TikZ	图4-4. 位移的图示	tex/books/物理（第一册）.tex:3332	210	100	563	0.949	0.051	replaced
books/assets/physics-1/fig-p0096-01.png	物理（第一册）	physics-1	96	T	high	对照 raw 位移简图，已改 TikZ	图4-5 匀速直线运动	tex/books/物理（第一册）.tex:3393	296	64	474	0.947	0.053	replaced
books/assets/physics-1/fig-p0099-01.png	物理（第一册）	physics-1	99	T	low	初分待对照 raw 改轨	图示（原PDF第99页）	tex/books/物理（第一册）.tex:3479	387	90	1063	0.912	0.088	pending
books/assets/physics-1/fig-p0100-01.png	物理（第一册）	physics-1	100	T	medium	高留白线稿	图示（原PDF第100页）	tex/books/物理（第一册）.tex:3508	422	114	1215	0.945	0.055	pending
books/assets/physics-1/fig-p0102-01.png	物理（第一册）	physics-1	102	T	high	对照 raw 第102页，已改 TikZ	图 4·6 物体在不同时间内所通过的路程	tex/books/物理（第一册）.tex:3568	324	304	1358	0.981	0.019	replaced
books/assets/physics-1/fig-p0103-01.png	物理（第一册）	physics-1	103	T	high	对照 raw 第103页，已改 TikZ	图4·7 匀速直线运动的路程图线	tex/books/物理（第一册）.tex:3617	224	293	1767	0.930	0.070	replaced
books/assets/physics-1/fig-p0103-02.png	物理（第一册）	physics-1	103	T	high	对照 raw 第103页，已改 TikZ	图4·8 两个匀速直线运动的路程图线	tex/books/物理（第一册）.tex:3625	219	247	1223	0.951	0.049	replaced
books/assets/physics-1/fig-p0104-01.png	物理（第一册）	physics-1	104	T	high	对照 raw 第104页，已改 TikZ	图4-9 匀速直线运动的速度图线	tex/books/物理（第一册）.tex:3643	292	229	991	0.970	0.030	replaced
books/assets/physics-1/fig-p0105-01.png	物理（第一册）	physics-1	105	T	high	对照 raw 第105页，已改 TikZ	图 4·10 速度图线和路程	tex/books/物理（第一册）.tex:3669	251	247	1115	0.962	0.038	replaced
books/assets/physics-1/fig-p0106-01.png	物理（第一册）	physics-1	106	T	high	对照 raw 第106页，已改 TikZ	图 4.11 s-t 图	tex/books/物理（第一册）.tex:3725	323	282	2124	0.962	0.038	replaced
books/assets/physics-1/fig-p0107-01.png	物理（第一册）	physics-1	107	T	medium	高留白线稿	图示（原PDF第107页）	tex/books/物理（第一册）.tex:3763	408	140	1205	0.952	0.048	pending
books/assets/physics-1/fig-p0108-01.png	物理（第一册）	physics-1	108	T	high	对照 raw 第108页，已改 TikZ	图 4·12 A、B 两车的路程图线	tex/books/物理（第一册）.tex:3806	274	259	1835	0.948	0.052	replaced
books/assets/physics-1/fig-p0109-02.png	物理（第一册）	physics-1	109	T	high	对照 raw 第109页，已改 TikZ	(第3题)	tex/books/物理（第一册）.tex:3834	215	280	1144	0.974	0.026	replaced
books/assets/physics-1/fig-p0109-03.png	物理（第一册）	physics-1	109	T	high	对照 raw 第109页，已改 TikZ	(第5题)	tex/books/物理（第一册）.tex:3842	218	263	1256	0.964	0.036	replaced
books/assets/physics-1/fig-p0112-01.png	物理（第一册）	physics-1	112	T	high	对照 raw 第112页，已改 TikZ	图 4-13 小船的``斜渡''	tex/books/物理（第一册）.tex:3941	357	193	3025	0.887	0.113	replaced
books/assets/physics-1/fig-p0113-01.png	物理（第一册）	physics-1	113	T	high	对照 raw 第113页，已改 TikZ	图 4·14 小船的``横渡''	tex/books/物理（第一册）.tex:3957	354	191	3433	0.865	0.135	replaced
books/assets/physics-1/fig-p0114-01.png	物理（第一册）	physics-1	114	T	high	对照 raw 第114页，已改 TikZ	图 4·15 ``横渡''变成了``斜渡''	tex/books/物理（第一册）.tex:3987	365	206	3368	0.874	0.126	replaced
books/assets/physics-1/fig-p0116-01.png	物理（第一册）	physics-1	116	T	high	对照 raw 第116页，已改 TikZ	图4-16 速度的合度	tex/books/物理（第一册）.tex:4060	288	165	1684	0.940	0.060	replaced
books/assets/physics-1/fig-p0117-01.png	物理（第一册）	physics-1	117	T	high	对照 raw 第117页，已改 TikZ	图4·17 互成角度的速度合成	tex/books/物理（第一册）.tex:4118	342	190	2759	0.883	0.117	replaced
books/assets/physics-1/fig-p0118-01.png	物理（第一册）	physics-1	118	T	high	对照 raw 第118页，已改 TikZ	图4-18 飞机的两个分速度	tex/books/物理（第一册）.tex:4142	185	247	1095	0.952	0.048	replaced
books/assets/physics-1/fig-p0119-01.png	物理（第一册）	physics-1	119	T	high	对照 raw 第119页，已改 TikZ	图4·19 小船的合速度	tex/books/物理（第一册）.tex:4174	190	242	1475	0.941	0.059	replaced
books/assets/physics-1/fig-p0121-01.png	物理（第一册）	physics-1	121	T	high	对照 raw 第121页，已改 TikZ	(第3题)	tex/books/物理（第一册）.tex:4290	336	296	1272	0.977	0.023	replaced
books/assets/physics-1/fig-p0124-01.png	物理（第一册）	physics-1	124	T	high	对照 raw 第124页，已改 TikZ	图5-1	tex/books/物理（第一册）.tex:4382	364	193	1777	0.944	0.056	replaced
books/assets/physics-1/fig-p0129-01.png	物理（第一册）	physics-1	129	T	high	对照 raw 第129页，已改 TikZ	图 5.2 匀加速和匀减速直线运动加速度的方向示意图	tex/books/物理（第一册）.tex:4492	450	189	1942	0.948	0.052	replaced
books/assets/physics-1/fig-p0138-01.png	物理（第一册）	physics-1	138	T	medium	高留白线稿	图示（原PDF第138页）	tex/books/物理（第一册）.tex:4912	143	70	360	0.937	0.063	pending
books/assets/physics-1/fig-p0138-02.png	物理（第一册）	physics-1	138	T	medium	高留白线稿	图示（原PDF第138页）	tex/books/物理（第一册）.tex:4918	186	69	396	0.950	0.050	pending
books/assets/physics-1/fig-p0138-03.png	物理（第一册）	physics-1	138	T	medium	高留白线稿	(a) 每1秒速度增加1个``a''	tex/books/物理（第一册）.tex:4924	181	68	470	0.929	0.071	pending
books/assets/physics-1/fig-p0138-04.png	物理（第一册）	physics-1	138	T	medium	高留白线稿	图示（原PDF第138页）	tex/books/物理（第一册）.tex:4932	165	77	267	0.966	0.034	pending
books/assets/physics-1/fig-p0138-05.png	物理（第一册）	physics-1	138	T	medium	高留白线稿	图示（原PDF第138页）	tex/books/物理（第一册）.tex:4938	156	74	478	0.924	0.076	pending
books/assets/physics-1/fig-p0138-06.png	物理（第一册）	physics-1	138	T	low	初分待对照 raw 改轨	(b) 每1秒速度减少1个``a''	tex/books/物理（第一册）.tex:4944	225	88	792	0.908	0.092	pending
books/assets/physics-1/fig-p0142-01.png	物理（第一册）	physics-1	142	T	high	对照 raw 第142页，已改 TikZ	图5·4 初速度为零的匀加速直线运动的速度图线	tex/books/物理（第一册）.tex:5080	234	236	1621	0.944	0.056	replaced
books/assets/physics-1/fig-p0142-02.png	物理（第一册）	physics-1	142	T	high	对照 raw 第142页，已改 TikZ	图5·5 初速度不等于零的匀加速直线运动的速度图线	tex/books/物理（第一册）.tex:5088	211	290	1777	0.944	0.056	replaced
books/assets/physics-1/fig-p0143-01.png	物理（第一册）	physics-1	143	T	high	对照 raw 第143页，已改 TikZ	图 5·6 利用速度图线求所通过的路程(初速度等于零)	tex/books/物理（第一册）.tex:5159	271	309	2753	0.924	0.076	replaced
books/assets/physics-1/fig-p0143-02.png	物理（第一册）	physics-1	143	T	high	对照 raw 第143页，已改 TikZ	图 5·7 利用速度图线求所通过的路程(初速度不等于零)	tex/books/物理（第一册）.tex:5167	297	294	3212	0.927	0.073	replaced
books/assets/physics-1/fig-p0145-01.png	物理（第一册）	physics-1	145	T	high	对照 raw 第145页，已改 TikZ	图5·8 匀减速直线运动的速度图线	tex/books/物理（第一册）.tex:5211	223	340	1498	0.971	0.029	replaced
books/assets/physics-1/fig-p0145-02.png	物理（第一册）	physics-1	145	T	high	对照 raw 第145页，已改 TikZ	图5·9 升降机运动的速度图线	tex/books/物理（第一册）.tex:5219	339	341	2527	0.952	0.048	replaced
books/assets/physics-1/fig-p0147-01.png	物理（第一册）	physics-1	147	T	high	对照 raw 第147页，已改 TikZ	图 5·10 甲、乙的速度图线	tex/books/物理（第一册）.tex:5313	376	261	4065	0.914	0.086	replaced
books/assets/physics-1/fig-p0148-01.png	物理（第一册）	physics-1	148	T	high	对照 raw 第148页，已改 TikZ	(第1题)	tex/books/物理（第一册）.tex:5342	253	212	1274	0.956	0.044	replaced
books/assets/physics-1/fig-p0148-02.png	物理（第一册）	physics-1	148	T	high	对照 raw 第148页，已改 TikZ	(第2题)	tex/books/物理（第一册）.tex:5350	280	206	1327	0.954	0.046	replaced
books/assets/physics-1/fig-p0150-01.png	物理（第一册）	physics-1	150	T	low	初分待对照 raw 改轨	图 5·11 物体在真空中(a)和空气中(b)的下落	tex/books/物理（第一册）.tex:5390	225	426	3039	0.919	0.081	pending
books/assets/physics-1/fig-p0150-02.png	物理（第一册）	physics-1	150	T	medium	高留白线稿	图5·12 自由落体运动(时间间隔1/30秒)	tex/books/物理（第一册）.tex:5398	195	361	1709	0.943	0.057	pending
books/assets/physics-1/fig-p0153-01.png	物理（第一册）	physics-1	153	T	medium	高留白线稿	图5·13 竖直上抛运动	tex/books/物理（第一册）.tex:5515	157	359	1058	0.958	0.042	pending
books/assets/physics-1/fig-p0155-01.png	物理（第一册）	physics-1	155	T	medium	高留白线稿	图 5·14 竖直上抛运动中的速度、加速度和位移	tex/books/物理（第一册）.tex:5580	223	345	1258	0.961	0.039	pending
books/assets/physics-1/fig-p0157-01.png	物理（第一册）	physics-1	157	T	high	对照 raw 第157页，已改 TikZ	图 5-15 竖直上抛运动的 v-t 图	tex/books/物理（第一册）.tex:5666	442	334	2565	0.967	0.033	replaced
books/assets/physics-1/fig-p0163-01.png	物理（第一册）	physics-1	163	T	high	对照 raw 第163页，已改 TikZ	(第5题	tex/books/物理（第一册）.tex:5906	263	247	680	0.989	0.011	replaced
books/assets/physics-1/fig-p0163-02.png	物理（第一册）	physics-1	163	T	high	对照 raw 第163页，已改 TikZ	图示（原PDF第163页）	tex/books/物理（第一册）.tex:5922	257	118	496	0.971	0.029	replaced
books/assets/physics-1/fig-p0163-03.png	物理（第一册）	physics-1	163	T	high	对照 raw 第163页，已改 TikZ	(第6题)	tex/books/物理（第一册）.tex:5928	252	118	731	0.957	0.043	replaced
books/assets/physics-1/fig-p0164-01.png	物理（第一册）	physics-1	164	T	high	对照 raw 第164页，已改 TikZ	(第1题)	tex/books/物理（第一册）.tex:5946	339	302	1253	0.977	0.023	replaced
books/assets/physics-1/fig-p0167-01.png	物理（第一册）	physics-1	167	T	medium	高留白线稿	图 6·1 钢珠碰``碰''，改变了运动方向	tex/books/物理（第一册）.tex:6008	271	125	1162	0.926	0.074	pending
books/assets/physics-1/fig-p0170-01.png	物理（第一册）	physics-1	170	T	low	初分待对照 raw 改轨	(a) 压缩的弹簧在向右推手	tex/books/物理（第一册）.tex:6087	211	126	907	0.913	0.087	pending
books/assets/physics-1/fig-p0170-02.png	物理（第一册）	physics-1	170	T	low	初分待对照 raw 改轨	(b) 拉长的弹簧在向左拉手	tex/books/物理（第一册）.tex:6095	266	126	970	0.919	0.081	pending
books/assets/physics-1/fig-p0171-01.png	物理（第一册）	physics-1	171	T	low	初分待对照 raw 改轨	图 6·3 弯曲的竹片使物体运动	tex/books/物理（第一册）.tex:6108	316	199	2652	0.913	0.087	pending
books/assets/physics-1/fig-p0173-01.png	物理（第一册）	physics-1	173	T	low	初分待对照 raw 改轨	图6-4 打哈啰的表演	tex/books/物理（第一册）.tex:6150	311	202	2021	0.877	0.123	pending
books/assets/physics-1/fig-p0174-01.png	物理（第一册）	physics-1	174	P	medium	疑似网纹或照片	图6.5 摩擦的产生	tex/books/物理（第一册）.tex:6213	306	259	2854	0.864	0.136	pending
books/assets/physics-1/fig-p0176-01.png	物理（第一册）	physics-1	176	T	low	初分待对照 raw 改轨	图6·6 手从拖拉机张紧皮带用的张紧轮	tex/books/物理（第一册）.tex:6250	397	252	5658	0.857	0.143	pending
books/assets/physics-1/fig-p0177-01.png	物理（第一册）	physics-1	177	T	medium	高留白线稿	(a)	tex/books/物理（第一册）.tex:6264	205	171	1555	0.933	0.067	pending
books/assets/physics-1/fig-p0177-02.png	物理（第一册）	physics-1	177	T	medium	高留白线稿	b)	tex/books/物理（第一册）.tex:6272	187	177	1503	0.942	0.058	pending
books/assets/physics-1/fig-p0177-03.png	物理（第一册）	physics-1	177	T	low	初分待对照 raw 改轨	(a)	tex/books/物理（第一册）.tex:6282	429	184	3072	0.893	0.107	pending
books/assets/physics-1/fig-p0179-01.png	物理（第一册）	physics-1	179	T	medium	高留白线稿	(第1题)	tex/books/物理（第一册）.tex:6357	417	266	1971	0.956	0.044	pending
books/assets/physics-1/fig-p0181-01.png	物理（第一册）	physics-1	181	T	high	对照 raw 第181页，已改 TikZ	图6·9 同一直线上两个共点力的合成	tex/books/物理（第一册）.tex:6436	554	356	4013	0.955	0.045	replaced
books/assets/physics-1/fig-p0182-01.png	物理（第一册）	physics-1	182	T	high	对照 raw 第182页，已改 TikZ	图6-10 互成角度两个共质力的合成	tex/books/物理（第一册）.tex:6459	301	337	2282	0.961	0.039	replaced
books/assets/physics-1/fig-p0183-01.png	物理（第一册）	physics-1	183	T	high	对照 raw 第183页，已改 TikZ	图 6·11 两个共点力的大小不变，它们之间的夹角越大，合力越小	tex/books/物理（第一册）.tex:6475	598	126	1930	0.952	0.048	replaced
books/assets/physics-1/fig-p0183-02.png	物理（第一册）	physics-1	183	T	low	初分待对照 raw 改轨	图示（原PDF第183页）	tex/books/物理（第一册）.tex:6483	147	224	1375	0.891	0.109	pending
books/assets/physics-1/fig-p0183-03.png	物理（第一册）	physics-1	183	T	high	对照 raw 第183页，已改 TikZ	图6-12 求四个共点力的合力	tex/books/物理（第一册）.tex:6494	264	265	2239	0.958	0.042	replaced
books/assets/physics-1/fig-p0183-04.png	物理（第一册）	physics-1	183	T	high	对照 raw 第183页，已改 TikZ	图6·13 求两个共点力的合力	tex/books/物理（第一册）.tex:6502	270	264	1586	0.965	0.035	replaced
books/assets/physics-1/fig-p0184-01.png	物理（第一册）	physics-1	184	T	high	对照 raw 第184页，已改 TikZ	(第1题)	tex/books/物理（第一册）.tex:6537	405	220	1661	0.963	0.037	replaced
books/assets/physics-1/fig-p0184-02.png	物理（第一册）	physics-1	184	T	high	对照 raw 第184页，已改 TikZ	(第2题)	tex/books/物理（第一册）.tex:6553	466	299	2742	0.967	0.033	replaced
books/assets/physics-1/fig-p0185-01.png	物理（第一册）	physics-1	185	T	high	对照 raw 第185页，已改 TikZ	(第5题)	tex/books/物理（第一册）.tex:6576	263	327	1662	0.962	0.038	replaced
books/assets/physics-1/fig-p0186-01.png	物理（第一册）	physics-1	186	T	high	对照 raw 第186页，已改 TikZ	图6.14 一个力可以分成无数对的分力	tex/books/物理（第一册）.tex:6615	280	256	2141	0.950	0.050	replaced
books/assets/physics-1/fig-p0186-02.png	物理（第一册）	physics-1	186	T	high	对照 raw 第186页，已改 TikZ	图6-15 已知两个分力方向求分力大小	tex/books/物理（第一册）.tex:6623	277	218	1989	0.930	0.070	replaced
books/assets/physics-1/fig-p0187-01.png	物理（第一册）	physics-1	187	T	high	对照 raw 第187页，已改 TikZ	图 6·16 已知一个分力的大小和方向，求另一个分力的大小和方向	tex/books/物理（第一册）.tex:6665	358	163	1445	0.958	0.042	replaced
books/assets/physics-1/fig-p0188-01.png	物理（第一册）	physics-1	188	T	high	对照 raw 第188页，已改 TikZ	图6·17 拉电灯	tex/books/物理（第一册）.tex:6701	248	247	1671	0.946	0.054	replaced
books/assets/physics-1/fig-p0188-02.png	物理（第一册）	physics-1	188	T	high	对照 raw 第188页，已改 TikZ	图6·18 支架的受力	tex/books/物理（第一册）.tex:6709	266	247	2176	0.926	0.074	replaced
books/assets/physics-1/fig-p0190-01.png	物理（第一册）	physics-1	190	T	high	对照 raw 第190页，已改 TikZ	图 6·19 三角形支架上深受到拉力，下穿受到压力	tex/books/物理（第一册）.tex:6787	510	188	2810	0.941	0.059	replaced
books/assets/physics-1/fig-p0193-01.png	物理（第一册）	physics-1	193	T	high	对照 raw 第193页，已改 TikZ	(第3题)	tex/books/物理（第一册）.tex:6913	256	213	935	0.965	0.035	replaced
books/assets/physics-1/fig-p0194-01.png	物理（第一册）	physics-1	194	T	high	对照 raw 第194页，已改 TikZ	(4)	tex/books/物理（第一册）.tex:6934	192	140	771	0.946	0.054	replaced
books/assets/physics-1/fig-p0194-02.png	物理（第一册）	physics-1	194	T	high	对照 raw 第194页，已改 TikZ	(1)	tex/books/物理（第一册）.tex:6942	182	140	787	0.946	0.054	replaced
books/assets/physics-1/fig-p0196-01.png	物理（第一册）	physics-1	196	T	medium	高留白线稿	图 7·1 研究质量、加速度和作用力三者之间的关系	tex/books/物理（第一册）.tex:6981	441	206	2399	0.953	0.047	pending
books/assets/physics-1/fig-p0201-01.png	物理（第一册）	physics-1	201	T	high	对照 raw 第201页，已改 TikZ	图7.2 升降机的 F - t 图	tex/books/物理（第一册）.tex:7191	414	320	1806	0.965	0.035	replaced
books/assets/physics-1/fig-p0202-01.png	物理（第一册）	physics-1	202	T	high	对照 raw 第202页，已改 TikZ	(第9题)	tex/books/物理（第一册）.tex:7227	323	282	1629	0.967	0.033	replaced
books/assets/physics-1/fig-p0205-01.png	物理（第一册）	physics-1	205	T	medium	高留白线稿	图7-3 圆道1千克物体的重量	tex/books/物理（第一册）.tex:7318	291	272	2359	0.945	0.055	pending
books/assets/physics-1/fig-p0212-01.png	物理（第一册）	physics-1	212	T	high	对照 raw 第212页，已改 TikZ	图 7·4 物体滑下的加速度	tex/books/物理（第一册）.tex:7666	272	244	2063	0.934	0.066	replaced
books/assets/physics-1/fig-p0216-01.png	物理（第一册）	physics-1	216	T	medium	高留白线稿	(第9题)	tex/books/物理（第一册）.tex:7852	372	239	1556	0.972	0.028	pending
books/assets/physics-1/fig-p0217-01.png	物理（第一册）	physics-1	217	T	high	对照 raw 第217页，已改 TikZ	图8-1	tex/books/物理（第一册）.tex:7874	406	260	3032	0.921	0.079	replaced
books/assets/physics-1/fig-p0218-01.png	物理（第一册）	physics-1	218	T	high	对照 raw 第218页，已改 TikZ	图8-2	tex/books/物理（第一册）.tex:7884	284	171	1808	0.876	0.124	replaced
books/assets/physics-1/fig-p0218-02.png	物理（第一册）	physics-1	218	T	high	对照 raw 第218页，已改 TikZ	图8-3	tex/books/物理（第一册）.tex:7892	560	127	1759	0.921	0.079	replaced
books/assets/physics-1/fig-p0219-01.png	物理（第一册）	physics-1	219	T	high	对照 raw 第219页，已改 TikZ	图8-4	tex/books/物理（第一册）.tex:7909	466	98	1141	0.944	0.056	replaced
books/assets/physics-1/fig-p0220-01.png	物理（第一册）	physics-1	220	V	high	对照 raw 第220页，已改 TikZ	图8-5	tex/books/物理（第一册）.tex:7928	361	154	2690	0.839	0.161	replaced
books/assets/physics-1/fig-p0220-02.png	物理（第一册）	physics-1	220	T	high	对照 raw 第220页，已改 TikZ	图8·6	tex/books/物理（第一册）.tex:7945	201	311	1130	0.932	0.068	replaced
books/assets/physics-1/fig-p0221-01.png	物理（第一册）	physics-1	221	T	high	对照 raw 第221页，已改 TikZ	图8-7	tex/books/物理（第一册）.tex:7977	484	270	3466	0.923	0.077	replaced
books/assets/physics-1/fig-p0224-01.png	物理（第一册）	physics-1	224	T	high	对照 raw 第224页，已改 TikZ	图8-8	tex/books/物理（第一册）.tex:8029	380	193	3106	0.890	0.110	replaced
books/assets/physics-1/fig-p0225-01.png	物理（第一册）	physics-1	225	T	low	初分待对照 raw 改轨	图示（原PDF第225页）	tex/books/物理（第一册）.tex:8056	94	229	891	0.909	0.091	pending
books/assets/physics-1/fig-p0225-02.png	物理（第一册）	physics-1	225	T	high	对照 raw 第225页，已改 TikZ	图8-9	tex/books/物理（第一册）.tex:8062	138	229	1321	0.912	0.088	replaced
books/assets/physics-1/fig-p0226-01.png	物理（第一册）	physics-1	226	T	high	对照 raw 第226页，已改 TikZ	图8-10	tex/books/物理（第一册）.tex:8131	388	191	1552	0.944	0.056	replaced
books/assets/physics-1/fig-p0227-01.png	物理（第一册）	physics-1	227	T	low	初分待对照 raw 改轨	图示（原PDF第227页）	tex/books/物理（第一册）.tex:8152	118	120	637	0.908	0.092	pending
books/assets/physics-1/fig-p0227-02.png	物理（第一册）	physics-1	227	T	high	对照 raw 第227页，已改 TikZ	图8-11	tex/books/物理（第一册）.tex:8158	162	117	683	0.925	0.075	replaced
books/assets/physics-1/fig-p0229-01.png	物理（第一册）	physics-1	229	T	high	对照 raw 第229页，已改 TikZ	(a)	tex/books/物理（第一册）.tex:8247	219	262	1293	0.955	0.045	replaced
books/assets/physics-1/fig-p0229-02.png	物理（第一册）	physics-1	229	T	high	对照 raw 第229页，已改 TikZ	图8-12	tex/books/物理（第一册）.tex:8255	219	168	833	0.944	0.056	replaced
books/assets/physics-1/fig-p0230-01.png	物理（第一册）	physics-1	230	T	high	对照 raw 第230页，已改 TikZ	图 B·13	tex/books/物理（第一册）.tex:8300	291	91	677	0.945	0.055	replaced
books/assets/physics-1/fig-p0230-02.png	物理（第一册）	physics-1	230	T	high	对照 raw 第230页，已改 TikZ	图 8.14	tex/books/物理（第一册）.tex:8330	152	234	1008	0.929	0.071	replaced
books/assets/physics-1/fig-p0230-03.png	物理（第一册）	physics-1	230	T	high	对照 raw 第230页，已改 TikZ	图 8.15	tex/books/物理（第一册）.tex:8338	194	148	579	0.955	0.045	replaced
books/assets/physics-1/fig-p0232-01.png	物理（第一册）	physics-1	232	T	high	对照 raw 第232页，已改 TikZ	图8-16	tex/books/物理（第一册）.tex:8401	356	214	1559	0.928	0.072	replaced
books/assets/physics-1/fig-p0235-01.png	物理（第一册）	physics-1	235	T	high	对照 raw 第235页，已改 TikZ	(第6题)	tex/books/物理（第一册）.tex:8521	230	122	969	0.929	0.071	replaced
books/assets/physics-1/fig-p0235-02.png	物理（第一册）	physics-1	235	T	high	对照 raw 第235页，已改 TikZ	(第7题)	tex/books/物理（第一册）.tex:8529	226	123	681	0.940	0.060	replaced
books/assets/physics-1/fig-p0235-03.png	物理（第一册）	physics-1	235	T	high	对照 raw 第235页，已改 TikZ	(第8题)	tex/books/物理（第一册）.tex:8548	200	129	628	0.950	0.050	replaced
books/assets/physics-1/fig-p0235-04.png	物理（第一册）	physics-1	235	T	high	对照 raw 第235页，已改 TikZ	(第11题)	tex/books/物理（第一册）.tex:8581	166	305	1193	0.930	0.070	replaced
books/assets/physics-1/fig-p0235-05.png	物理（第一册）	physics-1	235	T	high	对照 raw 第235页，已改 TikZ	(第12题)	tex/books/物理（第一册）.tex:8592	391	72	995	0.903	0.097	replaced
books/assets/physics-1/fig-p0239-01.png	物理（第一册）	physics-1	239	T	high	对照 raw 第239页，已改 TikZ	(第4题)	tex/books/物理（第一册）.tex:8699	255	100	654	0.946	0.054	replaced
books/assets/physics-1/fig-p0240-01.png	物理（第一册）	physics-1	240	T	high	对照 raw 第240页，已改 TikZ	(第5题)	tex/books/物理（第一册）.tex:8734	281	165	1541	0.937	0.063	replaced
books/assets/physics-1/fig-p0240-02.png	物理（第一册）	physics-1	240	T	high	对照 raw 第240页，已改 TikZ	(第6题)	tex/books/物理（第一册）.tex:8742	230	326	1532	0.948	0.052	replaced
books/assets/physics-1/fig-p0240-03.png	物理（第一册）	physics-1	240	T	high	对照 raw 第240页，已改 TikZ	(第8题)	tex/books/物理（第一册）.tex:8762	324	105	1338	0.904	0.096	replaced
books/assets/physics-1/fig-p0241-01.png	物理（第一册）	physics-1	241	T	high	对照 raw 第241页，已改 TikZ	(第5题)	tex/books/物理（第一册）.tex:8812	151	111	537	0.951	0.049	replaced
books/assets/physics-1/fig-p0241-02.png	物理（第一册）	physics-1	241	T	high	对照 raw 第241页，已改 TikZ	:第6题)	tex/books/物理（第一册）.tex:8820	183	307	1989	0.910	0.090	replaced
books/assets/physics-1/fig-p0242-01.png	物理（第一册）	physics-1	242	T	high	对照 raw 第242页，已改 TikZ	(第8题)	tex/books/物理（第一册）.tex:8849	126	271	894	0.932	0.068	replaced
books/assets/physics-1/fig-p0244-01.png	物理（第一册）	physics-1	244	T	high	对照 raw 第244页，已改 TikZ	图9-1	tex/books/物理（第一册）.tex:8875	467	279	3046	0.961	0.039	replaced
books/assets/physics-1/fig-p0245-01.png	物理（第一册）	physics-1	245	T	high	对照 raw 第245页，已改 TikZ	图9.2	tex/books/物理（第一册）.tex:8903	372	247	2566	0.956	0.044	replaced
books/assets/physics-1/fig-p0246-01.png	物理（第一册）	physics-1	246	T	high	对照 raw 第246页，已改 TikZ	图9-3	tex/books/物理（第一册）.tex:8936	522	299	5497	0.920	0.080	replaced
books/assets/physics-1/fig-p0247-01.png	物理（第一册）	physics-1	247	T	high	对照 raw 第247页，已改 TikZ	图9-4	tex/books/物理（第一册）.tex:8951	378	195	1108	0.972	0.028	replaced
books/assets/physics-1/fig-p0248-01.png	物理（第一册）	physics-1	248	T	medium	高留白线稿	图示（原PDF第248页）	tex/books/物理（第一册）.tex:8979	257	133	902	0.973	0.027	pending
books/assets/physics-1/fig-p0248-02.png	物理（第一册）	physics-1	248	T	medium	高留白线稿	(b)	tex/books/物理（第一册）.tex:8985	144	98	567	0.959	0.041	pending
books/assets/physics-1/fig-p0248-03.png	物理（第一册）	physics-1	248	T	medium	高留白线稿	(c)	tex/books/物理（第一册）.tex:8993	151	92	565	0.958	0.042	pending
books/assets/physics-1/fig-p0248-04.png	物理（第一册）	physics-1	248	T	medium	高留白线稿	图示（原PDF第248页）	tex/books/物理（第一册）.tex:9019	199	212	972	0.968	0.032	pending
books/assets/physics-1/fig-p0248-05.png	物理（第一册）	physics-1	248	T	high	对照 raw 第248页，已改 TikZ	图9-6	tex/books/物理（第一册）.tex:9025	210	173	929	0.961	0.039	replaced
books/assets/physics-1/fig-p0248-06.png	物理（第一册）	physics-1	248	T	medium	高留白线稿	图示（原PDF第248页）	tex/books/物理（第一册）.tex:9033	87	106	426	0.947	0.053	pending
books/assets/physics-1/fig-p0248-07.png	物理（第一册）	physics-1	248	T	medium	高留白线稿	图示（原PDF第248页）	tex/books/物理（第一册）.tex:9039	74	111	415	0.943	0.057	pending
books/assets/physics-1/fig-p0248-08.png	物理（第一册）	physics-1	248	T	medium	高留白线稿	图示（原PDF第248页）	tex/books/物理（第一册）.tex:9045	81	127	426	0.937	0.063	pending
books/assets/physics-1/fig-p0248-09.png	物理（第一册）	physics-1	248	T	medium	高留白线稿	图9-7	tex/books/物理（第一册）.tex:9051	115	150	786	0.935	0.065	pending
books/assets/physics-1/fig-p0249-01.png	物理（第一册）	physics-1	249	T	high	对照 raw 第249页，已改 TikZ	图9-9	tex/books/物理（第一册）.tex:9069	369	284	3351	0.908	0.092	replaced
books/assets/physics-1/fig-p0250-01.png	物理（第一册）	physics-1	250	T	medium	高留白线稿	图示（原PDF第250页）	tex/books/物理（第一册）.tex:9086	153	198	851	0.961	0.039	pending
books/assets/physics-1/fig-p0250-02.png	物理（第一册）	physics-1	250	T	high	对照 raw 第250页，已改 TikZ	图9-10	tex/books/物理（第一册）.tex:9092	143	283	1084	0.961	0.039	replaced
books/assets/physics-1/fig-p0250-03.png	物理（第一册）	physics-1	250	T	high	对照 raw 第250页，已改 TikZ	图9-11	tex/books/物理（第一册）.tex:9119	416	224	3262	0.899	0.101	replaced
books/assets/physics-1/fig-p0251-01.png	物理（第一册）	physics-1	251	T	medium	高留白线稿	图示（原PDF第251页）	tex/books/物理（第一册）.tex:9143	103	283	918	0.949	0.051	pending
books/assets/physics-1/fig-p0251-02.png	物理（第一册）	physics-1	251	T	high	对照 raw 第251页，已改 TikZ	图9-12	tex/books/物理（第一册）.tex:9149	98	160	634	0.936	0.064	replaced
books/assets/physics-1/fig-p0252-01.png	物理（第一册）	physics-1	252	T	high	对照 raw 第252页，已改 TikZ	(a)	tex/books/物理（第一册）.tex:9181	280	219	1969	0.951	0.049	replaced
books/assets/physics-1/fig-p0252-02.png	物理（第一册）	physics-1	252	T	high	对照 raw 第252页，已改 TikZ	(b)	tex/books/物理（第一册）.tex:9189	95	172	746	0.916	0.084	replaced
books/assets/physics-1/fig-p0253-01.png	物理（第一册）	physics-1	253	T	high	对照 raw 第253页，已改 TikZ	图9-14	tex/books/物理（第一册）.tex:9261	299	327	1451	0.968	0.032	replaced
books/assets/physics-1/fig-p0254-01.png	物理（第一册）	physics-1	254	T	high	对照 raw 第254页，已改 TikZ	(a)	tex/books/物理（第一册）.tex:9307	183	281	1516	0.947	0.053	replaced
books/assets/physics-1/fig-p0254-02.png	物理（第一册）	physics-1	254	T	high	对照 raw 第254页，已改 TikZ	(b)	tex/books/物理（第一册）.tex:9315	231	268	888	0.970	0.030	replaced
books/assets/physics-1/fig-p0255-01.png	物理（第一册）	physics-1	255	T	high	对照 raw 第255页，已改 TikZ	图9-16	tex/books/物理（第一册）.tex:9355	449	340	2356	0.971	0.029	replaced
books/assets/physics-1/fig-p0256-01.png	物理（第一册）	physics-1	256	T	high	对照 raw 第256页，已改 TikZ	(第2题)	tex/books/物理（第一册）.tex:9410	70	228	715	0.917	0.083	replaced
books/assets/physics-1/fig-p0256-02.png	物理（第一册）	physics-1	256	T	high	对照 raw 第256页，已改 TikZ	(第3题)	tex/books/物理（第一册）.tex:9418	337	301	2838	0.914	0.086	replaced
books/assets/physics-1/fig-p0257-01.png	物理（第一册）	physics-1	257	T	high	对照 raw 第257页，已改 TikZ	(第4题)	tex/books/物理（第一册）.tex:9443	215	351	2176	0.941	0.059	replaced
books/assets/physics-1/fig-p0257-02.png	物理（第一册）	physics-1	257	T	high	对照 raw 第257页，已改 TikZ	(第5题)	tex/books/物理（第一册）.tex:9451	131	233	1098	0.946	0.054	replaced
books/assets/physics-1/fig-p0257-03.png	物理（第一册）	physics-1	257	T	high	对照 raw 第257页，已改 TikZ	(第6题)	tex/books/物理（第一册）.tex:9470	277	211	1289	0.945	0.055	replaced
books/assets/physics-1/fig-p0257-04.png	物理（第一册）	physics-1	257	T	high	对照 raw 第257页，已改 TikZ	(第7题)	tex/books/物理（第一册）.tex:9478	201	276	1145	0.957	0.043	replaced
books/assets/physics-1/fig-p0259-01.png	物理（第一册）	physics-1	259	T	low	初分待对照 raw 改轨	(a)	tex/books/物理（第一册）.tex:9512	173	228	1957	0.884	0.116	pending
books/assets/physics-1/fig-p0259-02.png	物理（第一册）	physics-1	259	T	medium	高留白线稿	(b)	tex/books/物理（第一册）.tex:9520	284	214	2242	0.926	0.074	pending
books/assets/physics-1/fig-p0259-03.png	物理（第一册）	physics-1	259	T	medium	高留白线稿	(c)	tex/books/物理（第一册）.tex:9528	188	191	780	0.949	0.051	pending
books/assets/physics-1/fig-p0259-04.png	物理（第一册）	physics-1	259	T	medium	高留白线稿	(d)	tex/books/物理（第一册）.tex:9536	182	192	693	0.955	0.045	pending
books/assets/physics-1/fig-p0259-05.png	物理（第一册）	physics-1	259	T	low	初分待对照 raw 改轨	(a)	tex/books/物理（第一册）.tex:9546	187	215	2145	0.875	0.125	pending
books/assets/physics-1/fig-p0259-06.png	物理（第一册）	physics-1	259	T	medium	高留白线稿	(b)	tex/books/物理（第一册）.tex:9554	250	181	1249	0.933	0.067	pending
books/assets/physics-1/fig-p0260-01.png	物理（第一册）	physics-1	260	T	high	对照 raw 第260页，已改 TikZ	图9·19	tex/books/物理（第一册）.tex:9574	486	651	7486	0.954	0.046	replaced
books/assets/physics-1/fig-p0261-01.png	物理（第一册）	physics-1	261	T	high	对照 raw 第261页，已改 TikZ	图9-20	tex/books/物理（第一册）.tex:9587	295	317	1602	0.975	0.025	replaced
books/assets/physics-1/fig-p0261-02.png	物理（第一册）	physics-1	261	T	high	对照 raw 第261页，已改 TikZ	图9-21	tex/books/物理（第一册）.tex:9595	242	319	1689	0.951	0.049	replaced
books/assets/physics-1/fig-p0262-01.png	物理（第一册）	physics-1	262	T	high	对照 raw 第262页，已改 TikZ	图9-22	tex/books/物理（第一册）.tex:9633	179	264	1515	0.946	0.054	replaced
books/assets/physics-1/fig-p0263-01.png	物理（第一册）	physics-1	263	T	high	对照 raw 第263页，已改 TikZ	图9-23	tex/books/物理（第一册）.tex:9668	211	191	935	0.936	0.064	replaced
books/assets/physics-1/fig-p0263-02.png	物理（第一册）	physics-1	263	T	high	对照 raw 第263页，已改 TikZ	图9-24	tex/books/物理（第一册）.tex:9676	274	232	1393	0.965	0.035	replaced
books/assets/physics-1/fig-p0264-01.png	物理（第一册）	physics-1	264	T	high	对照 raw 第264页，已改 TikZ	图 9·25	tex/books/物理（第一册）.tex:9719	259	193	1215	0.956	0.044	replaced
books/assets/physics-1/fig-p0265-01.png	物理（第一册）	physics-1	265	T	high	对照 raw 第265页，已改 TikZ	图9-26	tex/books/物理（第一册）.tex:9747	290	134	1037	0.933	0.067	replaced
books/assets/physics-1/fig-p0266-01.png	物理（第一册）	physics-1	266	T	high	对照 raw 第266页，已改 TikZ	图9-27	tex/books/物理（第一册）.tex:9781	471	175	1272	0.962	0.038	replaced
books/assets/physics-1/fig-p0267-01.png	物理（第一册）	physics-1	267	T	high	对照 raw 第267页，已改 TikZ	图9-28	tex/books/物理（第一册）.tex:9824	232	389	1179	0.964	0.036	replaced
books/assets/physics-1/fig-p0268-01.png	物理（第一册）	physics-1	268	T	high	对照 raw 第268页，已改 TikZ	图9-29	tex/books/物理（第一册）.tex:9892	302	233	2837	0.911	0.089	replaced
books/assets/physics-1/fig-p0268-02.png	物理（第一册）	physics-1	268	T	high	对照 raw 第268页，已改 TikZ	(第4题)	tex/books/物理（第一册）.tex:9956	242	241	1027	0.959	0.041	replaced
books/assets/physics-1/fig-p0269-01.png	物理（第一册）	physics-1	269	T	high	对照 raw 第269页，已改 TikZ	(第5题)	tex/books/物理（第一册）.tex:9964	211	204	1038	0.959	0.041	replaced
books/assets/physics-1/fig-p0269-02.png	物理（第一册）	physics-1	269	T	high	对照 raw 第269页，已改 TikZ	(第6题)	tex/books/物理（第一册）.tex:9972	244	264	866	0.976	0.024	replaced
books/assets/physics-1/fig-p0270-01.png	物理（第一册）	physics-1	270	T	high	对照 raw 第270页，已改 TikZ	图9-30	tex/books/物理（第一册）.tex:10002	326	333	1739	0.958	0.042	replaced
books/assets/physics-1/fig-p0272-01.png	物理（第一册）	physics-1	272	T	medium	高留白线稿	图示（原PDF第272页）	tex/books/物理（第一册）.tex:10063	259	213	1413	0.947	0.053	pending
books/assets/physics-1/fig-p0272-02.png	物理（第一册）	physics-1	272	T	high	对照 raw 第272页，已改 TikZ	图9-31	tex/books/物理（第一册）.tex:10069	252	207	838	0.969	0.031	replaced
books/assets/physics-1/fig-p0274-01.png	物理（第一册）	physics-1	274	T	medium	高留白线稿	图示（原PDF第274页）	tex/books/物理（第一册）.tex:10135	412	431	3957	0.950	0.050	pending
books/assets/physics-1/fig-p0274-02.png	物理（第一册）	physics-1	274	T	medium	高留白线稿	图示（原PDF第274页）	tex/books/物理（第一册）.tex:10141	382	110	545	0.974	0.026	pending
books/assets/physics-1/fig-p0274-03.png	物理（第一册）	physics-1	274	T	high	对照 raw 第274页，已改 TikZ	图 9·32	tex/books/物理（第一册）.tex:10147	378	111	578	0.972	0.028	replaced
books/assets/physics-1/fig-p0275-01.png	物理（第一册）	physics-1	275	T	high	对照 raw 第275页，已改 TikZ	图9-33	tex/books/物理（第一册）.tex:10219	352	159	840	0.970	0.030	replaced
books/assets/physics-1/fig-p0277-01.png	物理（第一册）	physics-1	277	T	high	对照 raw 第277页，已改 TikZ	图9-34	tex/books/物理（第一册）.tex:10280	215	254	1346	0.941	0.059	replaced
books/assets/physics-1/fig-p0278-01.png	物理（第一册）	physics-1	278	T	high	对照 raw 第278页，已改 TikZ	图9-35	tex/books/物理（第一册）.tex:10343	239	300	2778	0.927	0.073	replaced
books/assets/physics-1/fig-p0279-01.png	物理（第一册）	physics-1	279	T	high	对照 raw 第279页，已改 TikZ	(第3题)	tex/books/物理（第一册）.tex:10397	337	155	1201	0.928	0.072	replaced
books/assets/physics-1/fig-p0279-02.png	物理（第一册）	physics-1	279	T	high	对照 raw 第279页，已改 TikZ	(第4题)	tex/books/物理（第一册）.tex:10428	297	325	1739	0.955	0.045	replaced
books/assets/physics-1/fig-p0280-01.png	物理（第一册）	physics-1	280	T	high	对照 raw 第280页，已改 TikZ	(第5题)	tex/books/物理（第一册）.tex:10436	340	222	1827	0.946	0.054	replaced
books/assets/physics-1/fig-p0280-02.png	物理（第一册）	physics-1	280	T	high	对照 raw 第280页，已改 TikZ	(第6题)	tex/books/物理（第一册）.tex:10455	470	363	3992	0.935	0.065	replaced
books/assets/physics-1/fig-p0281-01.png	物理（第一册）	physics-1	281	T	high	对照 raw 第281页，已改 TikZ	图9-36	tex/books/物理（第一册）.tex:10482	302	305	822	0.980	0.020	replaced
books/assets/physics-1/fig-p0281-02.png	物理（第一册）	physics-1	281	T	high	对照 raw 第281页，已改 TikZ	图9-37	tex/books/物理（第一册）.tex:10508	291	239	783	0.976	0.024	replaced
books/assets/physics-1/fig-p0283-01.png	物理（第一册）	physics-1	283	T	high	对照 raw 第283页，已改 TikZ	图9-38	tex/books/物理（第一册）.tex:10563	260	255	1196	0.970	0.030	replaced
books/assets/physics-1/fig-p0283-02.png	物理（第一册）	physics-1	283	T	high	对照 raw 第283页，已改 TikZ	图 9-39	tex/books/物理（第一册）.tex:10583	285	203	901	0.951	0.049	replaced
books/assets/physics-1/fig-p0284-01.png	物理（第一册）	physics-1	284	T	high	对照 raw 第284页，已改 TikZ	图9-40	tex/books/物理（第一册）.tex:10615	280	258	974	0.964	0.036	replaced
books/assets/physics-1/fig-p0285-01.png	物理（第一册）	physics-1	285	T	high	对照 raw 第285页，已改 TikZ	(第3题)	tex/books/物理（第一册）.tex:10697	282	205	912	0.954	0.046	replaced
books/assets/physics-1/fig-p0286-01.png	物理（第一册）	physics-1	286	T	high	对照 raw 第286页，已改 TikZ	(a)	tex/books/物理（第一册）.tex:10731	266	150	662	0.947	0.053	replaced
books/assets/physics-1/fig-p0286-02.png	物理（第一册）	physics-1	286	T	high	对照 raw 第286页，已改 TikZ	(b)	tex/books/物理（第一册）.tex:10739	149	208	1828	0.864	0.136	replaced
books/assets/physics-1/fig-p0287-01.png	物理（第一册）	physics-1	287	T	high	对照 raw 第287页，已改 TikZ	图9·42	tex/books/物理（第一册）.tex:10768	541	550	5424	0.959	0.041	replaced
books/assets/physics-1/fig-p0288-01.png	物理（第一册）	physics-1	288	T	high	对照 raw 第288页，已改 TikZ	图9-43	tex/books/物理（第一册）.tex:10792	390	182	2345	0.883	0.117	replaced
books/assets/physics-1/fig-p0289-01.png	物理（第一册）	physics-1	289	T	high	对照 raw 第289页，已改 TikZ	图 9.44	tex/books/物理（第一册）.tex:10843	404	340	2028	0.949	0.051	replaced
books/assets/physics-1/fig-p0290-02.png	物理（第一册）	physics-1	290	T	high	对照 raw 第290页，已改 TikZ	(第4题)	tex/books/物理（第一册）.tex:10904	188	200	411	0.963	0.037	replaced
books/assets/physics-1/fig-p0291-01.png	物理（第一册）	physics-1	291	T	high	对照 raw 第291页，已改 TikZ	(第6题)	tex/books/物理（第一册）.tex:10927	362	192	800	0.970	0.030	replaced
books/assets/physics-1/fig-p0292-01.png	物理（第一册）	physics-1	292	T	high	对照 raw 第292页，已改 TikZ	(a)	tex/books/物理（第一册）.tex:10957	136	194	811	0.966	0.034	replaced
books/assets/physics-1/fig-p0292-02.png	物理（第一册）	physics-1	292	T	high	对照 raw 第292页，已改 TikZ	(1)	tex/books/物理（第一册）.tex:10965	133	171	859	0.957	0.043	replaced
books/assets/physics-1/fig-p0292-03.png	物理（第一册）	physics-1	292	T	high	对照 raw 第292页，已改 TikZ	(c)	tex/books/物理（第一册）.tex:10973	234	152	1035	0.959	0.041	replaced
books/assets/physics-1/fig-p0293-01.png	物理（第一册）	physics-1	293	V	high	对照 raw 第293页，已改 TikZ	(a)	tex/books/物理（第一册）.tex:10997	77	174	976	0.839	0.161	replaced
books/assets/physics-1/fig-p0293-02.png	物理（第一册）	physics-1	293	V	high	对照 raw 第293页，已改 TikZ	(b)	tex/books/物理（第一册）.tex:11005	167	73	879	0.838	0.162	replaced
books/assets/physics-1/fig-p0293-03.png	物理（第一册）	physics-1	293	T	high	对照 raw 第293页，已改 TikZ	图9-47	tex/books/物理（第一册）.tex:11017	364	239	2440	0.897	0.103	replaced
books/assets/physics-1/fig-p0294-01.png	物理（第一册）	physics-1	294	T	high	对照 raw 第294页，已改 TikZ	图9-48	tex/books/物理（第一册）.tex:11031	393	240	2495	0.923	0.077	replaced
books/assets/physics-1/fig-p0294-02.png	物理（第一册）	physics-1	294	T	high	对照 raw 第294页，已改 TikZ	图9-49	tex/books/物理（第一册）.tex:11039	371	228	2037	0.936	0.064	replaced
books/assets/physics-1/fig-p0295-01.png	物理（第一册）	physics-1	295	T	high	对照 raw 第295页，已改 TikZ	图9-50	tex/books/物理（第一册）.tex:11049	427	235	3217	0.945	0.055	replaced
books/assets/physics-1/fig-p0295-02.png	物理（第一册）	physics-1	295	T	high	对照 raw 第295页，已改 TikZ	(第5题)	tex/books/物理（第一册）.tex:11077	277	212	1258	0.945	0.055	replaced
books/assets/physics-1/fig-p0298-01.png	物理（第一册）	physics-1	298	T	high	对照 raw 第298页，已改 TikZ	(第3题)	tex/books/物理（第一册）.tex:11204	125	273	1360	0.943	0.057	replaced
books/assets/physics-1/fig-p0298-02.png	物理（第一册）	physics-1	298	T	high	对照 raw 第298页，已改 TikZ	(第5题)	tex/books/物理（第一册）.tex:11212	134	278	1134	0.938	0.062	replaced
books/assets/physics-1/fig-p0299-01.png	物理（第一册）	physics-1	299	T	high	对照 raw 第299页，已改 TikZ	(第8题)	tex/books/物理（第一册）.tex:11251	206	302	1117	0.962	0.038	replaced
books/assets/physics-1/fig-p0299-02.png	物理（第一册）	physics-1	299	T	high	对照 raw 第299页，已改 TikZ	(第10题)  水槽无盖，底角圆。水位横虚线。均匀木条斜置，下端圆头浸水中，上端小圈在槽右沿标O。图内不写第10题。	tex/books/物理（第一册）.tex:11259	239	153	1140	0.908	0.092	replaced
books/assets/physics-1/fig-p0301-01.png	物理（第一册）	physics-1	301	T	high	对照 raw 第301页，已改 TikZ	图10-1  左定滑轮挂于横梁，绳左吊立方包裹，下箭G；人侧立举手拉斜绳，绳旁标F。右人立于梁上拉绳，旁标F；梁下动滑轮吊网格圆包，下箭G。人物为示意图。图内不写图号。	tex/books/物理（第一册）.tex:11292	352	392	5243	0.893	0.107	replaced
books/assets/physics-1/fig-p0302-01.png	物理（第一册）	physics-1	302	T	high	对照 raw 第302页，已改 TikZ	图10-2  动滑轮两位置。左I：顶斜影，绳沿轮左缘，轮右短箭向上标F，轴下矩形重物，下箭G。右II：轮与重物升高，右长箭向上标F。L1为重物升高，L2为F升高。图内不写图号。	tex/books/物理（第一册）.tex:11308	238	325	1696	0.953	0.047	replaced
books/assets/physics-1/fig-p0303-01.png	物理（第一册）	physics-1	303	T	high	对照 raw 第303页，已改 TikZ	图10-3  粗杠杆水平。左绳吊圆头砝码，右标G。支点三角下斜影，标O。尺上L1为左端至O，L2为O至右施力点。右施力点下箭标G（扫描如此，正文为F）。右端一只手。图内不写图号。	tex/books/物理（第一册）.tex:11382	444	145	1627	0.914	0.086	replaced
books/assets/physics-1/fig-p0304-01.png	物理（第一册）	physics-1	304	T	high	对照 raw 第304页，已改 TikZ	图10-4  细线为原水平位置。粗杆绕支点三角转过α，左臂上抬标L1，右臂下斜标L2。α在水平线与右臂之间。左h1为左端升高，右h2为右端下降。原位与新位左各下箭G，右各下箭F。图内不写图号。	tex/books/物理（第一册）.tex:11420	275	221	1461	0.934	0.066	replaced
books/assets/physics-1/fig-p0308-01.png	物理（第一册）	physics-1	308	T	high	对照 raw 第308页，已改 TikZ	图10-5  七图。(a)第一类杠杆 B—O—A，G下、F下。(b)第二类 O左、B中G下、A右F上。(c)第三类 O左、A中F上、B右G下。(d)定滑轮同(a)。(e)动滑轮同(b)。(f)轮轴，内r1外r2，B左G、A右F。(g)动滑轮类第三类，F上、左绳接地、O A B、右G。图内写(a)至(g)，不写图号。	tex/books/物理（第一册）.tex:11535	411	482	3504	0.962	0.038	replaced
books/assets/physics-1/fig-p0309-01.png	物理（第一册）	physics-1	309	T	high	对照 raw 第309页，已改 TikZ	图10-6  左理发剪，刃张开，双椭圆环。中铁皮剪，刃合拢尖顶有竖纹，大椭圆环，枢轴小圈。右手握羊角锤柄，锤爪抠木板中的钉。工具为示意图。图内不写图号。	tex/books/物理（第一册）.tex:11559	373	243	3472	0.904	0.096	replaced
books/assets/physics-1/fig-p0310-01.png	物理（第一册）	physics-1	310	T	high	对照 raw 第310页，已改 TikZ	图10-7  轮轴。顶斜影，竖轴穿内外圆。外圆左半径标r2，内圆右半径标r1。右缘A下箭F，虚线至A'；右标h2。左轴下虚线框B'，实线框B，左标h1，B下箭G。图内不写图号。	tex/books/物理（第一册）.tex:11585	187	386	1861	0.941	0.059	replaced
books/assets/physics-1/fig-p0310-02.png	物理（第一册）	physics-1	310	T	high	对照 raw 第310页，已改 TikZ	图10-8 顶梁定滑轮；左砖垛下箭G；右人后仰拉斜绳，旁下箭F。人物示意图。图内不写图号。	tex/books/物理（第一册）.tex:11593	189	349	2320	0.898	0.102	replaced
books/assets/physics-1/fig-p0310-03.png	物理（第一册）	physics-1	310	P	high	对照 raw 第310页，已改 TikZ	图10-9之一 井上辘轳：两柱尖顶屋顶，横轴绕绳吊桶，右大轮辐条外伸把手。图内不写图号。假caption已删。	tex/books/物理（第一册）.tex:11607	203	158	2383	0.721	0.279	replaced
books/assets/physics-1/fig-p0310-04.png	物理（第一册）	physics-1	310	P	high	对照 raw 第310页，已改 TikZ	图10-9之一 曲柄井辘轳：椭圆井圈，两柱屋顶，横轴绕绳下垂，右曲柄。假caption已删。	tex/books/物理（第一册）.tex:11613	177	194	2161	0.820	0.180	replaced
books/assets/physics-1/fig-p0310-05.png	物理（第一册）	physics-1	310	T	high	对照 raw 第310页，已改 TikZ	图10-9之一 立式绞盘多层圆鼓绕绳，顶横杠；右人俯身推杠。假caption已删。人物示意图。	tex/books/物理（第一册）.tex:11619	187	211	2114	0.860	0.140	replaced
books/assets/physics-1/fig-p0310-06.png	物理（第一册）	physics-1	310	V	high	对照 raw 第310页，已改 TikZ	图10-9之一 畜力磨：椭圆底盘，中竖鼓顶料斗，横杠连左驴（眼罩）。动物示意图。caption保留图10-9。	tex/books/物理（第一册）.tex:11625	206	188	2080	0.785	0.215	replaced
books/assets/physics-1/fig-p0311-01.png	物理（第一册）	physics-1	311	V	high	对照 raw 第311页，已改 TikZ	图10-10左二 左人撬石板G下F上；右人推独轮车G下F上。人物示意图。假caption已删。	tex/books/物理（第一册）.tex:11633	537	208	4159	0.828	0.172	replaced
books/assets/physics-1/fig-p0311-02.png	物理（第一册）	physics-1	311	T	high	对照 raw 第311页，已改 TikZ	图10-10之一 横杆压木块，台边标P上箭，右手按下箭F。图内不写图号。	tex/books/物理（第一册）.tex:11639	281	196	2543	0.853	0.147	replaced
books/assets/physics-1/fig-p0311-03.png	物理（第一册）	physics-1	311	T	high	对照 raw 第311页，已改 TikZ	图10-11 人立梁上拉绳上箭F；梁下动滑轮吊木桶下箭G；右绳固定梁底。人物示意图。	tex/books/物理（第一册）.tex:11656	142	392	2211	0.861	0.139	replaced
books/assets/physics-1/fig-p0312-01.png	物理（第一册）	physics-1	312	T	high	对照 raw 第312页，已改 TikZ	图10-12左二 左弯柄O/B/A；右脚踏O踵、B掌、A铰竖杆。假caption已删。	tex/books/物理（第一册）.tex:11664	290	167	1675	0.942	0.058	replaced
books/assets/physics-1/fig-p0312-02.png	物理（第一册）	physics-1	312	T	high	对照 raw 第312页，已改 TikZ	图10-12右 斜杆支竖柱O，A吊网笼，B水平绳人后仰拉。人物示意图。	tex/books/物理（第一册）.tex:11670	266	176	2295	0.897	0.103	replaced
books/assets/physics-1/fig-p0312-03.png	物理（第一册）	physics-1	312	T	high	对照 raw 第312页，已改 TikZ	图10-13 铁橇撬石：G、O、F，水平L1、竖直L2，地面斜影。	tex/books/物理（第一册）.tex:11686	230	349	2298	0.912	0.088	replaced
books/assets/physics-1/fig-p0313-01.png	物理（第一册）	physics-1	313	T	high	对照 raw 第313页，已改 TikZ	图10-14 铁橇顶轮：G、斜箭N、F、O、L1。	tex/books/物理（第一册）.tex:11715	238	219	1421	0.939	0.061	replaced
books/assets/physics-1/fig-p0313-02.png	物理（第一册）	physics-1	313	T	high	对照 raw 第313页，已改 TikZ	图10-15 水压机：左窄缸杠杆F/F'，连通管，右宽缸大活塞上重物G，底斜影座，左下贮液阀。caption保留图10-15。	tex/books/物理（第一册）.tex:11723	236	219	2440	0.878	0.122	replaced
books/assets/physics-1/fig-p0316-01.png	物理（第一册）	physics-1	316	V	low	初分待对照 raw 改轨	(a)	tex/books/物理（第一册）.tex:11873	135	125	877	0.845	0.155	pending
books/assets/physics-1/fig-p0316-02.png	物理（第一册）	physics-1	316	T	high	对照 raw 第316页，已改 TikZ	图10-16相关 折杆A—O—B—D，O右固定支座，A处垂直于OA的箭F。假caption已删。	tex/books/物理（第一册）.tex:11881	157	122	596	0.942	0.058	replaced
books/assets/physics-1/fig-p0316-03.png	物理（第一册）	physics-1	316	T	high	对照 raw 第316页，已改 TikZ	图10-16(b) L形杆O'DB，竖杆贴圆C于E，左箭N；图内写(b)。假caption已删。	tex/books/物理（第一册）.tex:11887	156	107	657	0.919	0.081	replaced
books/assets/physics-1/fig-p0316-04.png	物理（第一册）	physics-1	316	T	high	对照 raw 第316页，已改 TikZ	图10-16(c)局部 上杆OBA（B重G，A刀口）压下杆O'B'A'（B'处G'，A'竖杆）。假caption已删。	tex/books/物理（第一册）.tex:11893	261	112	713	0.945	0.055	replaced
books/assets/physics-1/fig-p0316-05.png	物理（第一册）	physics-1	316	T	high	对照 raw 第316页，已改 TikZ	图10-16(c)余 秤杆 B''—O''—A''：O''三角支座斜影；B''竖连杆下箭G''；A''近旁秤锤方块下箭F。假caption(c)已删。	tex/books/物理（第一册）.tex:11899	137	140	514	0.954	0.046	replaced
books/assets/physics-1/fig-p0317-01.png	物理（第一册）	physics-1	317	T	high	对照 raw 第317页，已改 TikZ	图10-17(a) 支点O左端，B下箭G，A上箭F1。图内写(a)。假caption(2)已删。	tex/books/物理（第一册）.tex:11909	147	164	510	0.963	0.037	replaced
books/assets/physics-1/fig-p0317-02.png	物理（第一册）	physics-1	317	T	high	对照 raw 第317页，已改 TikZ	图10-17(b) 支点O'左端，B'下箭G'，A'上箭F2。图内写(b)。假caption(b)已删。	tex/books/物理（第一册）.tex:11917	156	113	474	0.954	0.046	replaced
books/assets/physics-1/fig-p0317-03.png	物理（第一册）	physics-1	317	T	high	对照 raw 第317页，已改 TikZ	图10-17(c) 第一类：B''下箭G''，O''偏左，A''下箭F。图内写(c)。假caption(2)已删。	tex/books/物理（第一册）.tex:11925	145	80	420	0.946	0.054	replaced
books/assets/physics-1/fig-p0318-01.png	物理（第一册）	physics-1	318	T	high	对照 raw 第318页，已改 TikZ	图10·18 一根绳滑轮组。(a)三股F下拉；(b)四股F下拉。横梁木纹，下吊木桶G。图内写(a)(b)。	tex/books/物理（第一册）.tex:11973	250	378	3134	0.880	0.120	replaced
books/assets/physics-1/fig-p0318-02.png	物理（第一册）	physics-1	318	T	high	对照 raw 第318页，已改 TikZ	图10·19 多绳滑轮组。(a)三动滑轮串联F上拉G在最下；(b)倒置定滑轮3+动2/1，底杆吊G，F下拉。图内写(a)(b)。	tex/books/物理（第一册）.tex:11981	311	375	3061	0.918	0.082	replaced
books/assets/physics-1/fig-p0319-01.png	物理（第一册）	physics-1	319	T	high	对照 raw 第319页，已改 TikZ	图10·20 图10·19(a)杠杆等效：三第二类杠杆1/2/3，支点O1/O2/O3在左，阻力在中点，F上、G下。caption保留图10·20。	tex/books/物理（第一册）.tex:12016	238	275	1041	0.953	0.047	replaced
books/assets/physics-1/fig-p0320-01.png	物理（第一册）	physics-1	320	T	high	对照 raw 第320页，已改 TikZ	图10·21 图10·19(b)杠杆等效：三第一类杠杆（支点中点）；竖绳T2'/T2、T1'/T1、F'/F，底杆中G。caption保留图 10·21。	tex/books/物理（第一册）.tex:12072	230	302	1154	0.936	0.064	replaced
books/assets/physics-1/fig-p0320-02.png	物理（第一册）	physics-1	320	T	high	对照 raw 第320页，已改 TikZ	图10·22差动滑轮：顶斜影下同心轮A大B小；动滑轮下吊方块G；环形绳左松环下箭F，经B下绕动滑轮再上合于A。	tex/books/物理（第一册）.tex:12080	163	379	1806	0.941	0.059	replaced
books/assets/physics-1/fig-p0321-01.png	物理（第一册）	physics-1	321	T	high	对照 raw 第321页，已改 TikZ	图10·23手拉葫芦：顶框内左轮轴r4/r3、右轮轴r2/r1啮合点A；左下动滑轮吊G；右长链环下箭F。	tex/books/物理（第一册）.tex:12110	243	326	2464	0.916	0.084	replaced
books/assets/physics-1/fig-p0322-01.png	物理（第一册）	physics-1	322	T	high	对照 raw 第322页，已改 TikZ	图10·24滑轮组：顶木纹梁；定滑轮B；动滑轮A左、C右下吊砖垛G；绳梁锚→绕C→过B→系A；另绳自B底绕A下拉F。图内标A、B、C。	tex/books/物理（第一册）.tex:12156	178	345	2141	0.904	0.096	replaced
books/assets/physics-1/fig-p0322-02.png	物理（第一册）	physics-1	322	T	high	对照 raw 第322页，已改 TikZ	图10·25杠杆等效：杆B中支4F、两端2F；杆A中2F、两端F；杆C左2F（接B右）、右F接梁、中G。图内标A、B、C。	tex/books/物理（第一册）.tex:12164	232	329	1576	0.953	0.047	replaced
books/assets/physics-1/fig-p0322-03.png	物理（第一册）	physics-1	322	T	high	对照 raw 第322页，已改 TikZ	图10·26一定一动：定滑轮下钩系绳绕动滑轮再过定滑轮右下拉F；动滑轮下砖垛旁标G=75公斤。	tex/books/物理（第一册）.tex:12172	114	327	1422	0.893	0.107	replaced
books/assets/physics-1/fig-p0323-02.png	物理（第一册）	physics-1	323	T	high	对照 raw 第323页，已改 TikZ	第1题：双定滑轮框+动滑轮；人坐木吊桶内下拉自由端。假caption(第1题)已删。	tex/books/物理（第一册）.tex:12230	112	404	1866	0.858	0.142	replaced
books/assets/physics-1/fig-p0324-01.png	物理（第一册）	physics-1	324	T	high	对照 raw 第324页，已改 TikZ	图10·27(1)斜面：直角三角形斜面θ，斜边上小方块。假caption(1)已删，图内写(1)。	tex/books/物理（第一册）.tex:12253	151	147	647	0.964	0.036	replaced
books/assets/physics-1/fig-p0324-02.png	物理（第一册）	physics-1	324	T	high	对照 raw 第324页，已改 TikZ	图10·27(b)劈入木：竖圆柱木纹，顶椭圆裂开；倒三角劈插入；顶下箭F。假caption(1)已删，图内写(b)。	tex/books/物理（第一册）.tex:12261	96	168	896	0.917	0.083	replaced
books/assets/physics-1/fig-p0324-03.png	物理（第一册）	physics-1	324	T	high	对照 raw 第324页，已改 TikZ	图10·27(c)斜面卷成螺旋：左直角三角形θ、斜边小刻痕；右竖圆柱面螺纹（前实后虚）。假caption(2)已删，图内写(c)。	tex/books/物理（第一册）.tex:12269	227	142	889	0.948	0.052	replaced
books/assets/physics-1/fig-p0324-04.png	物理（第一册）	physics-1	324	V	low	初分待对照 raw 改轨	图 10-28	tex/books/物理（第一册）.tex:12279	358	268	3937	0.840	0.160	pending
books/assets/physics-1/fig-p0324-05.png	物理（第一册）	physics-1	324	T	high	对照 raw 第324页，已改 TikZ	图10·29：斜面θ，物块；沿斜面向上F、竖直向下G；标L、h。caption保留图 10·29。	tex/books/物理（第一册）.tex:12293	265	206	2410	0.899	0.101	replaced
books/assets/physics-1/fig-p0326-01.png	物理（第一册）	physics-1	326	T	high	对照 raw 第326页，已改 TikZ	图10·30左：刀、斧；右下利用劈举重：长斜影劈左尖，辊轮竖杆顶平台重物，旁上箭。caption改为利用劈来举起重物。	tex/books/物理（第一册）.tex:12365	217	146	1611	0.874	0.126	replaced
books/assets/physics-1/fig-p0326-02.png	物理（第一册）	physics-1	326	P	medium	疑似网纹或照片	利用劈式固定物体	tex/books/物理（第一册）.tex:12373	143	133	1220	0.807	0.193	pending
books/assets/physics-1/fig-p0326-03.png	物理（第一册）	physics-1	326	T	high	对照 raw 第326页，已改 TikZ	图10·30右劈式压榨机：底梁、两侧立柱、中点划线；中压物；顶横梁两侧斜劈内向箭；虚线示压下。caption改为劈式压榨机。	tex/books/物理（第一册）.tex:12381	198	150	1386	0.850	0.150	replaced
books/assets/physics-1/fig-p0326-04.png	物理（第一册）	physics-1	326	V	low	初分待对照 raw 改轨	图 10·31	tex/books/物理（第一册）.tex:12391	238	146	2150	0.718	0.282	pending
books/assets/physics-1/fig-p0326-05.png	物理（第一册）	physics-1	326	T	high	对照 raw 第326页，已改 TikZ	图10·32：左尖等腰劈，中点划线，半角θ；背右箭F；上下侧面法向N，分解水平N1、竖直N2。图内不写图号。	tex/books/物理（第一册）.tex:12399	320	289	1602	0.948	0.052	replaced
books/assets/physics-1/fig-p0327-01.png	物理（第一册）	physics-1	327	T	high	对照 raw 第327页，已改 TikZ	图10·33：左尖等腰劈，中点划线，半角θ；背右箭F；上下侧面外法向N；底标长h，背半厚各h'。图内不写图号。	tex/books/物理（第一册）.tex:12414	320	190	1188	0.947	0.053	replaced
books/assets/physics-1/fig-p0328-01.png	物理（第一册）	physics-1	328	T	high	对照 raw 第328页，已改 TikZ	图10·34举重螺旋：点划轴线；底座斜影剖面；螺杆螺纹；顶帽下箭G；右把手长L，端切向F；虚线椭圆示一周；螺距h。图内不写图号。	tex/books/物理（第一册）.tex:12462	277	366	3905	0.902	0.098	replaced
books/assets/physics-1/fig-p0328-02.png	物理（第一册）	physics-1	328	V	low	初分待对照 raw 改轨	图 10·35	tex/books/物理（第一册）.tex:12486	547	210	5228	0.810	0.190	pending
books/assets/physics-1/fig-p0329-01.png	物理（第一册）	physics-1	329	T	high	对照 raw 第329页，已改 TikZ	图10·36单面劈：直角三角形，尖在下θ，顶背下箭F；斜面法向N；右侧力三角形N斜边、竖分N1（=F）、角θ。图内不写图号。	tex/books/物理（第一册）.tex:12513	194	184	886	0.939	0.061	replaced
books/assets/physics-1/fig-p0330-01.png	物理（第一册）	physics-1	330	T	low	初分待对照 raw 改轨	(第7题)	tex/books/物理（第一册）.tex:12572	280	244	3132	0.853	0.147	pending
books/assets/physics-1/fig-p0333-01.png	物理（第一册）	physics-1	333	T	medium	高留白线稿	图示（原PDF第333页）	tex/books/物理（第一册）.tex:12744	237	279	1943	0.940	0.060	pending
books/assets/physics-1/fig-p0334-01.png	物理（第一册）	physics-1	334	V	low	初分待对照 raw 改轨	11-1	tex/books/物理（第一册）.tex:12760	227	358	3575	0.836	0.164	pending
books/assets/physics-1/fig-p0335-01.png	物理（第一册）	physics-1	335	V	low	初分待对照 raw 改轨	图11-2	tex/books/物理（第一册）.tex:12768	429	233	4570	0.830	0.170	pending
books/assets/physics-1/fig-p0336-01.png	物理（第一册）	physics-1	336	T	medium	高留白线稿	图 11·3	tex/books/物理（第一册）.tex:12791	362	128	1722	0.925	0.075	pending
books/assets/physics-1/fig-p0337-01.png	物理（第一册）	physics-1	337	T	low	初分待对照 raw 改轨	图11-4	tex/books/物理（第一册）.tex:12816	459	189	2949	0.870	0.130	pending
books/assets/physics-1/fig-p0337-02.png	物理（第一册）	physics-1	337	T	low	初分待对照 raw 改轨	图11.5	tex/books/物理（第一册）.tex:12837	269	123	1571	0.855	0.145	pending
books/assets/physics-1/fig-p0339-01.png	物理（第一册）	physics-1	339	T	medium	高留白线稿	图11-6	tex/books/物理（第一册）.tex:12879	289	201	1271	0.953	0.047	pending
books/assets/physics-1/fig-p0339-02.png	物理（第一册）	physics-1	339	T	medium	高留白线稿	图11-7	tex/books/物理（第一册）.tex:12910	394	179	1723	0.942	0.058	pending
books/assets/physics-1/fig-p0340-01.png	物理（第一册）	physics-1	340	T	medium	高留白线稿	图 11-8	tex/books/物理（第一册）.tex:12969	270	204	1342	0.952	0.048	pending
books/assets/physics-1/fig-p0343-01.png	物理（第一册）	physics-1	343	T	medium	高留白线稿	图11-9	tex/books/物理（第一册）.tex:13094	266	98	593	0.938	0.062	pending
books/assets/physics-1/fig-p0343-02.png	物理（第一册）	physics-1	343	T	medium	高留白线稿	图 11-10	tex/books/物理（第一册）.tex:13102	244	161	1758	0.925	0.075	pending
books/assets/physics-1/fig-p0343-03.png	物理（第一册）	physics-1	343	T	medium	高留白线稿	图 11-11	tex/books/物理（第一册）.tex:13128	274	166	1097	0.957	0.043	pending
books/assets/physics-1/fig-p0343-04.png	物理（第一册）	physics-1	343	T	medium	高留白线稿	图 11.12	tex/books/物理（第一册）.tex:13136	276	170	1139	0.953	0.047	pending
books/assets/physics-1/fig-p0344-01.png	物理（第一册）	physics-1	344	T	medium	高留白线稿	图 11-13	tex/books/物理（第一册）.tex:13156	230	183	1270	0.955	0.045	pending
books/assets/physics-1/fig-p0349-01.png	物理（第一册）	physics-1	349	T	medium	高留白线稿	图 11.14	tex/books/物理（第一册）.tex:13366	352	141	1518	0.933	0.067	pending
books/assets/physics-1/fig-p0350-01.png	物理（第一册）	physics-1	350	T	low	初分待对照 raw 改轨	图示（原PDF第350页）	tex/books/物理（第一册）.tex:13377	145	108	618	0.876	0.124	pending
books/assets/physics-1/fig-p0351-01.png	物理（第一册）	physics-1	351	T	medium	高留白线稿	图 11.15	tex/books/物理（第一册）.tex:13432	352	121	984	0.943	0.057	pending
books/assets/physics-1/fig-p0354-01.png	物理（第一册）	physics-1	354	T	medium	高留白线稿	图 11-16	tex/books/物理（第一册）.tex:13529	208	150	1092	0.927	0.073	pending
books/assets/physics-1/fig-p0358-01.png	物理（第一册）	physics-1	358	T	medium	高留白线稿	图11-18	tex/books/物理（第一册）.tex:13677	193	226	1000	0.950	0.050	pending
books/assets/physics-1/fig-p0360-01.png	物理（第一册）	physics-1	360	T	medium	高留白线稿	图11-19	tex/books/物理（第一册）.tex:13767	77	354	728	0.934	0.066	pending
books/assets/physics-1/fig-p0362-01.png	物理（第一册）	physics-1	362	T	medium	高留白线稿	图11-20	tex/books/物理（第一册）.tex:13830	164	211	765	0.952	0.048	pending
books/assets/physics-1/fig-p0362-02.png	物理（第一册）	physics-1	362	T	medium	高留白线稿	图11-21	tex/books/物理（第一册）.tex:13838	243	175	1147	0.950	0.050	pending
books/assets/physics-1/fig-p0363-01.png	物理（第一册）	physics-1	363	T	medium	高留白线稿	图11-22	tex/books/物理（第一册）.tex:13873	281	201	1426	0.955	0.045	pending
books/assets/physics-1/fig-p0363-02.png	物理（第一册）	physics-1	363	T	medium	高留白线稿	图11-23	tex/books/物理（第一册）.tex:13881	270	220	1579	0.949	0.051	pending
books/assets/physics-1/fig-p0365-01.png	物理（第一册）	physics-1	365	T	medium	高留白线稿	(第2题)	tex/books/物理（第一册）.tex:13965	168	166	732	0.950	0.050	pending
books/assets/physics-1/fig-p0366-01.png	物理（第一册）	physics-1	366	T	medium	高留白线稿	图 11-24	tex/books/物理（第一册）.tex:14023	159	400	1504	0.931	0.069	pending
books/assets/physics-1/fig-p0367-01.png	物理（第一册）	physics-1	367	T	low	初分待对照 raw 改轨	图 11-25	tex/books/物理（第一册）.tex:14053	376	323	3653	0.918	0.082	pending
books/assets/physics-1/fig-p0371-01.png	物理（第一册）	physics-1	371	T	medium	高留白线稿	图11-26	tex/books/物理（第一册）.tex:14153	271	162	1340	0.940	0.060	pending
books/assets/physics-1/fig-p0372-01.png	物理（第一册）	physics-1	372	T	medium	高留白线稿	(第4题)	tex/books/物理（第一册）.tex:14225	281	166	871	0.954	0.046	pending
books/assets/physics-1/fig-p0372-02.png	物理（第一册）	physics-1	372	T	medium	高留白线稿	(第6题)	tex/books/物理（第一册）.tex:14250	140	211	763	0.959	0.041	pending
books/assets/physics-1/fig-p0372-03.png	物理（第一册）	physics-1	372	T	medium	高留白线稿	(第7题)	tex/books/物理（第一册）.tex:14258	291	158	1349	0.948	0.052	pending
books/assets/physics-1/fig-p0374-01.png	物理（第一册）	physics-1	374	T	low	初分待对照 raw 改轨	图 11·27	tex/books/物理（第一册）.tex:14296	564	204	4906	0.861	0.139	pending
books/assets/physics-1/fig-p0389-01.png	物理（第一册）	physics-1	389	T	medium	高留白线稿	图12-1	tex/books/物理（第一册）.tex:14845	538	201	2469	0.942	0.058	pending
books/assets/physics-1/fig-p0391-01.png	物理（第一册）	physics-1	391	T	low	初分待对照 raw 改轨	(a)	tex/books/物理（第一册）.tex:14903	200	171	1336	0.915	0.085	pending
books/assets/physics-1/fig-p0391-02.png	物理（第一册）	physics-1	391	T	low	初分待对照 raw 改轨	(b)	tex/books/物理（第一册）.tex:14913	153	164	1088	0.893	0.107	pending
books/assets/physics-1/fig-p0392-01.png	物理（第一册）	physics-1	392	T	medium	高留白线稿	图示（原PDF第392页）	tex/books/物理（第一册）.tex:14946	118	228	829	0.943	0.057	pending
books/assets/physics-1/fig-p0392-02.png	物理（第一册）	physics-1	392	T	low	初分待对照 raw 改轨	图12-3	tex/books/物理（第一册）.tex:14952	112	114	528	0.919	0.081	pending
books/assets/physics-1/fig-p0393-01.png	物理（第一册）	physics-1	393	T	medium	高留白线稿	图12-4	tex/books/物理（第一册）.tex:15007	234	219	1275	0.938	0.062	pending
books/assets/physics-1/fig-p0394-01.png	物理（第一册）	physics-1	394	T	medium	高留白线稿	图12-5	tex/books/物理（第一册）.tex:15088	458	261	3002	0.925	0.075	pending
books/assets/physics-1/fig-p0395-01.png	物理（第一册）	physics-1	395	T	medium	高留白线稿	图 12.6	tex/books/物理（第一册）.tex:15143	158	124	614	0.926	0.074	pending
books/assets/physics-1/fig-p0396-01.png	物理（第一册）	physics-1	396	T	medium	高留白线稿	(2)	tex/books/物理（第一册）.tex:15176	128	141	547	0.958	0.042	pending
books/assets/physics-1/fig-p0396-02.png	物理（第一册）	physics-1	396	T	medium	高留白线稿	(b)	tex/books/物理（第一册）.tex:15184	121	147	574	0.950	0.050	pending
books/assets/physics-1/fig-p0396-03.png	物理（第一册）	physics-1	396	T	medium	高留白线稿	(c)	tex/books/物理（第一册）.tex:15192	108	130	585	0.927	0.073	pending
books/assets/physics-1/fig-p0396-04.png	物理（第一册）	physics-1	396	T	medium	高留白线稿	(d)	tex/books/物理（第一册）.tex:15200	146	150	695	0.941	0.059	pending
books/assets/physics-1/fig-p0396-05.png	物理（第一册）	physics-1	396	T	medium	高留白线稿	(0)	tex/books/物理（第一册）.tex:15208	82	156	366	0.952	0.048	pending
books/assets/physics-1/fig-p0398-01.png	物理（第一册）	physics-1	398	T	medium	高留白线稿	图 12·8	tex/books/物理（第一册）.tex:15278	189	247	1240	0.951	0.049	pending
books/assets/physics-1/fig-p0399-01.png	物理（第一册）	physics-1	399	T	low	初分待对照 raw 改轨	(a)	tex/books/物理（第一册）.tex:15350	255	86	566	0.904	0.096	pending
books/assets/physics-1/fig-p0399-02.png	物理（第一册）	physics-1	399	T	low	初分待对照 raw 改轨	(b)	tex/books/物理（第一册）.tex:15358	220	74	572	0.876	0.124	pending
books/assets/physics-1/fig-p0401-01.png	物理（第一册）	physics-1	401	T	low	初分待对照 raw 改轨	图示（原PDF第401页）	tex/books/物理（第一册）.tex:15407	318	120	1416	0.914	0.086	pending
books/assets/physics-1/fig-p0401-02.png	物理（第一册）	physics-1	401	T	low	初分待对照 raw 改轨	图示（原PDF第401页）	tex/books/物理（第一册）.tex:15413	217	115	989	0.907	0.093	pending
books/assets/physics-1/fig-p0401-03.png	物理（第一册）	physics-1	401	T	low	初分待对照 raw 改轨	图示（原PDF第401页）	tex/books/物理（第一册）.tex:15419	316	103	1537	0.864	0.136	pending
books/assets/physics-1/fig-p0401-04.png	物理（第一册）	physics-1	401	T	low	初分待对照 raw 改轨	图 12·10	tex/books/物理（第一册）.tex:15425	216	105	963	0.893	0.107	pending
books/assets/physics-1/fig-p0403-01.png	物理（第一册）	physics-1	403	T	medium	高留白线稿	图12.12	tex/books/物理（第一册）.tex:15493	348	180	1291	0.952	0.048	pending
books/assets/physics-1/fig-p0405-01.png	物理（第一册）	physics-1	405	T	medium	高留白线稿	图12-13	tex/books/物理（第一册）.tex:15573	354	165	1629	0.928	0.072	pending
books/assets/physics-1/fig-p0406-01.png	物理（第一册）	physics-1	406	T	medium	高留白线稿	图 12-14	tex/books/物理（第一册）.tex:15651	289	284	1827	0.965	0.035	pending
books/assets/physics-1/fig-p0408-01.png	物理（第一册）	physics-1	408	T	medium	高留白线稿	图 12·15	tex/books/物理（第一册）.tex:15723	449	185	1792	0.951	0.049	pending
books/assets/physics-1/fig-p0409-01.png	物理（第一册）	physics-1	409	P	medium	疑似网纹或照片	12.16	tex/books/物理（第一册）.tex:15731	594	427	25012	0.529	0.471	pending
books/assets/physics-1/fig-p0409-02.png	物理（第一册）	physics-1	409	V	low	初分待对照 raw 改轨	图示（原PDF第409页）	tex/books/物理（第一册）.tex:15739	387	490	8529	0.185	0.815	pending
books/assets/physics-1/fig-p0410-01.png	物理（第一册）	physics-1	410	T	low	初分待对照 raw 改轨	(2)	tex/books/物理（第一册）.tex:15753	281	300	2499	0.908	0.092	pending
books/assets/physics-1/fig-p0410-02.png	物理（第一册）	physics-1	410	T	low	初分待对照 raw 改轨	(b)	tex/books/物理（第一册）.tex:15761	249	168	1064	0.908	0.092	pending
books/assets/physics-1/fig-p0410-03.png	物理（第一册）	physics-1	410	T	low	初分待对照 raw 改轨	(c)	tex/books/物理（第一册）.tex:15769	165	151	832	0.917	0.083	pending
books/assets/physics-1/fig-p0411-01.png	物理（第一册）	physics-1	411	T	medium	高留白线稿	图12-18	tex/books/物理（第一册）.tex:15779	369	219	1703	0.958	0.042	pending
books/assets/physics-1/fig-p0413-01.png	物理（第一册）	physics-1	413	T	medium	高留白线稿	图示（原PDF第413页）	tex/books/物理（第一册）.tex:15876	241	146	1017	0.937	0.063	pending
books/assets/physics-1/fig-p0413-02.png	物理（第一册）	physics-1	413	T	low	初分待对照 raw 改轨	图 12·19	tex/books/物理（第一册）.tex:15882	236	129	1061	0.920	0.080	pending
books/assets/physics-1/fig-p0416-01.png	物理（第一册）	physics-1	416	T	medium	高留白线稿	图12-20	tex/books/物理（第一册）.tex:16010	370	256	1576	0.955	0.045	pending
books/assets/physics-1/fig-p0417-01.png	物理（第一册）	physics-1	417	T	medium	高留白线稿	图 12-21	tex/books/物理（第一册）.tex:16054	214	213	1227	0.940	0.060	pending
books/assets/physics-1/fig-p0420-01.png	物理（第一册）	physics-1	420	T	medium	高留白线稿	(第7题)	tex/books/物理（第一册）.tex:16172	346	152	1270	0.943	0.057	pending
books/assets/physics-1/fig-p0422-01.png	物理（第一册）	physics-1	422	T	low	初分待对照 raw 改轨	图 13-1	tex/books/物理（第一册）.tex:16224	379	160	2102	0.876	0.124	pending
books/assets/physics-1/fig-p0422-02.png	物理（第一册）	physics-1	422	T	medium	高留白线稿	(a)	tex/books/物理（第一册）.tex:16242	221	156	945	0.951	0.049	pending
books/assets/physics-1/fig-p0422-03.png	物理（第一册）	physics-1	422	T	medium	高留白线稿	(b)	tex/books/物理（第一册）.tex:16250	278	212	1245	0.958	0.042	pending
books/assets/physics-1/fig-p0422-04.png	物理（第一册）	physics-1	422	T	medium	高留白线稿	(4)	tex/books/物理（第一册）.tex:16258	194	203	991	0.966	0.034	pending
books/assets/physics-1/fig-p0422-05.png	物理（第一册）	physics-1	422	T	medium	高留白线稿	图 13-2	tex/books/物理（第一册）.tex:16266	187	168	979	0.961	0.039	pending
books/assets/physics-1/fig-p0423-01.png	物理（第一册）	physics-1	423	T	medium	高留白线稿	图13-3	tex/books/物理（第一册）.tex:16313	225	258	1402	0.937	0.063	pending
books/assets/physics-1/fig-p0425-01.png	物理（第一册）	physics-1	425	T	medium	高留白线稿	图 13·4	tex/books/物理（第一册）.tex:16325	274	263	1814	0.942	0.058	pending
books/assets/physics-1/fig-p0425-02.png	物理（第一册）	physics-1	425	T	low	初分待对照 raw 改轨	图 13·5	tex/books/物理（第一册）.tex:16333	303	350	4263	0.917	0.083	pending
books/assets/physics-1/fig-p0425-03.png	物理（第一册）	physics-1	425	T	medium	高留白线稿	图13·6	tex/books/物理（第一册）.tex:16341	345	177	1259	0.972	0.028	pending
books/assets/physics-1/fig-p0427-01.png	物理（第一册）	physics-1	427	T	medium	高留白线稿	图示（原PDF第427页）	tex/books/物理（第一册）.tex:16378	149	188	739	0.969	0.031	pending
books/assets/physics-1/fig-p0427-02.png	物理（第一册）	physics-1	427	T	medium	高留白线稿	图13-7	tex/books/物理（第一册）.tex:16384	179	127	814	0.948	0.052	pending
books/assets/physics-1/fig-p0427-03.png	物理（第一册）	physics-1	427	T	medium	高留白线稿	图13-8	tex/books/物理（第一册）.tex:16394	389	238	2109	0.954	0.046	pending
books/assets/physics-1/fig-p0428-01.png	物理（第一册）	physics-1	428	T	medium	高留白线稿	图示（原PDF第428页）	tex/books/物理（第一册）.tex:16429	303	354	2367	0.952	0.048	pending
books/assets/physics-1/fig-p0430-01.png	物理（第一册）	physics-1	430	T	medium	高留白线稿	图13-10	tex/books/物理（第一册）.tex:16518	304	273	1262	0.968	0.032	pending
books/assets/physics-1/fig-p0431-01.png	物理（第一册）	physics-1	431	T	medium	高留白线稿	(第5题)	tex/books/物理（第一册）.tex:16595	280	157	955	0.957	0.043	pending
books/assets/physics-1/fig-p0432-01.png	物理（第一册）	physics-1	432	T	medium	高留白线稿	(第6题)	tex/books/物理（第一册）.tex:16613	293	170	1197	0.953	0.047	pending
books/assets/physics-1/fig-p0432-02.png	物理（第一册）	physics-1	432	T	medium	高留白线稿	图 13-11	tex/books/物理（第一册）.tex:16637	541	227	1989	0.967	0.033	pending
books/assets/physics-1/fig-p0433-01.png	物理（第一册）	physics-1	433	T	medium	高留白线稿	图 13·12	tex/books/物理（第一册）.tex:16677	403	247	1809	0.963	0.037	pending
books/assets/physics-1/fig-p0434-01.png	物理（第一册）	physics-1	434	T	medium	高留白线稿	图 13-13	tex/books/物理（第一册）.tex:16721	497	375	3456	0.951	0.049	pending
books/assets/physics-1/fig-p0437-01.png	物理（第一册）	physics-1	437	T	medium	高留白线稿	图13-14	tex/books/物理（第一册）.tex:16813	313	166	1491	0.947	0.053	pending
books/assets/physics-1/fig-p0438-01.png	物理（第一册）	physics-1	438	T	medium	高留白线稿	图 13·15	tex/books/物理（第一册）.tex:16853	534	213	2047	0.966	0.034	pending
books/assets/physics-1/fig-p0439-01.png	物理（第一册）	physics-1	439	T	medium	高留白线稿	图13-16	tex/books/物理（第一册）.tex:16948	366	175	1619	0.942	0.058	pending
books/assets/physics-1/fig-p0440-01.png	物理（第一册）	physics-1	440	T	medium	高留白线稿	图 13·17	tex/books/物理（第一册）.tex:17016	542	221	2399	0.960	0.040	pending
books/assets/physics-1/fig-p0441-01.png	物理（第一册）	physics-1	441	T	medium	高留白线稿	图13-18	tex/books/物理（第一册）.tex:17037	308	182	1320	0.954	0.046	pending
books/assets/physics-1/fig-p0442-01.png	物理（第一册）	physics-1	442	T	medium	高留白线稿	(第4题)	tex/books/物理（第一册）.tex:17104	253	186	1208	0.951	0.049	pending
books/assets/physics-1/fig-p0442-02.png	物理（第一册）	physics-1	442	T	medium	高留白线稿	(第6题)	tex/books/物理（第一册）.tex:17125	307	136	1272	0.929	0.071	pending
books/assets/physics-1/fig-p0443-01.png	物理（第一册）	physics-1	443	T	medium	高留白线稿	图 13-19	tex/books/物理（第一册）.tex:17146	189	170	973	0.927	0.073	pending
books/assets/physics-1/fig-p0444-01.png	物理（第一册）	physics-1	444	T	medium	高留白线稿	图13-20	tex/books/物理（第一册）.tex:17191	223	189	1278	0.929	0.071	pending
books/assets/physics-1/fig-p0444-02.png	物理（第一册）	physics-1	444	T	medium	高留白线稿	图 13-21	tex/books/物理（第一册）.tex:17209	208	206	1331	0.925	0.075	pending
books/assets/physics-1/fig-p0445-02.png	物理（第一册）	physics-1	445	T	low	初分待对照 raw 改轨	图13-22	tex/books/物理（第一册）.tex:17263	217	291	2066	0.899	0.101	pending
books/assets/physics-1/fig-p0446-01.png	物理（第一册）	physics-1	446	T	medium	高留白线稿	图示（原PDF第446页）	tex/books/物理（第一册）.tex:17294	141	144	852	0.942	0.058	pending
books/assets/physics-1/fig-p0446-02.png	物理（第一册）	physics-1	446	T	medium	高留白线稿	(a)	tex/books/物理（第一册）.tex:17300	102	115	585	0.921	0.079	pending
books/assets/physics-1/fig-p0446-03.png	物理（第一册）	physics-1	446	T	medium	高留白线稿	图示（原PDF第446页）	tex/books/物理（第一册）.tex:17308	150	161	881	0.959	0.041	pending
books/assets/physics-1/fig-p0446-04.png	物理（第一册）	physics-1	446	T	medium	高留白线稿	(3)	tex/books/物理（第一册）.tex:17314	196	164	1025	0.962	0.038	pending
books/assets/physics-1/fig-p0447-01.png	物理（第一册）	physics-1	447	T	medium	高留白线稿	图13-24	tex/books/物理（第一册）.tex:17337	304	338	2598	0.952	0.048	pending
books/assets/physics-1/fig-p0452-01.png	物理（第一册）	physics-1	452	T	medium	高留白线稿	图13-25	tex/books/物理（第一册）.tex:17532	231	290	1610	0.955	0.045	pending
books/assets/physics-1/fig-p0452-02.png	物理（第一册）	physics-1	452	P	medium	疑似网纹或照片	(a)	tex/books/物理（第一册）.tex:17545	276	308	3625	0.842	0.158	pending
books/assets/physics-1/fig-p0452-03.png	物理（第一册）	physics-1	452	T	low	初分待对照 raw 改轨	(b)	tex/books/物理（第一册）.tex:17553	221	313	1815	0.915	0.085	pending
books/assets/physics-1/fig-p0453-01.png	物理（第一册）	physics-1	453	T	medium	高留白线稿	图 13·27	tex/books/物理（第一册）.tex:17575	261	269	1501	0.967	0.033	pending
books/assets/physics-1/fig-p0454-01.png	物理（第一册）	physics-1	454	P	medium	疑似网纹或照片	图13·28	tex/books/物理（第一册）.tex:17609	205	315	2769	0.872	0.128	pending
books/assets/physics-1/fig-p0454-02.png	物理（第一册）	physics-1	454	T	medium	高留白线稿	图 13·29	tex/books/物理（第一册）.tex:17619	360	220	1296	0.972	0.028	pending
books/assets/physics-1/fig-p0455-01.png	物理（第一册）	physics-1	455	T	medium	高留白线稿	图：13·30	tex/books/物理（第一册）.tex:17632	285	257	2071	0.951	0.049	pending
books/assets/physics-1/fig-p0457-01.png	物理（第一册）	physics-1	457	T	medium	高留白线稿	图13.31	tex/books/物理（第一册）.tex:17706	244	269	2083	0.928	0.072	pending
books/assets/physics-1/fig-p0461-01.png	物理（第一册）	physics-1	461	T	medium	高留白线稿	图 13·32	tex/books/物理（第一册）.tex:17843	300	178	1112	0.979	0.021	pending
books/assets/physics-1/fig-p0462-01.png	物理（第一册）	physics-1	462	T	medium	高留白线稿	图13-33	tex/books/物理（第一册）.tex:17859	240	225	1134	0.968	0.032	pending
books/assets/physics-1/fig-p0462-02.png	物理（第一册）	physics-1	462	T	medium	高留白线稿	图13-34	tex/books/物理（第一册）.tex:17867	194	199	1134	0.937	0.063	pending
books/assets/physics-1/fig-p0464-01.png	物理（第一册）	physics-1	464	T	low	初分待对照 raw 改轨	图13·35	tex/books/物理（第一册）.tex:17904	467	317	3877	0.919	0.081	pending
books/assets/physics-1/fig-p0465-01.png	物理（第一册）	physics-1	465	T	medium	高留白线稿	图 13·36	tex/books/物理（第一册）.tex:17923	315	279	2151	0.947	0.053	pending
books/assets/physics-1/fig-p0466-01.png	物理（第一册）	physics-1	466	T	medium	高留白线稿	图 13-37	tex/books/物理（第一册）.tex:17974	183	310	1214	0.955	0.045	pending
books/assets/physics-1/fig-p0467-01.png	物理（第一册）	physics-1	467	T	medium	高留白线稿	(第4题)	tex/books/物理（第一册）.tex:18021	273	180	1223	0.956	0.044	pending
books/assets/physics-1/fig-p0468-01.png	物理（第一册）	physics-1	468	T	medium	高留白线稿	(a)	tex/books/物理（第一册）.tex:18049	217	184	876	0.931	0.069	pending
books/assets/physics-1/fig-p0468-02.png	物理（第一册）	physics-1	468	V	low	初分待对照 raw 改轨	(b)	tex/books/物理（第一册）.tex:18057	219	137	1330	0.830	0.170	pending
books/assets/physics-1/fig-p0468-03.png	物理（第一册）	physics-1	468	V	low	初分待对照 raw 改轨	(c)	tex/books/物理（第一册）.tex:18065	168	169	1554	0.767	0.233	pending
books/assets/physics-1/fig-p0468-04.png	物理（第一册）	physics-1	468	V	low	初分待对照 raw 改轨	(d)	tex/books/物理（第一册）.tex:18073	226	169	1520	0.804	0.196	pending
books/assets/physics-1/fig-p0468-05.png	物理（第一册）	physics-1	468	V	low	初分待对照 raw 改轨	(2)	tex/books/物理（第一册）.tex:18081	220	119	1480	0.750	0.250	pending
books/assets/physics-1/fig-p0468-06.png	物理（第一册）	physics-1	468	V	low	初分待对照 raw 改轨	(3)	tex/books/物理（第一册）.tex:18089	173	214	2257	0.789	0.211	pending
books/assets/physics-1/fig-p0468-07.png	物理（第一册）	physics-1	468	V	low	初分待对照 raw 改轨	(4)	tex/books/物理（第一册）.tex:18097	270	204	2636	0.818	0.182	pending
books/assets/physics-1/fig-p0468-08.png	物理（第一册）	physics-1	468	V	low	初分待对照 raw 改轨	(八)	tex/books/物理（第一册）.tex:18105	213	228	2044	0.814	0.186	pending
books/assets/physics-1/fig-p0469-01.png	物理（第一册）	physics-1	469	T	low	初分待对照 raw 改轨	图 13·39	tex/books/物理（第一册）.tex:18132	504	229	4289	0.882	0.118	pending
books/assets/physics-1/fig-p0470-01.png	物理（第一册）	physics-1	470	V	low	初分待对照 raw 改轨	(a)	tex/books/物理（第一册）.tex:18150	218	216	2675	0.795	0.205	pending
books/assets/physics-1/fig-p0470-02.png	物理（第一册）	physics-1	470	P	medium	疑似网纹或照片	(3)	tex/books/物理（第一册）.tex:18158	158	216	2250	0.704	0.296	pending
books/assets/physics-1/fig-p0472-02.png	物理（第一册）	physics-1	472	T	medium	高留白线稿	(第2题)	tex/books/物理（第一册）.tex:18248	247	198	1632	0.936	0.064	pending
books/assets/physics-1/fig-p0472-03.png	物理（第一册）	physics-1	472	T	low	初分待对照 raw 改轨	(第3题)	tex/books/物理（第一册）.tex:18256	160	170	1259	0.890	0.110	pending
books/assets/physics-1/fig-p0475-01.png	物理（第一册）	physics-1	475	T	medium	高留白线稿	(第4题)	tex/books/物理（第一册）.tex:18400	286	179	1263	0.957	0.043	pending
books/assets/physics-1/fig-p0476-01.png	物理（第一册）	physics-1	476	T	medium	高留白线稿	(第3题)	tex/books/物理（第一册）.tex:18447	264	146	907	0.941	0.059	pending
books/assets/physics-1/fig-p0477-01.png	物理（第一册）	physics-1	477	T	medium	高留白线稿	(第7题)	tex/books/物理（第一册）.tex:18474	218	128	756	0.937	0.063	pending
books/assets/physics-1/fig-p0477-02.png	物理（第一册）	physics-1	477	T	medium	高留白线稿	(第6题)	tex/books/物理（第一册）.tex:18482	276	148	1044	0.952	0.048	pending
books/assets/physics-1/fig-p0477-03.png	物理（第一册）	physics-1	477	T	medium	高留白线稿	(第10题)	tex/books/物理（第一册）.tex:18505	238	129	811	0.926	0.074	pending
books/assets/physics-1/fig-p0478-01.png	物理（第一册）	physics-1	478	T	medium	高留白线稿	(第11题)	tex/books/物理（第一册）.tex:18528	308	306	1788	0.965	0.035	pending
books/assets/physics-1/fig-p0478-02.png	物理（第一册）	physics-1	478	T	medium	高留白线稿	(第12题)	tex/books/物理（第一册）.tex:18536	232	196	1218	0.923	0.077	pending
books/assets/physics-1/fig-p0481-01.png	物理（第一册）	physics-1	481	T	low	初分待对照 raw 改轨	图14-1	tex/books/物理（第一册）.tex:18595	207	133	1197	0.903	0.097	pending
books/assets/physics-1/fig-p0483-01.png	物理（第一册）	physics-1	483	T	low	初分待对照 raw 改轨	图 14-2	tex/books/物理（第一册）.tex:18678	222	303	1929	0.881	0.119	pending
books/assets/physics-1/fig-p0484-01.png	物理（第一册）	physics-1	484	T	medium	高留白线稿	图14-3	tex/books/物理（第一册）.tex:18696	259	228	1996	0.932	0.068	pending
books/assets/physics-1/fig-p0488-01.png	物理（第一册）	physics-1	488	T	medium	高留白线稿	图 14·4	tex/books/物理（第一册）.tex:18911	194	266	1244	0.968	0.032	pending
books/assets/physics-1/fig-p0490-01.png	物理（第一册）	physics-1	490	T	medium	高留白线稿	图14·5	tex/books/物理（第一册）.tex:19029	271	129	1063	0.945	0.055	pending
books/assets/physics-1/fig-p0491-01.png	物理（第一册）	physics-1	491	T	medium	高留白线稿	图14-6	tex/books/物理（第一册）.tex:19059	360	422	4937	0.937	0.063	pending
books/assets/physics-1/fig-p0497-01.png	物理（第一册）	physics-1	497	T	low	初分待对照 raw 改轨	(a)	tex/books/物理（第一册）.tex:19245	66	180	552	0.888	0.112	pending
books/assets/physics-1/fig-p0497-02.png	物理（第一册）	physics-1	497	T	low	初分待对照 raw 改轨	(b)	tex/books/物理（第一册）.tex:19253	62	230	798	0.867	0.133	pending
books/assets/physics-1/fig-p0498-01.png	物理（第一册）	physics-1	498	T	medium	高留白线稿	图15-2	tex/books/物理（第一册）.tex:19284	369	253	3287	0.964	0.036	pending
books/assets/physics-1/fig-p0499-01.png	物理（第一册）	physics-1	499	T	medium	高留白线稿	图 15·3	tex/books/物理（第一册）.tex:19317	359	133	1178	0.930	0.070	pending
books/assets/physics-1/fig-p0502-01.png	物理（第一册）	physics-1	502	T	medium	高留白线稿	图15-4	tex/books/物理（第一册）.tex:19395	353	136	945	0.947	0.053	pending
books/assets/physics-1/fig-p0502-02.png	物理（第一册）	physics-1	502	P	medium	疑似网纹或照片	(a)	tex/books/物理（第一册）.tex:19411	268	378	4678	0.804	0.196	pending
books/assets/physics-1/fig-p0502-03.png	物理（第一册）	physics-1	502	T	low	初分待对照 raw 改轨	(b)	tex/books/物理（第一册）.tex:19419	142	311	1685	0.873	0.127	pending
books/assets/physics-1/fig-p0503-01.png	物理（第一册）	physics-1	503	T	low	初分待对照 raw 改轨	图 15·6	tex/books/物理（第一册）.tex:19438	224	148	1072	0.911	0.089	pending
books/assets/physics-1/fig-p0504-01.png	物理（第一册）	physics-1	504	V	low	初分待对照 raw 改轨	图示（原PDF第504页）	tex/books/物理（第一册）.tex:19451	175	194	1686	0.822	0.178	pending
books/assets/physics-1/fig-p0504-02.png	物理（第一册）	physics-1	504	V	low	初分待对照 raw 改轨	图示（原PDF第504页）	tex/books/物理（第一册）.tex:19457	173	193	1733	0.817	0.183	pending
books/assets/physics-1/fig-p0504-03.png	物理（第一册）	physics-1	504	V	low	初分待对照 raw 改轨	图15-7	tex/books/物理（第一册）.tex:19463	176	193	1768	0.828	0.172	pending
books/assets/physics-1/fig-p0504-04.png	物理（第一册）	physics-1	504	T	low	初分待对照 raw 改轨	图 15-8	tex/books/物理（第一册）.tex:19486	455	191	2546	0.917	0.083	pending
books/assets/physics-1/fig-p0506-01.png	物理（第一册）	physics-1	506	T	low	初分待对照 raw 改轨	图 15·9	tex/books/物理（第一册）.tex:19531	281	168	1714	0.896	0.104	pending
books/assets/physics-1/fig-p0506-02.png	物理（第一册）	physics-1	506	T	low	初分待对照 raw 改轨	图 15·10	tex/books/物理（第一册）.tex:19551	416	236	2963	0.865	0.135	pending
books/assets/physics-1/fig-p0507-01.png	物理（第一册）	physics-1	507	T	low	初分待对照 raw 改轨	图 15-11	tex/books/物理（第一册）.tex:19567	450	345	5659	0.887	0.113	pending
books/assets/physics-1/fig-p0507-02.png	物理（第一册）	physics-1	507	T	low	初分待对照 raw 改轨	图 15·12	tex/books/物理（第一册）.tex:19577	318	137	1516	0.877	0.123	pending
books/assets/physics-1/fig-p0508-01.png	物理（第一册）	physics-1	508	T	low	初分待对照 raw 改轨	(第1题)	tex/books/物理（第一册）.tex:19600	149	217	1768	0.867	0.133	pending
books/assets/physics-1/fig-p0508-02.png	物理（第一册）	physics-1	508	T	low	初分待对照 raw 改轨	(第3题)	tex/books/物理（第一册）.tex:19620	282	199	1277	0.894	0.106	pending
books/assets/physics-1/fig-p0510-01.png	物理（第一册）	physics-1	510	V	low	初分待对照 raw 改轨	图 15-13	tex/books/物理（第一册）.tex:19669	231	129	1241	0.811	0.189	pending
books/assets/physics-1/fig-p0510-02.png	物理（第一册）	physics-1	510	V	low	初分待对照 raw 改轨	图 15-14	tex/books/物理（第一册）.tex:19677	243	138	1897	0.779	0.221	pending
books/assets/physics-1/fig-p0511-01.png	物理（第一册）	physics-1	511	T	low	初分待对照 raw 改轨	图15-15	tex/books/物理（第一册）.tex:19692	544	200	4462	0.879	0.121	pending
books/assets/physics-1/fig-p0511-02.png	物理（第一册）	physics-1	511	V	low	初分待对照 raw 改轨	图15-16	tex/books/物理（第一册）.tex:19700	270	133	1642	0.840	0.160	pending
books/assets/physics-1/fig-p0512-01.png	物理（第一册）	physics-1	512	T	low	初分待对照 raw 改轨	图 15-17	tex/books/物理（第一册）.tex:19722	315	108	1131	0.914	0.086	pending
books/assets/physics-1/fig-p0513-01.png	物理（第一册）	physics-1	513	T	low	初分待对照 raw 改轨	图15-18	tex/books/物理（第一册）.tex:19735	397	182	1899	0.915	0.085	pending
books/assets/physics-1/fig-p0514-01.png	物理（第一册）	physics-1	514	T	medium	高留白线稿	图 15·19	tex/books/物理（第一册）.tex:19765	438	286	3620	0.935	0.065	pending
books/assets/physics-1/fig-p0514-02.png	物理（第一册）	physics-1	514	T	medium	高留白线稿	图 15·20	tex/books/物理（第一册）.tex:19790	239	165	1066	0.947	0.053	pending
books/assets/physics-1/fig-p0515-01.png	物理（第一册）	physics-1	515	T	low	初分待对照 raw 改轨	图 15·21	tex/books/物理（第一册）.tex:19804	398	442	5045	0.915	0.085	pending
books/assets/physics-1/fig-p0518-01.png	物理（第一册）	physics-1	518	T	low	初分待对照 raw 改轨	(第5题)	tex/books/物理（第一册）.tex:19907	304	220	2257	0.898	0.102	pending
books/assets/physics-1/fig-p0519-01.png	物理（第一册）	physics-1	519	T	low	初分待对照 raw 改轨	(第1题)	tex/books/物理（第一册）.tex:19925	226	110	898	0.870	0.130	pending
books/assets/physics-1/fig-p0519-02.png	物理（第一册）	physics-1	519	T	medium	高留白线稿	(第5题)	tex/books/物理（第一册）.tex:19946	215	178	1017	0.928	0.072	pending
books/assets/physics-1/fig-p0519-03.png	物理（第一册）	physics-1	519	T	medium	高留白线稿	(第6题)	tex/books/物理（第一册）.tex:19954	275	244	1511	0.938	0.062	pending
books/assets/physics-1/fig-p0520-01.png	物理（第一册）	physics-1	520	T	medium	高留白线稿	(第8题)	tex/books/物理（第一册）.tex:19987	193	235	1223	0.964	0.036	pending
books/assets/physics-1/fig-p0520-02.png	物理（第一册）	physics-1	520	T	medium	高留白线稿	图示（原PDF第520页）	tex/books/物理（第一册）.tex:19995	162	99	586	0.930	0.070	pending
books/assets/physics-1/fig-p0520-03.png	物理（第一册）	physics-1	520	T	medium	高留白线稿	(第9题)	tex/books/物理（第一册）.tex:20001	174	103	708	0.920	0.080	pending
books/assets/physics-1/fig-p0520-04.png	物理（第一册）	physics-1	520	V	low	初分待对照 raw 改轨	(第14题)	tex/books/物理（第一册）.tex:20035	59	187	560	0.828	0.172	pending
books/assets/physics-1/fig-p0521-01.png	物理（第一册）	physics-1	521	T	low	初分待对照 raw 改轨	(第16题)	tex/books/物理（第一册）.tex:20059	274	184	1623	0.918	0.082	pending
books/assets/physics-1/fig-p0521-02.png	物理（第一册）	physics-1	521	T	medium	高留白线稿	(第17题)	tex/books/物理（第一册）.tex:20067	257	261	1808	0.930	0.070	pending
books/assets/physics-1/fig-p0521-03.png	物理（第一册）	physics-1	521	T	medium	高留白线稿	(第18题)	tex/books/物理（第一册）.tex:20089	320	161	1261	0.936	0.064	pending
books/assets/physics-1/fig-p0521-04.png	物理（第一册）	physics-1	521	T	medium	高留白线稿	(第19题)	tex/books/物理（第一册）.tex:20097	256	229	1715	0.945	0.055	pending
books/assets/physics-1/fig-p0522-01.png	物理（第一册）	physics-1	522	T	medium	高留白线稿	(第21题)	tex/books/物理（第一册）.tex:20137	187	249	1062	0.955	0.045	pending
books/assets/physics-1/fig-p0522-02.png	物理（第一册）	physics-1	522	T	medium	高留白线稿	(第23题)	tex/books/物理（第一册）.tex:20155	315	106	800	0.954	0.046	pending
books/assets/physics-1/fig-p0522-03.png	物理（第一册）	physics-1	522	T	medium	高留白线稿	(第26题)	tex/books/物理（第一册）.tex:20186	176	200	1075	0.948	0.052	pending
books/assets/physics-1/fig-p0523-01.png	物理（第一册）	physics-1	523	T	medium	高留白线稿	(第27题)	tex/books/物理（第一册）.tex:20204	259	225	1380	0.943	0.057	pending
books/assets/physics-1/fig-p0523-02.png	物理（第一册）	physics-1	523	T	medium	高留白线稿	(第28题)	tex/books/物理（第一册）.tex:20212	230	195	1214	0.941	0.059	pending
books/assets/physics-1/fig-p0523-03.png	物理（第一册）	physics-1	523	T	low	初分待对照 raw 改轨	(第29题)	tex/books/物理（第一册）.tex:20236	260	93	970	0.906	0.094	pending
books/assets/physics-1/fig-p0524-01.png	物理（第一册）	physics-1	524	T	low	初分待对照 raw 改轨	图示（原PDF第524页）	tex/books/物理（第一册）.tex:20266	135	111	692	0.855	0.145	pending
books/assets/physics-1/fig-p0524-02.png	物理（第一册）	physics-1	524	T	low	初分待对照 raw 改轨	(第33题)	tex/books/物理（第一册）.tex:20272	209	107	898	0.870	0.130	pending
books/assets/physics-1/fig-p0524-03.png	物理（第一册）	physics-1	524	T	low	初分待对照 raw 改轨	(第35题)	tex/books/物理（第一册）.tex:20296	266	173	1237	0.897	0.103	pending
books/assets/physics-1/fig-p0530-01.png	物理（第一册）	physics-1	530	T	medium	高留白线稿	(第4题)	tex/books/物理（第一册）.tex:20783	233	207	931	0.957	0.043	pending
books/assets/physics-2/fig-p0007-01.png	物理（第二册）	physics-2	7	T	high	对照 raw 页示意图，已改 TikZ	图1.1 弹簧振子的振动	tex/books/物理（第二册）.tex:310	316	546	5152	0.917	0.083	replaced
books/assets/physics-2/fig-p0008-01.png	物理（第二册）	physics-2	8	T	high	对照 raw 第8页，已改 TikZ	图1.2 弹力与位移的关系	tex/books/物理（第二册）.tex:349	284	94	1059	0.902	0.098	replaced
books/assets/physics-2/fig-p0010-01.png	物理（第二册）	physics-2	10	T	high	对照 raw 第10页，已改 TikZ	(a)	tex/books/物理（第二册）.tex:393	188	202	1836	0.907	0.093	replaced
books/assets/physics-2/fig-p0012-01.png	物理（第二册）	physics-2	12	T	high	对照 raw 第12页，已改 TikZ	图 1.4 演示圆周运动与振动的关系的实验装置示意图	tex/books/物理（第二册）.tex:463	215	199	1436	0.910	0.090	replaced
books/assets/physics-2/fig-p0012-02.png	物理（第二册）	physics-2	12	T	high	对照 raw 第12页，已改 TikZ	图1.5 匀速圆周运动的投影是简谐振动的证明	tex/books/物理（第二册）.tex:473	229	264	1894	0.942	0.058	replaced
books/assets/physics-2/fig-p0013-01.png	物理（第二册）	physics-2	13	T	high	对照 raw 第13页，已改 TikZ	图1.6 宽距振动方程的推导	tex/books/物理（第二册）.tex:507	197	177	1149	0.955	0.045	replaced
books/assets/physics-2/fig-p0014-01.png	物理（第二册）	physics-2	14	T	high	对照 raw 第14页，已改 TikZ	图1.7 简谐振动方程的一般形式	tex/books/物理（第二册）.tex:559	192	177	1313	0.938	0.062	replaced
books/assets/physics-2/fig-p0014-02.png	物理（第二册）	physics-2	14	T	high	对照 raw 第14页，已改 TikZ	图1.8 远示振动图线的装置	tex/books/物理（第二册）.tex:582	292	258	2331	0.925	0.075	replaced
books/assets/physics-2/fig-p0015-01.png	物理（第二册）	physics-2	15	T	high	对照 raw 第15页，已改 TikZ	图1.9 典型的简谐振动图线	tex/books/物理（第二册）.tex:596	275	160	1136	0.949	0.051	replaced
books/assets/physics-2/fig-p0019-01.png	物理（第二册）	physics-2	19	T	high	对照 raw 页示意图，已改 TikZ	图1.10 振动图线的作法	tex/books/物理（第二册）.tex:783	448	190	2587	0.926	0.074	replaced
books/assets/physics-2/fig-p0022-01.png	物理（第二册）	physics-2	22	T	high	对照 raw 页示意图，已改 TikZ	图示（原PDF第22页）	tex/books/物理（第二册）.tex:964	77	279	623	0.918	0.082	replaced
books/assets/physics-2/fig-p0023-01.png	物理（第二册）	physics-2	23	T	high	对照 raw 页示意图，已改 TikZ	图1.12 单摆的受力情况分析	tex/books/物理（第二册）.tex:992	108	244	880	0.932	0.068	replaced
books/assets/physics-2/fig-p0025-01.png	物理（第二册）	physics-2	25	T	high	对照 raw/PNG，已改 TikZ	图1.13 实验装置	tex/books/物理（第二册）.tex:1097	184	332	1749	0.932	0.068	replaced
books/assets/physics-2/fig-p0030-01.png	物理（第二册）	physics-2	30	T	high	对照 raw 页示意图，已改 TikZ	图1.14 单摆在端点 B 的重力势能	tex/books/物理（第二册）.tex:1263	108	193	748	0.931	0.069	replaced
books/assets/physics-2/fig-p0034-01.png	物理（第二册）	physics-2	34	T	high	对照 raw 页示意图，已改 TikZ	图1.15 振动的合成	tex/books/物理（第二册）.tex:1449	70	256	777	0.916	0.084	replaced
books/assets/physics-2/fig-p0035-01.png	物理（第二册）	physics-2	35	T	high	对照 raw 页振动合成示意图，已改 TikZ	图1.16 在一直线上的频率相同的简谐振动的合成	tex/books/物理（第二册）.tex:1485	378	149	2104	0.887	0.113	replaced
books/assets/physics-2/fig-p0036-01.png	物理（第二册）	physics-2	36	T	high	对照 raw 页振动合成示意图，已改 TikZ	(a)	tex/books/物理（第二册）.tex:1571	288	159	1175	0.946	0.054	replaced
books/assets/physics-2/fig-p0036-02.png	物理（第二册）	physics-2	36	T	high	对照 raw 页振动合成示意图，已改 TikZ	图 1.18 表示简谐振动 x_{2}=	tex/books/物理（第二册）.tex:1606	305	195	1584	0.942	0.058	replaced
books/assets/physics-2/fig-p0037-01.png	物理（第二册）	physics-2	37	T	high	对照 raw 第37页，已改 TikZ	图 1.19 利用旋转矢量合成法作出在一直线上两个频率相同的简谐振动的合振动图线	tex/books/物理（第二册）.tex:1622	318	194	2136	0.923	0.077	replaced
books/assets/physics-2/fig-p0037-02.png	物理（第二册）	physics-2	37	T	high	对照 raw 页振动合成示意图，已改 TikZ	图1.20	tex/books/物理（第二册）.tex:1634	166	191	1200	0.936	0.064	replaced
books/assets/physics-2/fig-p0038-01.png	物理（第二册）	physics-2	38	T	high	对照 raw 页振动合成示意图，已改 TikZ	图1.21 两个同相分振动的合成	tex/books/物理（第二册）.tex:1672	343	266	2413	0.952	0.048	replaced
books/assets/physics-2/fig-p0039-01.png	物理（第二册）	physics-2	39	T	high	对照 raw 页振动合成示意图，已改 TikZ	图1.22 两个反相的分振动的合成	tex/books/物理（第二册）.tex:1699	337	191	1772	0.967	0.033	replaced
books/assets/physics-2/fig-p0040-01.png	物理（第二册）	physics-2	40	T	high	对照 raw 振动曲线，已改 TikZ	图1.23 频率成倍数的两个简谐振动的合成	tex/books/物理（第二册）.tex:1761	259	145	1116	0.945	0.055	replaced
books/assets/physics-2/fig-p0041-01.png	物理（第二册）	physics-2	41	T	high	对照 raw 振动曲线，已改 TikZ	图1.24 阻尼振动图线	tex/books/物理（第二册）.tex:1794	313	226	1284	0.960	0.040	replaced
books/assets/physics-2/fig-p0043-01.png	物理（第二册）	physics-2	43	T	high	对照 raw/PNG，已改 TikZ	图1.25 研究受迫振动的规律的装置	tex/books/物理（第二册）.tex:1823	223	331	2378	0.869	0.131	replaced
books/assets/physics-2/fig-p0044-01.png	物理（第二册）	physics-2	44	T	high	对照 raw/PNG，已改 TikZ	图1.26 共振现象的演示装置	tex/books/物理（第二册）.tex:1852	205	240	1606	0.895	0.105	replaced
books/assets/physics-2/fig-p0045-01.png	物理（第二册）	physics-2	45	T	high	对照 raw 振动曲线，已改 TikZ	图1.27 共振曲线	tex/books/物理（第二册）.tex:1869	275	266	2017	0.937	0.063	replaced
books/assets/physics-2/fig-p0052-01.png	物理（第二册）	physics-2	52	T	high	对照 raw 第52页，已改 TikZ	(第17题)	tex/books/物理（第二册）.tex:2309	196	56	657	0.881	0.119	replaced
books/assets/physics-2/fig-p0052-02.png	物理（第二册）	physics-2	52	T	high	对照 raw 第52页，已改 TikZ	(第18题)	tex/books/物理（第二册）.tex:2329	269	86	962	0.902	0.098	replaced
books/assets/physics-2/fig-p0053-01.png	物理（第二册）	physics-2	53	P	medium	疑似网纹或照片	图2.1	tex/books/物理（第二册）.tex:2349	268	149	2368	0.390	0.610	pending
books/assets/physics-2/fig-p0054-01.png	物理（第二册）	physics-2	54	T	high	对照 raw 第54页，已改 TikZ	图 2.2 橡皮绳上面的后回的波形	tex/books/物理（第二册）.tex:2359	458	74	778	0.973	0.027	replaced
books/assets/physics-2/fig-p0054-02.png	物理（第二册）	physics-2	54	T	high	对照 raw 第54页，已改 TikZ	图2.3 质点之间就好比有弹簧连接着一样	tex/books/物理（第二册）.tex:2378	260	135	857	0.951	0.049	replaced
books/assets/physics-2/fig-p0056-01.png	物理（第二册）	physics-2	56	T	high	对照 raw 第56页，已改 TikZ	图2.4 增波时形成和传播	tex/books/物理（第二册）.tex:2406	476	302	5429	0.929	0.071	replaced
books/assets/physics-2/fig-p0059-01.png	物理（第二册）	physics-2	59	T	high	对照 raw 振动曲线，已改 TikZ	图2.5 t = \frac{3}{2} T 和 t = \frac{7}{4} T 时的波形图线	tex/books/物理（第二册）.tex:2472	476	215	2683	0.936	0.064	replaced
books/assets/physics-2/fig-p0060-01.png	物理（第二册）	physics-2	60	T	high	对照 raw 第60页，已改 TikZ	图 2.6 标出当时质点的运动趋势	tex/books/物理（第二册）.tex:2492	449	188	1770	0.955	0.045	replaced
books/assets/physics-2/fig-p0061-01.png	物理（第二册）	physics-2	61	P	high	对照 raw 第61页，已改 TikZ	图 2.7 螺旋弹簧上的纵波	tex/books/物理（第二册）.tex:2510	471	99	1678	0.908	0.092	replaced
books/assets/physics-2/fig-p0061-02.png	物理（第二册）	physics-2	61	P	high	对照 raw 第61页，已改 TikZ	图2.8 纵波的形成和传播	tex/books/物理（第二册）.tex:2522	491	302	6374	0.892	0.108	replaced
books/assets/physics-2/fig-p0063-01.png	物理（第二册）	physics-2	63	T	high	对照 raw 第63页，已改 TikZ	图2.9 纵波的波形图线的作法	tex/books/物理（第二册）.tex:2548	414	339	3477	0.924	0.076	replaced
books/assets/physics-2/fig-p0064-01.png	物理（第二册）	physics-2	64	T	high	对照 raw 波形图，已改 TikZ	(第4题)	tex/books/物理（第二册）.tex:2577	271	160	948	0.959	0.041	replaced
books/assets/physics-2/fig-p0065-01.png	物理（第二册）	physics-2	65	T	high	对照 raw 波形图，已改 TikZ	(第6题)	tex/books/物理（第二册）.tex:2596	306	148	1133	0.955	0.045	replaced
books/assets/physics-2/fig-p0066-01.png	物理（第二册）	physics-2	66	T	high	对照 raw 波形图，已改 TikZ	图2.10 波长	tex/books/物理（第二册）.tex:2621	322	190	1201	0.964	0.036	replaced
books/assets/physics-2/fig-p0067-01.png	物理（第二册）	physics-2	67	T	high	对照 raw 波形图，已改 TikZ	图2.11 时刻 t 和时刻 t + dt 的波形图线	tex/books/物理（第二册）.tex:2665	419	191	2320	0.941	0.059	replaced
books/assets/physics-2/fig-p0069-01.png	物理（第二册）	physics-2	69	T	high	对照 raw 波形图，已改 TikZ	(a) 一列简谐波在 t = t_{1} 时的波形图线	tex/books/物理（第二册）.tex:2734	434	198	1569	0.960	0.040	replaced
books/assets/physics-2/fig-p0069-02.png	物理（第二册）	physics-2	69	T	high	对照 raw 波形图，已改 TikZ	(1) 距波源 r=r_{1} 的质点 P 的振动图线	tex/books/物理（第二册）.tex:2744	435	193	1616	0.958	0.042	replaced
books/assets/physics-2/fig-p0070-01.png	物理（第二册）	physics-2	70	T	high	对照 raw 波形图，已改 TikZ	(a) t=6 秒时的波形图线	tex/books/物理（第二册）.tex:2765	401	170	1751	0.943	0.057	replaced
books/assets/physics-2/fig-p0070-02.png	物理（第二册）	physics-2	70	T	high	对照 raw 波形图，已改 TikZ	(b) 距波源 r=45 厘米的质点 P 的振动图线	tex/books/物理（第二册）.tex:2775	374	177	1646	0.939	0.061	replaced
books/assets/physics-2/fig-p0071-02.png	物理（第二册）	physics-2	71	T	high	对照 raw 波形图，已改 TikZ	(第4题)	tex/books/物理（第二册）.tex:2832	392	174	1640	0.948	0.052	replaced
books/assets/physics-2/fig-p0071-03.png	物理（第二册）	physics-2	71	T	high	对照 raw 波形图，已改 TikZ	(第5题)	tex/books/物理（第二册）.tex:2851	331	166	1602	0.945	0.055	replaced
books/assets/physics-2/fig-p0072-01.png	物理（第二册）	physics-2	72	T	high	对照 raw 波形图，已改 TikZ	图 2.14 两个空间一直线上相向传播的脉冲波在相遇前后的情况	tex/books/物理（第二册）.tex:2889	194	241	1131	0.959	0.041	replaced
books/assets/physics-2/fig-p0073-01.png	物理（第二册）	physics-2	73	T	high	对照 raw 波形简图，已改 TikZ	(a) 球面波	tex/books/物理（第二册）.tex:2908	222	189	1867	0.924	0.076	replaced
books/assets/physics-2/fig-p0073-02.png	物理（第二册）	physics-2	73	T	high	对照 raw 波形简图，已改 TikZ	(b) 平面波	tex/books/物理（第二册）.tex:2918	188	187	921	0.928	0.072	replaced
books/assets/physics-2/fig-p0074-01.png	物理（第二册）	physics-2	74	T	high	对照 raw/PNG，已改 TikZ	(a) 发波水槽结构示意图	tex/books/物理（第二册）.tex:2947	185	165	1234	0.857	0.143	replaced
books/assets/physics-2/fig-p0074-02.png	物理（第二册）	physics-2	74	V	low	初分待对照 raw 改轨	(b) 一列圆环形的波纹	tex/books/物理（第二册）.tex:2957	110	112	774	0.844	0.156	pending
books/assets/physics-2/fig-p0075-01.png	物理（第二册）	physics-2	75	P	medium	疑似网纹或照片	图 2.17 水面波的干涉现象	tex/books/物理（第二册）.tex:2974	278	247	2618	0.204	0.796	pending
books/assets/physics-2/fig-p0076-01.png	物理（第二册）	physics-2	76	T	high	对照 raw/PNG，已改 TikZ	图2.18 波形的干涉的形成	tex/books/物理（第二册）.tex:2986	344	288	5090	0.902	0.098	replaced
books/assets/physics-2/fig-p0077-01.png	物理（第二册）	physics-2	77	T	high	对照 raw 第77页，已改 TikZ	(a) 点 P 同时参与的两个分振动是同相的	tex/books/物理（第二册）.tex:3007	368	251	2417	0.958	0.042	replaced
books/assets/physics-2/fig-p0077-02.png	物理（第二册）	physics-2	77	T	high	对照 raw 第77页，已改 TikZ	(b) 点 Q 同时参与的两个分振动是反相的	tex/books/物理（第二册）.tex:3017	369	252	2362	0.952	0.048	replaced
books/assets/physics-2/fig-p0079-01.png	物理（第二册）	physics-2	79	T	high	对照 raw/PNG，已改 TikZ	图 2.20 演示驻波的装置简图	tex/books/物理（第二册）.tex:3076	391	116	1614	0.903	0.097	replaced
books/assets/physics-2/fig-p0080-01.png	物理（第二册）	physics-2	80	T	high	对照 raw/PNG，已改 TikZ	图 2.21 在井管和红管内的空气柱中形成的驻波	tex/books/物理（第二册）.tex:3124	271	138	1118	0.915	0.085	replaced
books/assets/physics-2/fig-p0082-01.png	物理（第二册）	physics-2	82	P	medium	疑似网纹或照片	(a) 障碍物的长度比	tex/books/物理（第二册）.tex:3151	218	223	4535	0.336	0.664	pending
books/assets/physics-2/fig-p0082-02.png	物理（第二册）	physics-2	82	P	medium	疑似网纹或照片	(b) 障碍物的长度与波长差不多	tex/books/物理（第二册）.tex:3161	217	223	4039	0.291	0.709	pending
books/assets/physics-2/fig-p0082-03.png	物理（第二册）	physics-2	82	P	medium	疑似网纹或照片	(a) 狭缝长度(或缺口直径)	tex/books/物理（第二册）.tex:3175	207	216	4221	0.338	0.662	pending
books/assets/physics-2/fig-p0082-04.png	物理（第二册）	physics-2	82	P	medium	疑似网纹或照片	(b) 狭缝长度(或缺口直径)	tex/books/物理（第二册）.tex:3185	211	218	4365	0.382	0.618	pending
books/assets/physics-2/fig-p0084-01.png	物理（第二册）	physics-2	84	T	high	对照 raw 第84页，已改 TikZ	图 2.24 平面波的新	tex/books/物理（第二册）.tex:3219	118	201	1134	0.894	0.106	replaced
books/assets/physics-2/fig-p0084-02.png	物理（第二册）	physics-2	84	V	high	对照 raw 第84页，已改 TikZ	图 2.25 球面波的新	tex/books/物理（第二册）.tex:3229	196	192	2255	0.849	0.151	replaced
books/assets/physics-2/fig-p0084-03.png	物理（第二册）	physics-2	84	T	high	对照 raw 第84页，已改 TikZ	(a) 缝宽 d 大于波长 \lambda	tex/books/物理（第二册）.tex:3239	193	122	1060	0.887	0.113	replaced
books/assets/physics-2/fig-p0084-04.png	物理（第二册）	physics-2	84	T	high	对照 raw 波形图，已改 TikZ	(b) 缝宽 d 小于波长 \lambda	tex/books/物理（第二册）.tex:3249	165	125	996	0.905	0.095	replaced
books/assets/physics-2/fig-p0084-05.png	物理（第二册）	physics-2	84	T	high	对照 raw 波形简图，已改 TikZ	(第2题)	tex/books/物理（第二册）.tex:3275	194	167	382	0.977	0.023	replaced
books/assets/physics-2/fig-p0085-01.png	物理（第二册）	physics-2	85	T	high	对照 raw 波形简图，已改 TikZ	(第3题)	tex/books/物理（第二册）.tex:3294	153	152	923	0.950	0.050	replaced
books/assets/physics-2/fig-p0085-02.png	物理（第二册）	physics-2	85	T	high	对照 raw 波形简图，已改 TikZ	(第3题)	tex/books/物理（第二册）.tex:3324	152	151	938	0.950	0.050	replaced
books/assets/physics-2/fig-p0090-01.png	物理（第二册）	physics-2	90	T	high	对照 raw/PNG，已改 TikZ	图3.1 薄钢片的振动	tex/books/物理（第二册）.tex:3508	142	247	1106	0.930	0.070	replaced
books/assets/physics-2/fig-p0090-02.png	物理（第二册）	physics-2	90	T	high	对照 raw/PNG，已改 TikZ	图3.2 音叉	tex/books/物理（第二册）.tex:3518	134	259	1019	0.923	0.077	replaced
books/assets/physics-2/fig-p0091-01.png	物理（第二册）	physics-2	91	T	high	对照 raw/PNG，已改 TikZ	图3.3 声振动不能在真空中传播	tex/books/物理（第二册）.tex:3537	168	277	2163	0.882	0.118	replaced
books/assets/physics-2/fig-p0092-01.png	物理（第二册）	physics-2	92	T	high	对照 raw 第92页，已改 TikZ	图3.4	tex/books/物理（第二册）.tex:3555	318	238	1493	0.965	0.035	replaced
books/assets/physics-2/fig-p0093-01.png	物理（第二册）	physics-2	93	T	high	对照 raw/PNG，已改 TikZ	图 3.5 音调与频率的关系	tex/books/物理（第二册）.tex:3572	251	265	2669	0.917	0.083	replaced
books/assets/physics-2/fig-p0094-01.png	物理（第二册）	physics-2	94	T	high	对照 raw 第94页，已改 TikZ	图3.9 声强与离开声源的距离的平方成反比	tex/books/物理（第二册）.tex:3599	239	249	2525	0.893	0.107	replaced
books/assets/physics-2/fig-p0095-01.png	物理（第二册）	physics-2	95	V	low	初分待对照 raw 改轨	图3.7 人耳的听觉范围	tex/books/物理（第二册）.tex:3635	380	242	5627	0.814	0.186	pending
books/assets/physics-2/fig-p0098-01.png	物理（第二册）	physics-2	98	T	high	对照 raw 第98页，已改 TikZ	图 3.8 小提琴所发出的声音的波形图	tex/books/物理（第二册）.tex:3699	328	143	1730	0.906	0.094	replaced
books/assets/physics-2/fig-p0098-02.png	物理（第二册）	physics-2	98	T	high	对照 raw 第98页，已改 TikZ	图 3.9 钢琴所发出的声音的波形图	tex/books/物理（第二册）.tex:3709	325	145	1652	0.906	0.094	replaced
books/assets/physics-2/fig-p0099-01.png	物理（第二册）	physics-2	99	T	high	对照 raw/PNG，已改 TikZ	(第5题)	tex/books/物理（第二册）.tex:3742	299	219	2120	0.923	0.077	replaced
books/assets/physics-2/fig-p0101-01.png	物理（第二册）	physics-2	101	T	high	对照 raw/PNG，已改 TikZ	图 3.10 有关共鸣的演示实验	tex/books/物理（第二册）.tex:3795	395	159	2640	0.876	0.124	replaced
books/assets/physics-2/fig-p0102-01.png	物理（第二册）	physics-2	102	T	high	对照 raw/PNG，已改 TikZ	(a)	tex/books/物理（第二册）.tex:3808	243	389	2371	0.931	0.069	replaced
books/assets/physics-2/fig-p0104-01.png	物理（第二册）	physics-2	104	T	high	对照 raw/PNG，已改 TikZ	图示（原PDF第104页）	tex/books/物理（第二册）.tex:3875	221	138	710	0.943	0.057	replaced
books/assets/physics-2/fig-p0104-02.png	物理（第二册）	physics-2	104	T	high	对照 raw 第104页，已改 TikZ	(a) 正常情况	tex/books/物理（第二册）.tex:3881	161	102	547	0.918	0.082	replaced
books/assets/physics-2/fig-p0104-03.png	物理（第二册）	physics-2	104	T	high	对照 raw/PNG，已改 TikZ	图示（原PDF第104页）	tex/books/物理（第二册）.tex:3891	219	147	691	0.940	0.060	replaced
books/assets/physics-2/fig-p0104-04.png	物理（第二册）	physics-2	104	T	high	对照 raw 第104页，已改 TikZ	(b) 探刮到缺陷时的情况	tex/books/物理（第二册）.tex:3897	162	101	553	0.925	0.075	replaced
books/assets/physics-2/fig-p0108-01.png	物理（第二册）	physics-2	108	T	high	对照 raw 第108页，已改 TikZ	(第2题)	tex/books/物理（第二册）.tex:4021	348	175	1306	0.964	0.036	replaced
books/assets/physics-2/fig-p0109-01.png	物理（第二册）	physics-2	109	T	high	对照 raw 第109页，已改 TikZ	图示（原PDF第109页）	tex/books/物理（第二册）.tex:4046	336	194	1285	0.968	0.032	replaced
books/assets/physics-2/fig-p0109-02.png	物理（第二册）	physics-2	109	T	high	对照 raw 第109页，已改 TikZ	(第3题)	tex/books/物理（第二册）.tex:4052	333	177	1231	0.962	0.038	replaced
books/assets/physics-2/fig-p0109-03.png	物理（第二册）	physics-2	109	T	high	对照 raw 第109页，已改 TikZ	(第5题)	tex/books/物理（第二册）.tex:4071	336	196	1459	0.960	0.040	replaced
books/assets/physics-2/fig-p0111-01.png	物理（第二册）	physics-2	111	T	high	对照 raw 第111页，已改 TikZ	(第3题)	tex/books/物理（第二册）.tex:4153	363	314	2658	0.962	0.038	replaced
books/assets/physics-2/fig-p0114-01.png	物理（第二册）	physics-2	114	P	medium	疑似网纹或照片	图4.1 水银温度计	tex/books/物理（第二册）.tex:4213	43	478	1183	0.805	0.195	pending
books/assets/physics-2/fig-p0115-01.png	物理（第二册）	physics-2	115	T	high	对照 raw/PNG，已改 TikZ	(a)	tex/books/物理（第二册）.tex:4226	225	389	2600	0.874	0.126	replaced
books/assets/physics-2/fig-p0115-02.png	物理（第二册）	physics-2	115	T	high	对照 raw/PNG，已改 TikZ	(b)	tex/books/物理（第二册）.tex:4236	259	438	2562	0.885	0.115	replaced
books/assets/physics-2/fig-p0115-03.png	物理（第二册）	physics-2	115	T	high	对照 raw/PNG，已改 TikZ	图 4.3 医用体温表	tex/books/物理（第二册）.tex:4258	122	407	1376	0.915	0.085	replaced
books/assets/physics-2/fig-p0116-01.png	物理（第二册）	physics-2	116	T	high	对照 raw/PNG，已改 TikZ	图 4.4 电阻温度计的装置示意图	tex/books/物理（第二册）.tex:4270	336	213	1306	0.946	0.054	replaced
books/assets/physics-2/fig-p0117-01.png	物理（第二册）	physics-2	117	T	high	对照 raw/PNG，已改 TikZ	图示（原PDF第117页）	tex/books/物理（第二册）.tex:4295	326	274	2087	0.937	0.063	replaced
books/assets/physics-2/fig-p0117-02.png	物理（第二册）	physics-2	117	V	low	初分待对照 raw 改轨	(c)	tex/books/物理（第二册）.tex:4301	115	127	1252	0.820	0.180	pending
books/assets/physics-2/fig-p0117-03.png	物理（第二册）	physics-2	117	P	medium	疑似网纹或照片	(c)	tex/books/物理（第二册）.tex:4311	116	124	1309	0.823	0.177	pending
books/assets/physics-2/fig-p0117-04.png	物理（第二册）	physics-2	117	P	medium	疑似网纹或照片	(d)	tex/books/物理（第二册）.tex:4321	117	123	1353	0.802	0.198	pending
books/assets/physics-2/fig-p0118-01.png	物理（第二册）	physics-2	118	T	high	对照 raw 第118页，已改 TikZ	(第4题)	tex/books/物理（第二册）.tex:4354	138	442	1834	0.893	0.107	replaced
books/assets/physics-2/fig-p0121-01.png	物理（第二册）	physics-2	121	T	high	对照 raw/PNG，已改 TikZ	(a)	tex/books/物理（第二册）.tex:4468	171	290	2028	0.911	0.089	replaced
books/assets/physics-2/fig-p0121-02.png	物理（第二册）	physics-2	121	V	low	初分待对照 raw 改轨	(b)	tex/books/物理（第二册）.tex:4478	159	290	1995	0.840	0.160	pending
books/assets/physics-2/fig-p0128-01.png	物理（第二册）	physics-2	128	P	medium	疑似网纹或照片	图 4.7 量热器的结构简图	tex/books/物理（第二册）.tex:4796	206	304	3015	0.857	0.143	pending
books/assets/physics-2/fig-p0129-01.png	物理（第二册）	physics-2	129	T	high	对照 raw/PNG，已改 TikZ	图4.8 测定物质的比热的实验的仪器设备	tex/books/物理（第二册）.tex:4844	254	235	2451	0.909	0.091	replaced
books/assets/physics-2/fig-p0133-01.png	物理（第二册）	physics-2	133	T	high	对照 raw/PNG，已改 TikZ	(第11题)	tex/books/物理（第二册）.tex:5024	272	429	3638	0.883	0.117	replaced
books/assets/physics-2/fig-p0134-01.png	物理（第二册）	physics-2	134	T	low	初分待对照 raw 改轨；正文已取消该 PNG 引用	图4.9 观察铁棒的热胀冷缩现象的装置	tex/books/物理（第二册）.tex:5045	274	110	1024	0.908	0.092	replaced
books/assets/physics-2/fig-p0136-01.png	物理（第二册）	physics-2	136	T	low	初分待对照 raw 改轨；正文已取消该 PNG 引用	图示（原PDF第136页）	tex/books/物理（第二册）.tex:5095	277	234	1779	0.908	0.092	replaced
books/assets/physics-2/fig-p0136-02.png	物理（第二册）	physics-2	136	T	high	对照 raw 第136页，已改 TikZ	图4.10	tex/books/物理（第二册）.tex:5101	305	231	2310	0.875	0.125	replaced
books/assets/physics-2/fig-p0136-03.png	物理（第二册）	physics-2	136	V	low	初分待对照 raw 改轨	图4.11 金属温度计的内部结构简图	tex/books/物理（第二册）.tex:5113	215	188	2557	0.847	0.153	pending
books/assets/physics-2/fig-p0139-01.png	物理（第二册）	physics-2	139	T	low	初分待对照 raw 改轨；正文已取消该 PNG 引用	图示（原PDF第139页）	tex/books/物理（第二册）.tex:5236	86	99	464	0.907	0.093	replaced
books/assets/physics-2/fig-p0139-02.png	物理（第二册）	physics-2	139	T	high	对照 raw 第139页，已改 TikZ	图4.12 关于体胀系数的推导	tex/books/物理（第二册）.tex:5242	110	107	678	0.874	0.126	replaced
books/assets/physics-2/fig-p0140-01.png	物理（第二册）	physics-2	140	T	high	对照 raw 第140页，已改 TikZ	(2)	tex/books/物理（第二册）.tex:5329	176	91	751	0.897	0.103	replaced
books/assets/physics-2/fig-p0140-02.png	物理（第二册）	physics-2	140	T	high	对照 raw 第140页，已改 TikZ	(5)	tex/books/物理（第二册）.tex:5339	173	86	853	0.888	0.112	replaced
books/assets/physics-2/fig-p0142-01.png	物理（第二册）	physics-2	142	P	medium	疑似网纹或照片	图 4.14 把钢筋桥架的一端架在桌子上	tex/books/物理（第二册）.tex:5384	522	351	9830	0.813	0.187	pending
books/assets/physics-2/fig-p0144-01.png	物理（第二册）	physics-2	144	T	low	初分待对照 raw 改轨；正文已取消该 PNG 引用	图4.15 测定液体体胀系数的仪器	tex/books/物理（第二册）.tex:5471	92	246	1086	0.871	0.129	replaced
books/assets/physics-2/fig-p0145-01.png	物理（第二册）	physics-2	145	T	medium	高留白线稿；正文已取消该 PNG 引用	图 4.16 冬天湖底水温的分布	tex/books/物理（第二册）.tex:5520	377	189	2764	0.925	0.075	replaced
books/assets/physics-2/fig-p0146-01.png	物理（第二册）	physics-2	146	T	high	对照 raw 第146页，已改 TikZ	图 4.17 水的密度随温度变化的图象	tex/books/物理（第二册）.tex:5537	360	255	3030	0.906	0.094	replaced
books/assets/physics-2/fig-p0149-01.png	物理（第二册）	physics-2	149	V	low	初分待对照 raw 改轨	图 4.18 大功率晶体管的散热器	tex/books/物理（第二册）.tex:5611	435	341	4943	0.693	0.307	pending
books/assets/physics-2/fig-p0150-01.png	物理（第二册）	physics-2	150	T	medium	高留白线稿；正文已取消该 PNG 引用	(a)	tex/books/物理（第二册）.tex:5629	318	292	2401	0.952	0.048	replaced
books/assets/physics-2/fig-p0150-02.png	物理（第二册）	physics-2	150	T	medium	高留白线稿；正文已取消该 PNG 引用	(b)	tex/books/物理（第二册）.tex:5639	295	329	2470	0.950	0.050	replaced
books/assets/physics-2/fig-p0151-01.png	物理（第二册）	physics-2	151	T	medium	高留白线稿；正文已取消该 PNG 引用	图 4.20 滴水水的对流的装置	tex/books/物理（第二册）.tex:5657	253	491	2704	0.928	0.072	replaced
books/assets/physics-2/fig-p0152-01.png	物理（第二册）	physics-2	152	T	high	对照 raw 第152页，已改 TikZ	图4.21(a) 铁架台夹持圆底烧瓶，瓶下酒精灯加热；图内无字母，正文图题改为 (a)	tex/books/物理（第二册）.tex:5671	237	429	2312	0.936	0.064	replaced
books/assets/physics-2/fig-p0152-02.png	物理（第二册）	physics-2	152	T	high	对照 raw 第152页，已改 TikZ	(1)	tex/books/物理（第二册）.tex:5681	316	278	3574	0.879	0.121	replaced
books/assets/physics-2/fig-p0152-03.png	物理（第二册）	physics-2	152	T	high	对照 raw 第152页，已改 TikZ	图4.22 拖拉机冷却系统：水套（1）四缸凹口，上接管（4）入散热器（2），风扇（3）在前，下接管（5）通底部水泵	tex/books/物理（第二册）.tex:5695	458	332	6510	0.867	0.133	replaced
books/assets/physics-2/fig-p0154-01.png	物理（第二册）	physics-2	154	P	medium	疑似网纹或照片	图 4.23 大容量的变压器的散热问题	tex/books/物理（第二册）.tex:5727	193	210	1836	0.773	0.227	pending
books/assets/physics-2/fig-p0162-01.png	物理（第二册）	physics-2	162	T	high	对照 raw 第162页，已改 TikZ	图5.1	tex/books/物理（第二册）.tex:6011	396	332	2770	0.893	0.107	replaced
books/assets/physics-2/fig-p0163-01.png	物理（第二册）	physics-2	163	P	high	对照 raw 第163页，已改 TikZ	(a)	tex/books/物理（第二册）.tex:6034	157	159	1489	0.734	0.266	replaced
books/assets/physics-2/fig-p0163-02.png	物理（第二册）	physics-2	163	P	high	对照 raw 第163页，已改 TikZ	(b)	tex/books/物理（第二册）.tex:6044	154	160	1385	0.721	0.279	replaced
books/assets/physics-2/fig-p0164-01.png	物理（第二册）	physics-2	164	T	high	对照 raw 第164页，已改 TikZ	(b)	tex/books/物理（第二册）.tex:6074	156	221	746	0.904	0.096	replaced
books/assets/physics-2/fig-p0165-01.png	物理（第二册）	physics-2	165	T	high	对照 raw 第165页，已改 TikZ	图5.4	tex/books/物理（第二册）.tex:6145	275	212	1615	0.953	0.047	replaced
books/assets/physics-2/fig-p0166-01.png	物理（第二册）	physics-2	166	T	high	对照 raw 第166页，已改 TikZ	图5.5 等温线	tex/books/物理（第二册）.tex:6179	211	158	812	0.959	0.041	replaced
books/assets/physics-2/fig-p0166-02.png	物理（第二册）	physics-2	166	T	high	对照 raw 第166页，已改 TikZ	图5.6	tex/books/物理（第二册）.tex:6189	175	122	681	0.936	0.064	replaced
books/assets/physics-2/fig-p0168-01.png	物理（第二册）	physics-2	168	T	high	对照 raw 第168页，已改 TikZ	图5.7	tex/books/物理（第二册）.tex:6281	191	193	1198	0.924	0.076	replaced
books/assets/physics-2/fig-p0169-01.png	物理（第二册）	physics-2	169	T	high	对照 raw 第169页，已改 TikZ	图 5.8 按表 5.2 作出的 g-V 图	tex/books/物理（第二册）.tex:6379	333	192	1837	0.948	0.052	replaced
books/assets/physics-2/fig-p0169-02.png	物理（第二册）	physics-2	169	V	low	初分待对照 raw 改轨	图示（原PDF第169页）	tex/books/物理（第二册）.tex:6389	81	76	401	0.800	0.200	pending
books/assets/physics-2/fig-p0170-01.png	物理（第二册）	physics-2	170	T	high	对照 raw 第170页，已改 TikZ	(2)	tex/books/物理（第二册）.tex:6409	162	137	959	0.877	0.123	replaced
books/assets/physics-2/fig-p0170-02.png	物理（第二册）	physics-2	170	V	high	对照 raw 第170页，已改 TikZ	(4)  左闭右开 U 管，两端水银面相平（p=p0）。	tex/books/物理（第二册）.tex:6419	67	112	305	0.767	0.233	replaced
books/assets/physics-2/fig-p0170-03.png	物理（第二册）	physics-2	170	P	high	对照 raw 第170页，已改 TikZ	(5)  左闭右开 U 管，开口端水银面较高，液面差 4 厘米（p=p0+4）。	tex/books/物理（第二册）.tex:6429	66	117	410	0.705	0.295	replaced
books/assets/physics-2/fig-p0170-04.png	物理（第二册）	physics-2	170	V	high	对照 raw 第170页，已改 TikZ	(6)  左闭右开 U 管，闭口端水银面较高，液面差 4 厘米（p=p0−4）。	tex/books/物理（第二册）.tex:6439	67	122	482	0.766	0.234	replaced
books/assets/physics-2/fig-p0170-05.png	物理（第二册）	physics-2	170	V	high	对照 raw 第170页，已改 TikZ	(7)  倒 U 管：左臂下端封闭、右臂下端开口，两水银面差 6 厘米（p=p0−6）。	tex/books/物理（第二册）.tex:6449	52	115	463	0.727	0.273	replaced
books/assets/physics-2/fig-p0170-06.png	物理（第二册）	physics-2	170	V	high	对照 raw 第170页，已改 TikZ	(8)  闭口细管倒插水银槽，管内水银面高出槽面 8 厘米（p=p0−8）。	tex/books/物理（第二册）.tex:6459	71	112	482	0.782	0.218	replaced
books/assets/physics-2/fig-p0170-07.png	物理（第二册）	physics-2	170	T	high	对照 raw 第170页，已改 TikZ	(3)	tex/books/物理（第二册）.tex:6469	142	74	672	0.880	0.120	replaced
books/assets/physics-2/fig-p0170-08.png	物理（第二册）	physics-2	170	V	high	对照 raw 第170页，已改 TikZ	(11) 烧瓶经细管接 U 形压强计，开口端水银面较低，液面差 6 厘米；瓶作轮廓不画网点（p=p0−6）。把原资产拆出的右臂片段并入本图。	tex/books/物理（第二册）.tex:6479	78	113	553	0.803	0.197	replaced
books/assets/physics-2/fig-p0170-09.png	物理（第二册）	physics-2	170	V	low	初分待对照 raw 改轨	图示（原PDF第170页）	tex/books/物理（第二册）.tex:6489	55	89	352	0.783	0.217	pending
books/assets/physics-2/fig-p0170-10.png	物理（第二册）	physics-2	170	V	high	对照 raw 第170页，已改 TikZ	(10) 烧瓶经弯管插入水银槽，管内水银面高出槽面 6 厘米；瓶作轮廓不画网点（p=p0+6）。	tex/books/物理（第二册）.tex:6495	123	89	699	0.815	0.185	replaced
books/assets/physics-2/fig-p0170-11.png	物理（第二册）	physics-2	170	V	high	对照 raw 第170页，已改 TikZ	(9)  闭口细管立于深 2 厘米水银浅槽，管口在槽底、管内无水银柱（p=p0+2）。	tex/books/物理（第二册）.tex:6505	88	113	408	0.842	0.158	replaced
books/assets/physics-2/fig-p0170-12.png	物理（第二册）	physics-2	170	V	high	对照 raw 第170页，已改 TikZ	(第4题)	tex/books/物理（第二册）.tex:6542	141	271	858	0.689	0.311	replaced
books/assets/physics-2/fig-p0170-13.png	物理（第二册）	physics-2	170	V	high	对照 raw 第170页，已改 TikZ	第6题双U管：(a) 左开右闭、两端水银面相平；(b) 添汞后开口端较高，液面差标 h厘米。正文图题仍是 (a)	tex/books/物理（第二册）.tex:6552	155	162	1023	0.757	0.243	replaced
books/assets/physics-2/fig-p0171-01.png	物理（第二册）	physics-2	171	T	high	对照 raw 第171页，已改 TikZ	(第8题)	tex/books/物理（第二册）.tex:6579	112	320	1307	0.868	0.132	replaced
books/assets/physics-2/fig-p0173-01.png	物理（第二册）	physics-2	173	T	high	对照 raw 第173页，已改 TikZ	图示（原PDF第173页）	tex/books/物理（第二册）.tex:6627	405	241	2680	0.928	0.072	replaced
books/assets/physics-2/fig-p0173-02.png	物理（第二册）	physics-2	173	T	high	对照 raw 第173页，已改 TikZ	图5.9	tex/books/物理（第二册）.tex:6633	403	245	2081	0.951	0.049	replaced
books/assets/physics-2/fig-p0174-01.png	物理（第二册）	physics-2	174	T	high	对照 raw 第174页，已改 TikZ	图5.10	tex/books/物理（第二册）.tex:6650	279	224	1343	0.965	0.035	replaced
books/assets/physics-2/fig-p0174-02.png	物理（第二册）	physics-2	174	T	high	对照 raw 第174页，已改 TikZ	图5.11	tex/books/物理（第二册）.tex:6660	198	163	630	0.958	0.042	replaced
books/assets/physics-2/fig-p0177-01.png	物理（第二册）	physics-2	177	T	high	对照 raw 第177页，已改 TikZ	图 5.12 绝对零度, 气体的零体积点	tex/books/物理（第二册）.tex:6753	337	162	835	0.974	0.026	replaced
books/assets/physics-2/fig-p0180-01.png	物理（第二册）	physics-2	180	T	high	对照 raw 第180页，已改 TikZ	(a)	tex/books/物理（第二册）.tex:6855	277	300	3018	0.878	0.122	replaced
books/assets/physics-2/fig-p0180-02.png	物理（第二册）	physics-2	180	T	high	对照 raw 第180页，已改 TikZ	(b)	tex/books/物理（第二册）.tex:6865	239	258	2552	0.863	0.137	replaced
books/assets/physics-2/fig-p0181-01.png	物理（第二册）	physics-2	181	T	high	对照 raw 第181页，已改 TikZ	图5.14	tex/books/物理（第二册）.tex:6879	182	225	1275	0.947	0.053	replaced
books/assets/physics-2/fig-p0181-02.png	物理（第二册）	physics-2	181	T	high	对照 raw 第181页，已改 TikZ	图5.15	tex/books/物理（第二册）.tex:6889	193	187	902	0.952	0.048	replaced
books/assets/physics-2/fig-p0183-01.png	物理（第二册）	physics-2	183	T	high	对照 raw 第183页，已改 TikZ	图5.16(a) 带活塞汽缸，活塞在中部，气体疏点，无电炉	tex/books/物理（第二册）.tex:6983	79	118	434	0.910	0.090	replaced
books/assets/physics-2/fig-p0183-02.png	物理（第二册）	physics-2	183	T	high	对照 raw 第183页，已改 TikZ	图5.16(b) 同一汽缸活塞固定（等容），底部电炉	tex/books/物理（第二册）.tex:6993	85	129	531	0.901	0.099	replaced
books/assets/physics-2/fig-p0183-03.png	物理（第二册）	physics-2	183	V	low	初分待对照 raw 改轨	(c)	tex/books/物理（第二册）.tex:7003	84	126	766	0.842	0.158	pending
books/assets/physics-2/fig-p0183-04.png	物理（第二册）	physics-2	183	T	high	对照 raw 第183页，已改 TikZ	图5.17	tex/books/物理（第二册）.tex:7017	204	240	1224	0.954	0.046	replaced
books/assets/physics-2/fig-p0186-01.png	物理（第二册）	physics-2	186	T	high	对照 raw 第186页，已改 TikZ	图5.18(a) 初态：气柱最短，活塞上有宽黑块，无电炉	tex/books/物理（第二册）.tex:7133	67	122	350	0.864	0.136	replaced
books/assets/physics-2/fig-p0186-02.png	物理（第二册）	physics-2	186	T	high	对照 raw 第186页，已改 TikZ	图5.18(b) 等压膨胀：气柱最高，活塞上小黑块，底部电炉	tex/books/物理（第二册）.tex:7143	88	135	682	0.875	0.125	replaced
books/assets/physics-2/fig-p0186-03.png	物理（第二册）	physics-2	186	T	high	对照 raw 第186页，已改 TikZ	图5.18(c) 等温后气柱中等，活塞上阶梯黑块，底部电炉	tex/books/物理（第二册）.tex:7153	84	135	634	0.850	0.150	replaced
books/assets/physics-2/fig-p0186-04.png	物理（第二册）	physics-2	186	T	high	对照 raw 第186页，已改 TikZ	图5.19	tex/books/物理（第二册）.tex:7167	258	221	1351	0.958	0.042	replaced
books/assets/physics-2/fig-p0194-01.png	物理（第二册）	physics-2	194	T	high	对照 raw 第194页，已改 TikZ	图5.20	tex/books/物理（第二册）.tex:7549	355	249	2682	0.937	0.063	replaced
books/assets/physics-2/fig-p0195-01.png	物理（第二册）	physics-2	195	V	low	初分待对照 raw 改轨	(第6题)	tex/books/物理（第二册）.tex:7590	107	164	600	0.847	0.153	pending
books/assets/physics-2/fig-p0196-01.png	物理（第二册）	physics-2	196	T	high	对照 raw 第196页，已改 TikZ	习题5.5第10题复座装置：上室空气、下室油，隔板左缺口，右活塞杆外伸，箭头向左	tex/books/物理（第二册）.tex:7617	287	168	1968	0.901	0.099	replaced
books/assets/physics-2/fig-p0200-01.png	物理（第二册）	physics-2	200	T	high	对照 raw 第200页，已改 TikZ	(第7题)	tex/books/物理（第二册）.tex:7808	162	101	641	0.925	0.075	replaced
books/assets/physics-2/fig-p0200-02.png	物理（第二册）	physics-2	200	T	high	对照 raw 第200页，已改 TikZ	(第8题)	tex/books/物理（第二册）.tex:7818	163	103	689	0.930	0.070	replaced
books/assets/physics-2/fig-p0203-01.png	物理（第二册）	physics-2	203	T	high	对照 raw 第203页，已改 TikZ	(a)	tex/books/物理（第二册）.tex:7992	121	126	463	0.951	0.049	replaced
books/assets/physics-2/fig-p0203-02.png	物理（第二册）	physics-2	203	T	high	对照 raw 第203页，已改 TikZ	(b)	tex/books/物理（第二册）.tex:8002	118	125	399	0.957	0.043	replaced
books/assets/physics-2/fig-p0203-03.png	物理（第二册）	physics-2	203	T	high	对照 raw 第203页，已改 TikZ	(c)	tex/books/物理（第二册）.tex:8012	113	125	422	0.953	0.047	replaced
books/assets/physics-2/fig-p0203-04.png	物理（第二册）	physics-2	203	T	high	对照 raw 第203页，已改 TikZ	复习题五第8题：容器1与较高容器2细管相连，管中有旋塞	tex/books/物理（第二册）.tex:8022	159	118	669	0.900	0.100	replaced
books/assets/physics-2/fig-p0208-01.png	物理（第二册）	physics-2	208	T	high	对照 raw 第208页，已改 TikZ	图6.1 (a)(b) 细管：下层水/上层酒精与混合后液面降低	tex/books/物理（第二册）.tex:8209	85	278	1423	0.865	0.135	replaced
books/assets/physics-2/fig-p0210-01.png	物理（第二册）	physics-2	210	P	medium	疑似网纹或照片	图 6.2 两块铅圆柱体重新结合在一起	tex/books/物理（第二册）.tex:8240	205	451	2464	0.894	0.106	pending
books/assets/physics-2/fig-p0210-02.png	物理（第二册）	physics-2	210	T	high	对照 raw 第210页，已改 TikZ	图6.3 手持弹簧秤吊玻璃片贴水面，标水与玻璃	tex/books/物理（第二册）.tex:8250	194	315	1595	0.945	0.055	replaced
books/assets/physics-2/fig-p0211-01.png	物理（第二册）	physics-2	211	T	high	对照 raw 第211页，已改 TikZ	图6.4 分子力与分子距离的关系	tex/books/物理（第二册）.tex:8267	309	270	1246	0.965	0.035	replaced
books/assets/physics-2/fig-p0213-01.png	物理（第二册）	physics-2	213	T	high	对照 raw 第213页，已改 TikZ	图6.5 (a) 显微镜物镜–盖玻–悬浊液；(b) 放大视场颗粒	tex/books/物理（第二册）.tex:8312	327	207	2616	0.921	0.079	replaced
books/assets/physics-2/fig-p0214-01.png	物理（第二册）	physics-2	214	T	high	对照 raw 第214页，已改 TikZ	图6.6 布朗运动示意图	tex/books/物理（第二册）.tex:8332	309	294	1738	0.971	0.029	replaced
books/assets/physics-2/fig-p0215-01.png	物理（第二册）	physics-2	215	T	high	对照 raw 第215页，已改 TikZ	图6.7 伽耳顿板：漏斗、钉阵、狭槽与中间多两侧少的钢珠	tex/books/物理（第二册）.tex:8371	220	282	2335	0.854	0.146	replaced
books/assets/physics-2/fig-p0216-01.png	物理（第二册）	physics-2	216	T	high	对照 raw 第216页，已改 TikZ	图6.8 在一定温度下，理想气体的分子速率分布曲线	tex/books/物理（第二册）.tex:8385	252	191	1097	0.965	0.035	replaced
books/assets/physics-2/fig-p0217-01.png	物理（第二册）	physics-2	217	T	high	对照 raw 第217页，已改 TikZ	图6.9 不同温度下的分子速率分布曲线	tex/books/物理（第二册）.tex:8407	210	216	1058	0.962	0.038	replaced
books/assets/physics-2/fig-p0218-01.png	物理（第二册）	physics-2	218	T	high	对照 raw 第218页，已改 TikZ	图6.10 边长为 l 的立方体密闭容器	tex/books/物理（第二册）.tex:8443	110	115	660	0.930	0.070	replaced
books/assets/physics-2/fig-p0218-02.png	物理（第二册）	physics-2	218	T	high	对照 raw 第218页，已改 TikZ	图6.11 跟容器壁 A, B 发生碰撞的分子	tex/books/物理（第二册）.tex:8453	152	148	804	0.949	0.051	replaced
books/assets/physics-2/fig-p0226-01.png	物理（第二册）	physics-2	226	T	high	对照 raw 第226页，已改 TikZ	(1)	tex/books/物理（第二册）.tex:8784	56	134	374	0.873	0.127	replaced
books/assets/physics-2/fig-p0226-02.png	物理（第二册）	physics-2	226	T	high	对照 raw 第226页，已改 TikZ	(2)	tex/books/物理（第二册）.tex:8794	150	131	932	0.876	0.124	replaced
books/assets/physics-2/fig-p0226-03.png	物理（第二册）	physics-2	226	V	high	对照 raw 第226页，已改 TikZ	(3)	tex/books/物理（第二册）.tex:8804	98	130	443	0.838	0.162	replaced
books/assets/physics-2/fig-p0226-04.png	物理（第二册）	physics-2	226	T	high	对照 raw 第226页，已改 TikZ	(5)	tex/books/物理（第二册）.tex:8814	133	130	663	0.880	0.120	replaced
books/assets/physics-2/fig-p0227-01.png	物理（第二册）	physics-2	227	T	high	对照 raw 第227页，已改 TikZ	(a)	tex/books/物理（第二册）.tex:8874	156	174	545	0.954	0.046	replaced
books/assets/physics-2/fig-p0227-02.png	物理（第二册）	physics-2	227	T	high	对照 raw 第227页，已改 TikZ	(b)	tex/books/物理（第二册）.tex:8884	166	169	723	0.958	0.042	replaced
books/assets/physics-2/fig-p0227-03.png	物理（第二册）	physics-2	227	T	high	对照 raw 第227页，已改 TikZ	(c)	tex/books/物理（第二册）.tex:8894	179	170	843	0.955	0.045	replaced
books/assets/physics-2/fig-p0228-01.png	物理（第二册）	physics-2	228	T	high	对照 raw 第228页，已改 TikZ	第3题：上容器1疏点气体、下容器2真空，细管旋塞	tex/books/物理（第二册）.tex:8929	109	166	652	0.948	0.052	replaced
books/assets/physics-2/fig-p0230-01.png	物理（第二册）	physics-2	230	T	high	对照 raw 第230页，已改 TikZ	(a)	tex/books/物理（第二册）.tex:8960	149	128	1066	0.895	0.105	replaced
books/assets/physics-2/fig-p0230-02.png	物理（第二册）	physics-2	230	T	high	对照 raw 第230页，已改 TikZ	(b)	tex/books/物理（第二册）.tex:8970	114	127	491	0.931	0.069	replaced
books/assets/physics-2/fig-p0230-03.png	物理（第二册）	physics-2	230	P	medium	疑似网纹或照片	图 7.2 悬浮在水和酒精的混合液中的橄榄油滴呈球状	tex/books/物理（第二册）.tex:8999	210	208	2570	0.821	0.179	pending
books/assets/physics-2/fig-p0231-01.png	物理（第二册）	physics-2	231	T	high	对照 raw 第231页，已改 TikZ	(a)	tex/books/物理（第二册）.tex:9019	120	159	968	0.911	0.089	replaced
books/assets/physics-2/fig-p0231-02.png	物理（第二册）	physics-2	231	T	high	对照 raw 第231页，已改 TikZ	(b)	tex/books/物理（第二册）.tex:9029	123	161	779	0.939	0.061	replaced
books/assets/physics-2/fig-p0232-01.png	物理（第二册）	physics-2	232	T	high	对照 raw 第232页，已改 TikZ	图7.4 液体的表面张力	tex/books/物理（第二册）.tex:9059	122	103	723	0.930	0.070	replaced
books/assets/physics-2/fig-p0232-02.png	物理（第二册）	physics-2	232	T	high	对照 raw 第232页，已改 TikZ	图7.5 金属丝长 l、下拉张力示意与测力计浸杯测定	tex/books/物理（第二册）.tex:9078	199	227	1749	0.907	0.093	replaced
books/assets/physics-2/fig-p0234-01.png	物理（第二册）	physics-2	234	P	high	对照 raw 第234页，已改 TikZ	图7.8	tex/books/物理（第二册）.tex:9128	175	181	1608	0.880	0.120	replaced
books/assets/physics-2/fig-p0234-02.png	物理（第二册）	physics-2	234	T	high	对照 raw 第234页，已改 TikZ	图7.7 液体表面层里的分子	tex/books/物理（第二册）.tex:9153	179	119	975	0.885	0.115	replaced
books/assets/physics-2/fig-p0235-01.png	物理（第二册）	physics-2	235	T	high	对照 raw 第235页，已改 TikZ	(第5题)	tex/books/物理（第二册）.tex:9186	323	182	1370	0.942	0.058	replaced
books/assets/physics-2/fig-p0237-01.png	物理（第二册）	physics-2	237	T	high	对照 raw 第237页，已改 TikZ	(a)	tex/books/物理（第二册）.tex:9223	141	167	1286	0.902	0.098	replaced
books/assets/physics-2/fig-p0237-02.png	物理（第二册）	physics-2	237	V	high	对照 raw 第237页，已改 TikZ	(b)	tex/books/物理（第二册）.tex:9233	142	163	1408	0.799	0.201	replaced
books/assets/physics-2/fig-p0238-01.png	物理（第二册）	physics-2	238	T	high	对照 raw 第238页，已改 TikZ	(π)	tex/books/物理（第二册）.tex:9263	112	147	788	0.912	0.088	replaced
books/assets/physics-2/fig-p0238-02.png	物理（第二册）	physics-2	238	V	high	对照 raw 第238页，已改 TikZ	(1)	tex/books/物理（第二册）.tex:9273	107	145	770	0.836	0.164	replaced
books/assets/physics-2/fig-p0238-03.png	物理（第二册）	physics-2	238	P	high	对照 raw 第238页，已改 TikZ	(a)	tex/books/物理（第二册）.tex:9287	207	177	1489	0.869	0.131	replaced
books/assets/physics-2/fig-p0238-04.png	物理（第二册）	physics-2	238	V	high	对照 raw 第238页，已改 TikZ	(b)	tex/books/物理（第二册）.tex:9297	221	177	1165	0.631	0.369	replaced
books/assets/physics-2/fig-p0238-05.png	物理（第二册）	physics-2	238	T	high	对照 raw 第238页，已改 TikZ	图 7.11 在毛细现象中浸润液体柱上升的最大高度的推导	tex/books/物理（第二册）.tex:9311	247	203	1556	0.905	0.095	replaced
books/assets/physics-2/fig-p0242-01.png	物理（第二册）	physics-2	242	P	medium	疑似网纹或照片	图 7.12 美丽的冰晶体	tex/books/物理（第二册）.tex:9448	267	279	5224	0.360	0.640	pending
books/assets/physics-2/fig-p0242-02.png	物理（第二册）	physics-2	242	T	high	对照 raw 第242页，已改 TikZ	图7.13 食盐晶体：立方体、八面体、截角立方	tex/books/物理（第二册）.tex:9460	379	133	1677	0.936	0.064	replaced
books/assets/physics-2/fig-p0243-01.png	物理（第二册）	physics-2	243	V	high	对照 raw 第243页，已改 TikZ	(a)	tex/books/物理（第二册）.tex:9475	204	121	1204	0.809	0.191	replaced
books/assets/physics-2/fig-p0243-02.png	物理（第二册）	physics-2	243	V	high	对照 raw 第243页，已改 TikZ	(b)	tex/books/物理（第二册）.tex:9485	209	115	1357	0.813	0.187	replaced
books/assets/physics-2/fig-p0244-01.png	物理（第二册）	physics-2	244	V	low	初分待对照 raw 改轨	(a)	tex/books/物理（第二册）.tex:9519	212	163	2341	0.845	0.155	pending
books/assets/physics-2/fig-p0244-02.png	物理（第二册）	physics-2	244	T	high	对照 raw 第244页，已改 TikZ	(2)	tex/books/物理（第二册）.tex:9529	232	206	2332	0.866	0.134	replaced
books/assets/physics-2/fig-p0245-01.png	物理（第二册）	physics-2	245	T	high	对照 raw 第245页，已改 TikZ	图 7.16 在各个方向上晶体粒子排列的密度不同	tex/books/物理（第二册）.tex:9547	234	156	1661	0.925	0.075	replaced
books/assets/physics-2/fig-p0245-02.png	物理（第二册）	physics-2	245	T	high	对照 raw 第245页，已改 TikZ	(a) 金刚石：四面体配位碳点阵示意，上下分层，结点为圆、键为实线	tex/books/物理（第二册）.tex:9557	238	265	1790	0.914	0.086	replaced
books/assets/physics-2/fig-p0245-03.png	物理（第二册）	physics-2	245	T	high	对照 raw 第245页，已改 TikZ	(b) 石墨：三层六角蜂窝点阵 a/b/c，层内实线键，层间竖虚线示对齐	tex/books/物理（第二册）.tex:9567	277	327	3459	0.886	0.114	replaced
books/assets/physics-2/fig-p0248-01.png	物理（第二册）	physics-2	248	T	high	对照 raw 第248页，已改 TikZ	图 7.18 晶体内部各粒子间相互作用的简单模型	tex/books/物理（第二册）.tex:9638	304	188	2896	0.876	0.124	replaced
books/assets/physics-2/fig-p0249-01.png	物理（第二册）	physics-2	249	T	high	对照 raw 第249页，已改 TikZ	(a)	tex/books/物理（第二册）.tex:9659	229	172	1955	0.895	0.105	replaced
books/assets/physics-2/fig-p0249-02.png	物理（第二册）	physics-2	249	P	high	对照 raw 第249页，已改 TikZ	(b)	tex/books/物理（第二册）.tex:9669	170	168	1767	0.837	0.163	replaced
books/assets/physics-2/fig-p0249-03.png	物理（第二册）	physics-2	249	T	high	对照 raw 第249页，已改 TikZ	(a) 切变	tex/books/物理（第二册）.tex:9686	184	127	1114	0.878	0.122	replaced
books/assets/physics-2/fig-p0249-04.png	物理（第二册）	physics-2	249	T	high	对照 raw 第249页，已改 TikZ	(b) 扭转变形	tex/books/物理（第二册）.tex:9696	149	169	1228	0.879	0.121	replaced
books/assets/physics-2/fig-p0250-01.png	物理（第二册）	physics-2	250	T	high	对照 raw 第250页，已改 TikZ	(a)	tex/books/物理（第二册）.tex:9717	177	114	570	0.927	0.073	replaced
books/assets/physics-2/fig-p0250-02.png	物理（第二册）	physics-2	250	T	high	对照 raw 第250页，已改 TikZ	(b)	tex/books/物理（第二册）.tex:9727	169	175	776	0.936	0.064	replaced
books/assets/physics-2/fig-p0250-03.png	物理（第二册）	physics-2	250	T	high	对照 raw 第250页，已改 TikZ	弯曲横梁纵断面：A1B1/D1C1、中立层 l'm'、截面 a'b' 等	tex/books/物理（第二册）.tex:9743	246	99	1030	0.924	0.076	replaced
books/assets/physics-2/fig-p0250-04.png	物理（第二册）	physics-2	250	T	high	对照 raw 第250页，已改 TikZ	图7.22 中立层	tex/books/物理（第二册）.tex:9749	224	79	687	0.895	0.105	replaced
books/assets/physics-2/fig-p0250-05.png	物理（第二册）	physics-2	250	T	high	对照 raw 第250页，已改 TikZ	图7.23 截面积为 A 和 B 的梁和棒，反抗弯曲的作用几乎相等	tex/books/物理（第二册）.tex:9761	184	214	2059	0.905	0.095	replaced
books/assets/physics-2/fig-p0251-01.png	物理（第二册）	physics-2	251	T	high	对照 raw 第251页，已改 TikZ	图7.24 拉伸试件	tex/books/物理（第二册）.tex:9781	275	71	599	0.936	0.064	replaced
books/assets/physics-2/fig-p0260-01.png	物理（第二册）	physics-2	260	T	high	对照 raw 第260页，已改 TikZ	图8.1 铁架台：酒精灯、石棉网、烧杯水浴、试管盛萘、温度计插入试管	tex/books/物理（第二册）.tex:10123	125	266	1505	0.867	0.133	replaced
books/assets/physics-2/fig-p0260-02.png	物理（第二册）	physics-2	260	T	high	对照 raw 第260页，已改 TikZ	(a)	tex/books/物理（第二册）.tex:10141	220	231	1210	0.954	0.046	replaced
books/assets/physics-2/fig-p0260-03.png	物理（第二册）	physics-2	260	T	high	对照 raw 第260页，已改 TikZ	(b)	tex/books/物理（第二册）.tex:10151	220	230	1246	0.950	0.050	replaced
books/assets/physics-2/fig-p0261-01.png	物理（第二册）	physics-2	261	T	high	对照 raw 第261页，已改 TikZ	(a)	tex/books/物理（第二册）.tex:10165	212	270	1296	0.958	0.042	replaced
books/assets/physics-2/fig-p0261-02.png	物理（第二册）	physics-2	261	T	high	对照 raw 第261页，已改 TikZ	(b)	tex/books/物理（第二册）.tex:10175	211	272	1257	0.956	0.044	replaced
books/assets/physics-2/fig-p0269-01.png	物理（第二册）	physics-2	269	T	high	对照 raw 第269页，已改 TikZ	(第6题)	tex/books/物理（第二册）.tex:10525	243	159	1793	0.885	0.115	replaced
books/assets/physics-2/fig-p0272-01.png	物理（第二册）	physics-2	272	T	high	对照 raw 第272页，已改 TikZ	图 8.4 密闭容器里的饱和汽和液体达到了动态平衡	tex/books/物理（第二册）.tex:10609	173	145	1176	0.866	0.134	replaced
books/assets/physics-2/fig-p0272-02.png	物理（第二册）	physics-2	272	T	high	对照 raw 第272页，已改 TikZ	图8.5 (a)(b)(c) 三只带漏斗与活门S的连通器：真空/未饱和乙醚汽/饱和汽，(a)标76厘米	tex/books/物理（第二册）.tex:10619	260	437	3338	0.881	0.119	replaced
books/assets/physics-2/fig-p0274-01.png	物理（第二册）	physics-2	274	T	high	对照 raw 第274页，已改 TikZ	图 8.6 在一定温度下，乙醚饱和汽的压强是跟体积无关的	tex/books/物理（第二册）.tex:10638	326	445	3024	0.915	0.085	replaced
books/assets/physics-2/fig-p0276-01.png	物理（第二册）	physics-2	276	T	high	对照 raw 第276页，已改 TikZ	图 8.7 水的饱和汽压跟温度的函数图象	tex/books/物理（第二册）.tex:10692	337	305	1855	0.959	0.041	replaced
books/assets/physics-2/fig-p0277-01.png	物理（第二册）	physics-2	277	P	high	对照 raw 第277页，已改 TikZ	图8.8 不同物质的饱和汽压	tex/books/物理（第二册）.tex:10706	172	419	2677	0.723	0.277	replaced
books/assets/physics-2/fig-p0278-01.png	物理（第二册）	physics-2	278	V	high	对照 raw 第278页，已改 TikZ	(第4题)	tex/books/物理（第二册）.tex:10760	88	119	586	0.831	0.169	replaced
books/assets/physics-2/fig-p0279-01.png	物理（第二册）	physics-2	279	T	high	对照 raw 第279页，已改 TikZ	(a)	tex/books/物理（第二册）.tex:10793	146	171	1280	0.857	0.143	replaced
books/assets/physics-2/fig-p0279-02.png	物理（第二册）	physics-2	279	T	high	对照 raw 第279页，已改 TikZ	(b)	tex/books/物理（第二册）.tex:10803	148	246	1707	0.902	0.098	replaced
books/assets/physics-2/fig-p0280-01.png	物理（第二册）	physics-2	280	V	low	初分待对照 raw 改轨	图 8.10 复沸腾现象	tex/books/物理（第二册）.tex:10852	200	292	2686	0.825	0.175	pending
books/assets/physics-2/fig-p0283-01.png	物理（第二册）	physics-2	283	T	high	对照 raw 第283页，已改 TikZ	图8.11 A蒸汽锅（酒精灯加热）—保温管—B汽室试管—保温管—C量热器（内有温度计）	tex/books/物理（第二册）.tex:10965	373	242	2977	0.901	0.099	replaced
books/assets/physics-2/fig-p0288-01.png	物理（第二册）	physics-2	288	T	high	对照 raw 第288页，已改 TikZ	图8.12 饱和水汽的 p - t 图	tex/books/物理（第二册）.tex:11206	271	213	1250	0.964	0.036	replaced
books/assets/physics-2/fig-p0290-01.png	物理（第二册）	physics-2	290	P	medium	疑似网纹或照片	图 8.13 乙醚的临界状态实验装置	tex/books/物理（第二册）.tex:11247	225	355	3310	0.758	0.242	pending
books/assets/physics-2/fig-p0290-02.png	物理（第二册）	physics-2	290	T	high	对照 raw 第290页，已改 TikZ	图8.14 (a)–(e) 密封玻璃管中乙醚：液面上升、界面模糊至消失（临界态）再复现（假 caption 已改为图8.14）	tex/books/物理（第二册）.tex:11259	311	252	4280	0.881	0.119	replaced
books/assets/physics-2/fig-p0290-03.png	物理（第二册）	physics-2	290	T	high	与 fig-p0290-02 五联图8.14 重复裁切，引用已删	图示（原PDF第290页）	tex/books/物理（第二册）.tex:11265	54	223	722	0.882	0.118	replaced
books/assets/physics-2/fig-p0290-04.png	物理（第二册）	physics-2	290	T	high	与 fig-p0290-02 五联图8.14 重复裁切，引用已删	图示（原PDF第290页）	tex/books/物理（第二册）.tex:11271	52	223	806	0.866	0.134	replaced
books/assets/physics-2/fig-p0290-05.png	物理（第二册）	physics-2	290	P	medium	疑似网纹或照片	图示（原PDF第290页）	tex/books/物理（第二册）.tex:11277	53	223	1165	0.833	0.167	pending
books/assets/physics-2/fig-p0290-06.png	物理（第二册）	physics-2	290	V	low	初分待对照 raw 改轨	图示（原PDF第290页）	tex/books/物理（第二册）.tex:11283	53	223	1037	0.794	0.206	pending
books/assets/physics-2/fig-p0290-07.png	物理（第二册）	physics-2	290	T	high	与 fig-p0290-02 五联图8.14 重复裁切，引用已删	图 8.14 乙醚的临界状态	tex/books/物理（第二册）.tex:11289	52	223	877	0.862	0.138	replaced
books/assets/physics-2/fig-p0292-01.png	物理（第二册）	physics-2	292	T	high	对照 PNG 图8.15，已改 TikZ 示意图	图 8.15 致冷机(电冰箱)的原理示意图	tex/books/物理（第二册）.tex:16274	226	363	8903	0.568	0.432	replaced
books/assets/physics-2/fig-p0293-01.png	物理（第二册）	physics-2	293	T	high	对照 PNG 图8.16，已改 TikZ 示意图	图 8.16 在空调装置中的热泵	tex/books/物理（第二册）.tex:16336	490	287	12915	0.740	0.260	replaced
books/assets/physics-2/fig-p0294-01.png	物理（第二册）	physics-2	294	T	high	对照 raw 第294页，已改 TikZ	图8.17 林德机：压缩机a、管b、冷却蛇管c、膨胀小孔d、回流管f、液态空气g	tex/books/物理（第二册）.tex:11376	260	335	1676	0.925	0.075	replaced
books/assets/physics-2/fig-p0295-01.png	物理（第二册）	physics-2	295	T	high	对照 raw 第295页，已改 TikZ	图8.18 降低液态空气的温度	tex/books/物理（第二册）.tex:11399	255	322	2145	0.928	0.072	replaced
books/assets/physics-2/fig-p0301-01.png	物理（第二册）	physics-2	301	T	high	对照 raw 第301页，已改 TikZ	图8.19 玻璃杯盖三孔：温度计、短出气管、长进气管接打气球；杯内乙醚，外壁露珠示意	tex/books/物理（第二册）.tex:11514	285	226	1992	0.932	0.068	replaced
books/assets/physics-2/fig-p0302-01.png	物理（第二册）	physics-2	302	T	high	对照 raw 第302页，已改 TikZ	图8.20 毛发湿度计：木架立柱与横梁（斜线影），顶光滑杆，毛发绕杆下挂重物与三角指针，旁竖直刻度尺	tex/books/物理（第二册）.tex:11569	222	319	3361	0.890	0.110	replaced
books/assets/physics-2/fig-p0308-01.png	物理（第二册）	physics-2	308	T	high	对照 raw 第308页，已改 TikZ	（第6题）三只 U 型管 A/B/C：A 两端开口液面齐；B、C 左臂封闭，上有点纹（空气/饱和汽），B 液面齐，C 左液面略低、右略高	tex/books/物理（第二册）.tex:11781	205	125	1251	0.873	0.127	replaced
books/assets/physics-2/fig-p0308-02.png	物理（第二册）	physics-2	308	V	low	初分待对照 raw 改轨	(第11题)	tex/books/物理（第二册）.tex:11832	94	175	778	0.845	0.155	pending
books/assets/physics-2/fig-p0309-01.png	物理（第二册）	physics-2	309	T	high	对照 raw 第309页，已改 TikZ	图9.1 厚壁玻璃筒：手压活塞杆下压，筒底浸乙醚棉花；桌面下有带刻度底条	tex/books/物理（第二册）.tex:11857	178	314	1501	0.892	0.108	replaced
books/assets/physics-2/fig-p0313-01.png	物理（第二册）	physics-2	313	V	low	初分待对照 raw 改轨	图9.2	tex/books/物理（第二册）.tex:11978	128	296	1257	0.829	0.171	pending
books/assets/physics-2/fig-p0318-01.png	物理（第二册）	physics-2	318	P	medium	疑似网纹或照片	图9.3	tex/books/物理（第二册）.tex:12093	109	140	824	0.833	0.167	pending
books/assets/physics-2/fig-p0322-01.png	物理（第二册）	physics-2	322	T	high	对照 raw 第322页，已改 TikZ	图9.4 幻想永动机：汽缸内弹簧顶活塞，连杆接曲柄销，右为带辐条飞轮，底座右段斜线影	tex/books/物理（第二册）.tex:12179	286	145	1897	0.896	0.104	replaced
books/assets/physics-2/fig-p0324-01.png	物理（第二册）	physics-2	324	T	high	对照 raw 第324页，已改 TikZ	图9.5 水平汽缸：下酒精灯加热，内点纹气体，顶插温度计标 ΔT，右活塞斜线影，虚线示膨胀 ΔV	tex/books/物理（第二册）.tex:12248	195	319	1669	0.933	0.067	replaced
books/assets/physics-2/fig-p0324-02.png	物理（第二册）	physics-2	324	T	high	对照 raw 第324页，已改 TikZ	图9.6 气缸截面 CDEF：气体斜线影，活塞 EF 中点 A，多箭 p 与合力 F，虚线 E1F1，上方花括号 s	tex/books/物理（第二册）.tex:12258	265	188	2650	0.886	0.114	replaced
books/assets/physics-2/fig-p0325-01.png	物理（第二册）	physics-2	325	T	high	对照 raw 第325页，已改 TikZ	图9.7 p - V 图上功的计算	tex/books/物理（第二册）.tex:12298	299	270	2042	0.943	0.057	replaced
books/assets/physics-2/fig-p0327-01.png	物理（第二册）	physics-2	327	T	high	对照 raw 第327页，已改 TikZ	图9.8 坚固容器：厚壁斜线影、三脚架、下酒精灯；盖上左杠杆重锤安全阀，右温度计标 ΔT，内点纹气体	tex/books/物理（第二册）.tex:12412	170	307	2258	0.885	0.115	replaced
books/assets/physics-2/fig-p0327-02.png	物理（第二册）	physics-2	327	T	high	对照 raw 第327页，已改 TikZ	图9.9 p-V上的等容线	tex/books/物理（第二册）.tex:12422	276	263	845	0.970	0.030	replaced
books/assets/physics-2/fig-p0330-01.png	物理（第二册）	physics-2	330	T	high	对照 raw 第330页，已改 TikZ	图9.10 大水槽恒温浴（横虚线），内气缸活塞上箭，下点纹气体；左管接抽气机，右插温度计	tex/books/物理（第二册）.tex:12501	181	246	1950	0.871	0.129	replaced
books/assets/physics-2/fig-p0330-02.png	物理（第二册）	physics-2	330	T	high	对照 raw 第330页，已改 TikZ	图9.11 p - V 图上的等温线	tex/books/物理（第二册）.tex:12511	244	260	2299	0.920	0.080	replaced
books/assets/physics-2/fig-p0331-01.png	物理（第二册）	physics-2	331	T	high	对照 raw 第331页，已改 TikZ	图9.12 p - V 图上的绝热线和等温线	tex/books/物理（第二册）.tex:12549	252	251	1269	0.949	0.051	replaced
books/assets/physics-2/fig-p0332-01.png	物理（第二册）	physics-2	332	T	high	对照 raw 第332页，已改 TikZ	图9.13 循环过程	tex/books/物理（第二册）.tex:12572	208	181	875	0.956	0.044	replaced
books/assets/physics-2/fig-p0333-01.png	物理（第二册）	physics-2	333	T	high	对照 raw 第333页，已改 TikZ	图9.14	tex/books/物理（第二册）.tex:12614	235	213	968	0.951	0.049	replaced
books/assets/physics-2/fig-p0335-01.png	物理（第二册）	physics-2	335	T	high	对照 raw 第335页，已改 TikZ	(第6题)	tex/books/物理（第二册）.tex:12736	291	201	1067	0.954	0.046	replaced
books/assets/physics-2/fig-p0337-01.png	物理（第二册）	physics-2	337	P	high	对照 raw 第337页，已改 TikZ	图9.15 热机的热流示意图	tex/books/物理（第二册）.tex:12789	168	254	2329	0.873	0.127	replaced
books/assets/physics-2/fig-p0339-01.png	物理（第二册）	physics-2	339	T	high	对照 raw 第339页，已改 TikZ	图9.16 热机总的热流示意图	tex/books/物理（第二册）.tex:12883	413	159	1727	0.930	0.070	replaced
books/assets/physics-2/fig-p0340-01.png	物理（第二册）	physics-2	340	V	low	初分待对照 raw 改轨	图9.17 火管式锅炉示意图	tex/books/物理（第二册）.tex:12905	540	253	6901	0.823	0.177	pending
books/assets/physics-2/fig-p0341-01.png	物理（第二册）	physics-2	341	P	medium	疑似网纹或照片	图 9.10 大型水管式锅炉设备示意图	tex/books/物理（第二册）.tex:12917	526	515	21277	0.335	0.665	pending
books/assets/physics-2/fig-p0343-01.png	物理（第二册）	physics-2	343	V	low	初分待对照 raw 改轨	图 9.19 单缸卧式蒸汽机的构造示意图	tex/books/物理（第二册）.tex:12942	505	249	6074	0.794	0.206	pending
books/assets/physics-2/fig-p0344-01.png	物理（第二册）	physics-2	344	V	low	初分待对照 raw 改轨	(a)	tex/books/物理（第二册）.tex:12954	222	285	2552	0.830	0.170	pending
books/assets/physics-2/fig-p0344-02.png	物理（第二册）	physics-2	344	V	low	初分待对照 raw 改轨	(3)	tex/books/物理（第二册）.tex:12964	226	287	2478	0.812	0.188	pending
books/assets/physics-2/fig-p0345-01.png	物理（第二册）	physics-2	345	T	high	对照 raw 第345页，已改 TikZ	图9.21 卧式汽缸（1）内活塞，活塞杆（2）连导板间十字头（3），连杆（4）接曲柄（5），右为飞轮（6）	tex/books/物理（第二册）.tex:12988	547	211	3824	0.913	0.087	replaced
books/assets/physics-2/fig-p0349-01.png	物理（第二册）	physics-2	349	T	high	对照 raw 第349页，已改 TikZ	图9.22 单级蒸汽轮机转子剖面：轴（1）穿叶轮盘（2），外沿弧形叶片（3），斜喷管（4）对叶片	tex/books/物理（第二册）.tex:13171	184	213	1780	0.870	0.130	replaced
books/assets/physics-2/fig-p0349-02.png	物理（第二册）	physics-2	349	P	medium	疑似网纹或照片	图 9.22 单级蒸汽轮机的转子	tex/books/物理（第二册）.tex:13177	186	224	2344	0.809	0.191	pending
books/assets/physics-2/fig-p0350-01.png	物理（第二册）	physics-2	350	V	low	初分待对照 raw 改轨	图 9.23 三级蒸汽轮机结构示意图	tex/books/物理（第二册）.tex:13193	421	163	3003	0.780	0.220	pending
books/assets/physics-2/fig-p0350-02.png	物理（第二册）	physics-2	350	V	low	初分待对照 raw 改轨	图 9.24 多级蒸汽轮机示意图	tex/books/物理（第二册）.tex:13205	271	238	4130	0.793	0.207	pending
books/assets/physics-2/fig-p0352-01.png	物理（第二册）	physics-2	352	T	high	对照 raw 第352页，已改 TikZ	图9.25 奥托内燃机四冲程：吸气（进气阀开，混气进入）、压缩（阀关，活塞上）、做功（火花塞点火，活塞下）、排气（排气阀开，废气出）	tex/books/物理（第二册）.tex:13266	499	322	7194	0.855	0.145	replaced
books/assets/physics-2/fig-p0354-01.png	物理（第二册）	physics-2	354	V	low	初分待对照 raw 改轨	图 9.20 单缸四冲程汽托内燃机剖面图	tex/books/物理（第二册）.tex:13293	430	571	13377	0.754	0.246	pending
books/assets/physics-2/fig-p0355-01.png	物理（第二册）	physics-2	355	T	high	对照 raw 第355页，已改 TikZ	图9.27 奥托内燃机循环过程的 p - V 图	tex/books/物理（第二册）.tex:13319	297	262	1235	0.955	0.045	replaced
books/assets/physics-2/fig-p0356-01.png	物理（第二册）	physics-2	356	P	medium	疑似网纹或照片	压缩比：10比1	tex/books/物理（第二册）.tex:13344	233	198	2411	0.764	0.236	pending
books/assets/physics-2/fig-p0356-02.png	物理（第二册）	physics-2	356	P	medium	疑似网纹或照片	图9.28 内燃机的压缩比与输出功率的关系	tex/books/物理（第二册）.tex:13354	234	170	2149	0.716	0.284	pending
books/assets/physics-2/fig-p0357-01.png	物理（第二册）	physics-2	357	V	low	初分待对照 raw 改轨	图 9.29 卧式单缸四冲程狄塞耳内燃机剖面图	tex/books/物理（第二册）.tex:13374	458	328	9038	0.804	0.196	pending
books/assets/physics-2/fig-p0357-02.png	物理（第二册）	physics-2	357	T	high	对照 raw 第357页，已改 TikZ	图9.30 狄塞耳内燃机四冲程：吸气（只进空气）、压缩（空气受压）、做功（喷油自燃）、排气（废气排出）；无火花塞	tex/books/物理（第二册）.tex:13390	494	323	7297	0.871	0.129	replaced
books/assets/physics-2/fig-p0358-01.png	物理（第二册）	physics-2	358	P	medium	疑似网纹或照片	图 9.31 喷油嘴头部构造示意图	tex/books/物理（第二册）.tex:13413	128	163	1038	0.877	0.123	pending
books/assets/physics-2/fig-p0359-01.png	物理（第二册）	physics-2	359	T	high	对照 raw 第359页，已改 TikZ	图9.32 狄塞耳内燃机循环过程的 p - V 图	tex/books/物理（第二册）.tex:13431	253	236	1292	0.944	0.056	replaced
books/assets/physics-2/fig-p0361-01.png	物理（第二册）	physics-2	361	P	medium	疑似网纹或照片	图 9.33 燃气轮机的示意图	tex/books/物理（第二册）.tex:13481	462	230	4576	0.828	0.172	pending
books/assets/physics-2/fig-p0363-01.png	物理（第二册）	physics-2	363	P	medium	疑似网纹或照片	图 9.34 八汽缸内燃发动机示意图	tex/books/物理（第二册）.tex:13571	403	221	5217	0.645	0.355	pending
books/assets/physics-2/fig-p0365-01.png	物理（第二册）	physics-2	365	T	high	对照 raw 第365页，已改 TikZ	图9.35 冲压式喷气发动机剖面：筒壁斜线影，左进高速空气，上火花塞、下燃料喷口，尾收敛喷口	tex/books/物理（第二册）.tex:13622	235	124	1264	0.911	0.089	replaced
books/assets/physics-2/fig-p0365-02.png	物理（第二册）	physics-2	365	T	high	对照 raw 第365页，已改 TikZ	图9.36 轮机式喷气发动机剖面：左进气与前端竖杆整流罩，压气机级、中轴、燃烧室、气轮机级、尾喷管	tex/books/物理（第二册）.tex:13642	487	223	4475	0.873	0.127	replaced
books/assets/physics-2/fig-p0366-01.png	物理（第二册）	physics-2	366	T	high	对照 raw 第366页，已改 TikZ	图9.37 轮机螺旋桨式喷气发动机剖面：左伸机轴，压气机两级、燃烧室与中轴、气轮机两级、尾喷口喷热气	tex/books/物理（第二册）.tex:13666	544	185	5117	0.880	0.120	replaced
books/assets/physics-2/fig-p0367-01.png	物理（第二册）	physics-2	367	V	low	初分待对照 raw 改轨	图 9.38 用固体燃料的火箭结构示意图	tex/books/物理（第二册）.tex:13687	322	147	2486	0.715	0.285	pending
books/assets/physics-2/fig-p0368-01.png	物理（第二册）	physics-2	368	P	medium	疑似网纹或照片	图9.39 用液体燃料的火箭结构示意图	tex/books/物理（第二册）.tex:13697	157	732	4378	0.884	0.116	pending
books/assets/physics-2/fig-p0378-01.png	物理（第二册）	physics-2	378	T	high	对照 raw 第378页，已改 TikZ	图示（原PDF第378页）	tex/books/物理（第二册）.tex:14243	407	177	1853	0.948	0.052	replaced
books/assets/physics-2/fig-p0378-02.png	物理（第二册）	physics-2	378	T	high	对照 raw 第378页，已改 TikZ	(第 15 题)	tex/books/物理（第二册）.tex:14249	405	131	1462	0.944	0.056	replaced
books/assets/physics-2/fig-p0382-01.png	物理（第二册）	physics-2	382	T	high	对照 raw 第382页，已改 TikZ	(第55题)	tex/books/物理（第二册）.tex:14509	265	180	929	0.954	0.046	replaced
books/assets/physics-2/fig-p0383-01.png	物理（第二册）	physics-2	383	T	high	对照 raw 第383页，已改 TikZ	(第60题)	tex/books/物理（第二册）.tex:14569	282	204	1044	0.941	0.059	replaced
books/assets/physics-2/fig-p0385-01.png	物理（第二册）	physics-2	385	T	high	对照 raw 第385页，已改 TikZ	(第4题)	tex/books/物理（第二册）.tex:14638	344	335	2728	0.964	0.036	replaced
books/assets/physics-2/fig-p0385-02.png	物理（第二册）	physics-2	385	T	high	对照 raw 第385页，已改 TikZ	(第4题)	tex/books/物理（第二册）.tex:14650	384	152	1375	0.970	0.030	replaced
books/assets/physics-2/fig-p0386-01.png	物理（第二册）	physics-2	386	T	high	对照 raw 第386页，已改 TikZ	(第7题)	tex/books/物理（第二册）.tex:14691	353	151	1297	0.959	0.041	replaced
books/assets/physics-2/fig-p0387-01.png	物理（第二册）	physics-2	387	T	high	对照 raw 第387页，已改 TikZ	(第3题)	tex/books/物理（第二册）.tex:14741	373	147	1387	0.958	0.042	replaced
books/assets/physics-2/fig-p0392-01.png	物理（第二册）	physics-2	392	T	high	对照 raw 第392页，已改 TikZ	(第55题)	tex/books/物理（第二册）.tex:15034	200	176	716	0.952	0.048	replaced
books/assets/physics-2/appendix-p0393-physical-quantities.png	物理（第二册）	physics-2		T	high	对照 raw/PNG 附录一物理量表，已改 longtable	附录一：本书主要物理量、符号、SI制单位、其他常用单位及换算备注表	tex/books/物理（第二册）.tex:20424	3210	2010	70212	0.929	0.071	replaced
books/assets/physics-3/fig-p0005-01.png	物理（第三册）	physics-3	5	T	low	初分待对照 raw 改轨；正文已取消该 PNG 引用	图1.1	tex/books/物理（第三册）.tex:258	302	163	2012	0.872	0.128	replaced
books/assets/physics-3/fig-p0005-02.png	物理（第三册）	physics-3	5	T	medium	高留白线稿；正文已取消该 PNG 引用	图1.2	tex/books/物理（第三册）.tex:275	236	231	1286	0.966	0.034	replaced
books/assets/physics-3/fig-p0005-03.png	物理（第三册）	physics-3	5	T	medium	高留白线稿；正文已取消该 PNG 引用	图1.2	tex/books/物理（第三册）.tex:281	312	233	1454	0.970	0.030	replaced
books/assets/physics-3/fig-p0007-01.png	物理（第三册）	physics-3	7	T	high	对照 raw 第7页质子电子示意图，已改 TikZ	② 质子 ● 电子	tex/books/物理（第三册）.tex:345	158	165	835	0.953	0.047	replaced
books/assets/physics-3/fig-p0010-01.png	物理（第三册）	physics-3	10	T	high	对照 raw 第10页正离子与自由电子，已改 TikZ	③ 正离子 ● 自由电子	tex/books/物理（第三册）.tex:397	321	164	2212	0.917	0.083	replaced
books/assets/physics-3/fig-p0011-01.png	物理（第三册）	physics-3	11	T	medium	高留白线稿；正文已取消该 PNG 引用	(a)	tex/books/物理（第三册）.tex:426	123	184	824	0.928	0.072	replaced
books/assets/physics-3/fig-p0011-02.png	物理（第三册）	physics-3	11	T	medium	高留白线稿；正文已取消该 PNG 引用	(b)	tex/books/物理（第三册）.tex:434	144	195	1021	0.940	0.060	replaced
books/assets/physics-3/fig-p0011-03.png	物理（第三册）	physics-3	11	T	medium	高留白线稿；正文已取消该 PNG 引用	(c)	tex/books/物理（第三册）.tex:442	134	194	998	0.938	0.062	replaced
books/assets/physics-3/fig-p0012-01.png	物理（第三册）	physics-3	12	T	low	初分待对照 raw 改轨；正文已取消该 PNG 引用	(a)	tex/books/物理（第三册）.tex:473	51	128	345	0.917	0.083	replaced
books/assets/physics-3/fig-p0012-02.png	物理（第三册）	physics-3	12	T	low	初分待对照 raw 改轨；正文已取消该 PNG 引用	(b)	tex/books/物理（第三册）.tex:481	83	160	578	0.893	0.107	replaced
books/assets/physics-3/fig-p0013-01.png	物理（第三册）	physics-3	13	T	medium	高留白线稿	图1.6 静电感应	tex/books/物理（第三册）.tex:507	141	194	1072	0.929	0.071	pending
books/assets/physics-3/fig-p0013-02.png	物理（第三册）	physics-3	13	T	medium	高留白线稿	(a)	tex/books/物理（第三册）.tex:523	173	156	873	0.943	0.057	pending
books/assets/physics-3/fig-p0013-03.png	物理（第三册）	physics-3	13	T	medium	高留白线稿	(a)	tex/books/物理（第三册）.tex:529	124	266	1151	0.949	0.051	pending
books/assets/physics-3/fig-p0013-04.png	物理（第三册）	physics-3	13	T	medium	高留白线稿	(a)	tex/books/物理（第三册）.tex:535	125	267	1207	0.940	0.060	pending
books/assets/physics-3/fig-p0014-01.png	物理（第三册）	physics-3	14	T	medium	高留白线稿	图1.8 感应起电	tex/books/物理（第三册）.tex:559	506	200	2422	0.952	0.048	pending
books/assets/physics-3/fig-p0016-01.png	物理（第三册）	physics-3	16	T	medium	高留白线稿	图1.9 法拉第圆筒实验	tex/books/物理（第三册）.tex:587	547	304	3855	0.951	0.049	pending
books/assets/physics-3/fig-p0016-02.png	物理（第三册）	physics-3	16	T	medium	高留白线稿	图1.9 法拉第圆筒实验	tex/books/物理（第三册）.tex:593	265	266	1882	0.944	0.056	pending
books/assets/physics-3/fig-p0016-03.png	物理（第三册）	physics-3	16	T	medium	高留白线稿	图1.9 法拉第圆筒实验	tex/books/物理（第三册）.tex:599	260	255	2072	0.939	0.061	pending
books/assets/physics-3/fig-p0017-01.png	物理（第三册）	physics-3	17	T	medium	高留白线稿	(a)	tex/books/物理（第三册）.tex:639	152	195	1165	0.932	0.068	pending
books/assets/physics-3/fig-p0017-02.png	物理（第三册）	physics-3	17	T	medium	高留白线稿	(b)	tex/books/物理（第三册）.tex:647	248	208	1714	0.936	0.064	pending
books/assets/physics-3/fig-p0018-01.png	物理（第三册）	physics-3	18	T	medium	高留白线稿	(4)	tex/books/物理（第三册）.tex:681	143	207	622	0.947	0.053	pending
books/assets/physics-3/fig-p0018-02.png	物理（第三册）	physics-3	18	T	medium	高留白线稿	(b)	tex/books/物理（第三册）.tex:689	179	255	851	0.953	0.047	pending
books/assets/physics-3/fig-p0018-03.png	物理（第三册）	physics-3	18	T	medium	高留白线稿	(c)	tex/books/物理（第三册）.tex:697	133	217	630	0.935	0.065	pending
books/assets/physics-3/fig-p0018-04.png	物理（第三册）	physics-3	18	T	medium	高留白线稿	(d)	tex/books/物理（第三册）.tex:705	104	217	523	0.927	0.073	pending
books/assets/physics-3/fig-p0019-01.png	物理（第三册）	physics-3	19	T	low	初分待对照 raw 改轨	图1.11 库仑扭秤	tex/books/物理（第三册）.tex:723	218	546	3879	0.895	0.105	pending
books/assets/physics-3/fig-p0021-01.png	物理（第三册）	physics-3	21	T	high	对照 raw 第21页，已改 TikZ	图1.12	tex/books/物理（第三册）.tex:751	262	96	677	0.942	0.058	replaced
books/assets/physics-3/fig-p0023-01.png	物理（第三册）	physics-3	23	T	high	对照 raw 第23页，已改 TikZ	图1.13	tex/books/物理（第三册）.tex:834	337	98	701	0.950	0.050	replaced
books/assets/physics-3/fig-p0025-01.png	物理（第三册）	physics-3	25	T	high	对照 raw 第25页，已改 TikZ	图1.14	tex/books/物理（第三册）.tex:896	284	200	1553	0.959	0.041	replaced
books/assets/physics-3/fig-p0026-01.png	物理（第三册）	physics-3	26	T	high	对照 raw 第26页，已改 TikZ	图1.15	tex/books/物理（第三册）.tex:957	203	382	1615	0.953	0.047	replaced
books/assets/physics-3/fig-p0029-01.png	物理（第三册）	physics-3	29	T	high	对照 raw 第29页，已改 TikZ	图1.16 电场中不同的点， q_{1} 受力情况	tex/books/物理（第三册）.tex:1060	300	377	1795	0.982	0.018	replaced
books/assets/physics-3/fig-p0032-01.png	物理（第三册）	physics-3	32	T	high	对照 raw 第32页，已改 TikZ	图1.17	tex/books/物理（第三册）.tex:1206	201	64	343	0.948	0.052	replaced
books/assets/physics-3/fig-p0033-01.png	物理（第三册）	physics-3	33	T	high	对照 raw 第33页电荷或电力线示意图，已改 TikZ	图1.18	tex/books/物理（第三册）.tex:1249	228	72	533	0.946	0.054	replaced
books/assets/physics-3/fig-p0034-01.png	物理（第三册）	physics-3	34	T	high	对照 raw 第34页电荷或电力线示意图，已改 TikZ	图1.19	tex/books/物理（第三册）.tex:1278	316	173	1348	0.955	0.045	replaced
books/assets/physics-3/fig-p0036-01.png	物理（第三册）	physics-3	36	T	high	对照 raw 第36页电荷或电力线示意图，已改 TikZ	图 1.20 正点电荷的电力线	tex/books/物理（第三册）.tex:1400	317	327	2117	0.967	0.033	replaced
books/assets/physics-3/fig-p0037-01.png	物理（第三册）	physics-3	37	T	high	对照 raw 第37页电荷或电力线示意图，已改 TikZ	图1.21 负点电荷的电力线	tex/books/物理（第三册）.tex:1420	190	198	1235	0.947	0.053	replaced
books/assets/physics-3/fig-p0038-01.png	物理（第三册）	physics-3	38	T	high	对照 raw 第38页电荷或电力线示意图，已改 TikZ	图122 (a) 等量异种点电荷的电力线分布；	tex/books/物理（第三册）.tex:1434	354	535	6131	0.957	0.043	replaced
books/assets/physics-3/fig-p0039-01.png	物理（第三册）	physics-3	39	V	low	初分待对照 raw 改轨	图1.23 匀强电场	tex/books/物理（第三册）.tex:1466	206	117	1295	0.820	0.180	pending
books/assets/physics-3/fig-p0040-01.png	物理（第三册）	physics-3	40	T	high	对照 raw 第40页电荷或电力线示意图，已改 TikZ	(4)	tex/books/物理（第三册）.tex:1489	193	167	992	0.964	0.036	replaced
books/assets/physics-3/fig-p0040-02.png	物理（第三册）	physics-3	40	T	high	对照 raw 第40页电场示意图，已改 TikZ	(b)	tex/books/物理（第三册）.tex:1497	171	114	530	0.933	0.067	replaced
books/assets/physics-3/fig-p0041-01.png	物理（第三册）	physics-3	41	T	high	对照 raw 第41页电场示意图，已改 TikZ	图1.24	tex/books/物理（第三册）.tex:1540	306	230	2124	0.921	0.079	replaced
books/assets/physics-3/fig-p0042-01.png	物理（第三册）	physics-3	42	T	high	对照 raw 第42页电场示意图，已改 TikZ	图1.25	tex/books/物理（第三册）.tex:1594	261	162	1399	0.924	0.076	replaced
books/assets/physics-3/fig-p0047-01.png	物理（第三册）	physics-3	47	T	high	对照 raw 第47页电场示意图，已改 TikZ	(a)	tex/books/物理（第三册）.tex:1803	176	178	1188	0.932	0.068	replaced
books/assets/physics-3/fig-p0047-02.png	物理（第三册）	physics-3	47	T	high	对照 raw 第47页电场示意图，已改 TikZ	(b)	tex/books/物理（第三册）.tex:1811	174	171	1198	0.936	0.064	replaced
books/assets/physics-3/fig-p0047-03.png	物理（第三册）	physics-3	47	T	high	对照 raw 第47页电场示意图，已改 TikZ	图1.27	tex/books/物理（第三册）.tex:1835	171	230	1128	0.905	0.095	replaced
books/assets/physics-3/fig-p0048-01.png	物理（第三册）	physics-3	48	T	high	对照 raw 场图，已改 TikZ	图1.23	tex/books/物理（第三册）.tex:1893	223	234	1455	0.959	0.041	replaced
books/assets/physics-3/fig-p0049-01.png	物理（第三册）	physics-3	49	T	high	对照 raw 场图，已改 TikZ	(第2题)	tex/books/物理（第三册）.tex:1934	214	218	779	0.946	0.054	replaced
books/assets/physics-3/fig-p0050-01.png	物理（第三册）	physics-3	50	T	high	对照 raw 场图，已改 TikZ	图1.29	tex/books/物理（第三册）.tex:1986	306	307	2041	0.969	0.031	replaced
books/assets/physics-3/fig-p0051-01.png	物理（第三册）	physics-3	51	T	high	对照 raw 场图，已改 TikZ	图1.30	tex/books/物理（第三册）.tex:2014	227	175	914	0.966	0.034	replaced
books/assets/physics-3/fig-p0051-02.png	物理（第三册）	physics-3	51	T	high	对照 raw 场图，已改 TikZ	图1.31	tex/books/物理（第三册）.tex:2040	244	251	1547	0.938	0.062	replaced
books/assets/physics-3/fig-p0052-01.png	物理（第三册）	physics-3	52	T	high	对照 raw 场图，已改 TikZ	图1.32 场强和电势差的关系	tex/books/物理（第三册）.tex:2068	263	148	700	0.920	0.080	replaced
books/assets/physics-3/fig-p0053-01.png	物理（第三册）	physics-3	53	T	high	对照 raw 场图，已改 TikZ	图1.33	tex/books/物理（第三册）.tex:2134	261	155	1023	0.926	0.074	replaced
books/assets/physics-3/fig-p0054-01.png	物理（第三册）	physics-3	54	T	high	对照 raw 场图，已改 TikZ	图1.34 点电荷电场的等势面和电力线	tex/books/物理（第三册）.tex:2181	392	416	5289	0.954	0.046	replaced
books/assets/physics-3/fig-p0055-01.png	物理（第三册）	physics-3	55	T	high	对照 raw 场图，已改 TikZ	图1.35 匀强电场的等势面	tex/books/物理（第三册）.tex:2202	333	295	2062	0.941	0.059	replaced
books/assets/physics-3/fig-p0056-02.png	物理（第三册）	physics-3	56	T	high	对照 raw 场图，已改 TikZ	(第6题)	tex/books/物理（第三册）.tex:2241	212	176	1484	0.919	0.081	replaced
books/assets/physics-3/fig-p0056-03.png	物理（第三册）	physics-3	56	T	high	对照 raw 场图，已改 TikZ	(第8题)	tex/books/物理（第三册）.tex:2249	244	170	735	0.950	0.050	replaced
books/assets/physics-3/fig-p0057-01.png	物理（第三册）	physics-3	57	T	high	对照 raw 场图，已改 TikZ	图1.36	tex/books/物理（第三册）.tex:2314	228	136	468	0.935	0.065	replaced
books/assets/physics-3/fig-p0058-01.png	物理（第三册）	physics-3	58	T	high	对照 raw 场图，已改 TikZ	图1.37	tex/books/物理（第三册）.tex:2357	257	248	680	0.979	0.021	replaced
books/assets/physics-3/fig-p0059-01.png	物理（第三册）	physics-3	59	T	high	对照 raw 场图，已改 TikZ	图1.38	tex/books/物理（第三册）.tex:2399	484	277	2028	0.958	0.042	replaced
books/assets/physics-3/fig-p0062-01.png	物理（第三册）	physics-3	62	T	high	对照 raw 场图，已改 TikZ	图1.39	tex/books/物理（第三册）.tex:2506	513	177	2380	0.940	0.060	replaced
books/assets/physics-3/fig-p0062-02.png	物理（第三册）	physics-3	62	T	high	对照 raw 场图，已改 TikZ	图1.40	tex/books/物理（第三册）.tex:2520	385	181	1681	0.957	0.043	replaced
books/assets/physics-3/fig-p0063-01.png	物理（第三册）	physics-3	63	T	medium	高留白线稿	图1.41 示波管上显示的交流电波形	tex/books/物理（第三册）.tex:2541	340	350	1918	0.952	0.048	pending
books/assets/physics-3/fig-p0064-01.png	物理（第三册）	physics-3	64	T	medium	高留白线稿	图1.42 密立根实验装置原理图	tex/books/物理（第三册）.tex:2566	270	311	2448	0.938	0.062	pending
books/assets/physics-3/fig-p0066-01.png	物理（第三册）	physics-3	66	T	high	对照 raw 场图，已改 TikZ	(第4题)	tex/books/物理（第三册）.tex:2666	225	319	1238	0.926	0.074	replaced
books/assets/physics-3/fig-p0066-02.png	物理（第三册）	physics-3	66	T	high	对照 raw 场图，已改 TikZ	(第5题)	tex/books/物理（第三册）.tex:2685	342	272	1020	0.986	0.014	replaced
books/assets/physics-3/fig-p0068-01.png	物理（第三册）	physics-3	68	T	high	对照 raw 场图，已改 TikZ	(b)	tex/books/物理（第三册）.tex:2748	302	198	1211	0.946	0.054	replaced
books/assets/physics-3/fig-p0068-02.png	物理（第三册）	physics-3	68	T	high	对照 raw 场图，已改 TikZ	(b)	tex/books/物理（第三册）.tex:2754	318	210	2176	0.933	0.067	replaced
books/assets/physics-3/fig-p0070-01.png	物理（第三册）	physics-3	70	T	medium	高留白线稿	图1.44 内部电荷互相推斥移向表面	tex/books/物理（第三册）.tex:2797	183	254	1655	0.947	0.053	pending
books/assets/physics-3/fig-p0071-01.png	物理（第三册）	physics-3	71	T	high	对照 raw 场图，已改 TikZ	(a)	tex/books/物理（第三册）.tex:2813	292	300	2250	0.965	0.035	replaced
books/assets/physics-3/fig-p0071-02.png	物理（第三册）	physics-3	71	T	high	对照 raw 场图，已改 TikZ	(b)	tex/books/物理（第三册）.tex:2821	210	211	1576	0.943	0.057	replaced
books/assets/physics-3/fig-p0072-01.png	物理（第三册）	physics-3	72	T	high	对照 raw 场图，已改 TikZ	(a)	tex/books/物理（第三册）.tex:2866	132	136	926	0.899	0.101	replaced
books/assets/physics-3/fig-p0072-02.png	物理（第三册）	physics-3	72	T	high	对照 raw 场图，已改 TikZ	(b)	tex/books/物理（第三册）.tex:2874	130	150	924	0.906	0.094	replaced
books/assets/physics-3/fig-p0073-01.png	物理（第三册）	physics-3	73	T	high	对照 raw 场图，已改 TikZ	(a)	tex/books/物理（第三册）.tex:2888	117	112	600	0.912	0.088	replaced
books/assets/physics-3/fig-p0073-02.png	物理（第三册）	physics-3	73	T	high	对照 raw 场图，已改 TikZ	(b)	tex/books/物理（第三册）.tex:2896	183	136	728	0.937	0.063	replaced
books/assets/physics-3/fig-p0073-03.png	物理（第三册）	physics-3	73	T	high	对照 raw 第73页，已改 TikZ	图1.48	tex/books/物理（第三册）.tex:2910	209	279	2231	0.894	0.106	replaced
books/assets/physics-3/fig-p0074-01.png	物理（第三册）	physics-3	74	T	high	对照 raw 第74页，已改 TikZ	(a)	tex/books/物理（第三册）.tex:2931	177	201	1099	0.932	0.068	replaced
books/assets/physics-3/fig-p0074-02.png	物理（第三册）	physics-3	74	T	high	对照 raw 第74页，已改 TikZ	(b)	tex/books/物理（第三册）.tex:2939	182	186	1311	0.912	0.088	replaced
books/assets/physics-3/fig-p0074-03.png	物理（第三册）	physics-3	74	T	high	对照 raw 第74页，已改 TikZ	图1.50	tex/books/物理（第三册）.tex:2960	243	289	2189	0.960	0.040	replaced
books/assets/physics-3/fig-p0077-01.png	物理（第三册）	physics-3	77	T	medium	高留白线稿	图1.51	tex/books/物理（第三册）.tex:3095	176	242	819	0.938	0.062	pending
books/assets/physics-3/fig-p0080-01.png	物理（第三册）	physics-3	80	T	high	对照 raw 第80页，已改 TikZ	图1.52	tex/books/物理（第三册）.tex:3196	196	245	1047	0.945	0.055	replaced
books/assets/physics-3/fig-p0081-01.png	物理（第三册）	physics-3	81	T	low	初分待对照 raw 改轨	图1.53	tex/books/物理（第三册）.tex:3230	328	212	2837	0.901	0.099	pending
books/assets/physics-3/fig-p0083-01.png	物理（第三册）	physics-3	83	T	high	对照 raw 第83页，已改 TikZ	(a)	tex/books/物理（第三册）.tex:3311	251	119	808	0.922	0.078	replaced
books/assets/physics-3/fig-p0083-02.png	物理（第三册）	physics-3	83	T	high	对照 raw 第83页，已改 TikZ	(b)	tex/books/物理（第三册）.tex:3319	255	129	1650	0.873	0.127	replaced
books/assets/physics-3/fig-p0084-01.png	物理（第三册）	physics-3	84	T	high	对照 raw 第84页，已改 TikZ	(2)	tex/books/物理（第三册）.tex:3356	547	185	1650	0.952	0.048	replaced
books/assets/physics-3/fig-p0084-02.png	物理（第三册）	physics-3	84	T	high	对照 raw 第84页，已改 TikZ	(2)	tex/books/物理（第三册）.tex:3362	268	153	924	0.941	0.059	replaced
books/assets/physics-3/fig-p0085-01.png	物理（第三册）	physics-3	85	T	high	对照 raw 第85页，已改 TikZ	图1.55	tex/books/物理（第三册）.tex:3370	234	121	678	0.936	0.064	replaced
books/assets/physics-3/fig-p0087-01.png	物理（第三册）	physics-3	87	T	high	对照 raw 第87页，已改 TikZ	图 1.57 电容器并联	tex/books/物理（第三册）.tex:3490	183	248	770	0.947	0.053	replaced
books/assets/physics-3/fig-p0088-01.png	物理（第三册）	physics-3	88	T	high	对照 raw 第88页，已改 TikZ	图1.58 电容器串联	tex/books/物理（第三册）.tex:3545	270	63	584	0.923	0.077	replaced
books/assets/physics-3/fig-p0090-01.png	物理（第三册）	physics-3	90	T	high	对照 raw 第90页，已改 TikZ	图1.59 荷守电容器并联	tex/books/物理（第三册）.tex:3666	299	178	2175	0.869	0.131	replaced
books/assets/physics-3/fig-p0091-01.png	物理（第三册）	physics-3	91	T	high	对照 raw 第91页，已改 TikZ	图1.60	tex/books/物理（第三册）.tex:3697	261	190	832	0.960	0.040	replaced
books/assets/physics-3/fig-p0093-01.png	物理（第三册）	physics-3	93	T	low	初分待对照 raw 改轨	图1.61 各种电容器	tex/books/物理（第三册）.tex:3784	460	397	6470	0.914	0.086	pending
books/assets/physics-3/fig-p0093-02.png	物理（第三册）	physics-3	93	T	low	初分待对照 raw 改轨	图1.61 各种电容器	tex/books/物理（第三册）.tex:3790	239	116	1323	0.890	0.110	pending
books/assets/physics-3/fig-p0093-03.png	物理（第三册）	physics-3	93	P	medium	疑似网纹或照片	图1.61 各种电容器	tex/books/物理（第三册）.tex:3796	75	146	793	0.820	0.180	pending
books/assets/physics-3/fig-p0093-04.png	物理（第三册）	physics-3	93	T	low	初分待对照 raw 改轨	图1.61 各种电容器	tex/books/物理（第三册）.tex:3802	56	123	411	0.878	0.122	pending
books/assets/physics-3/fig-p0093-05.png	物理（第三册）	physics-3	93	P	medium	疑似网纹或照片	图1.61 各种电容器	tex/books/物理（第三册）.tex:3808	133	136	1265	0.830	0.170	pending
books/assets/physics-3/fig-p0093-06.png	物理（第三册）	physics-3	93	T	low	初分待对照 raw 改轨	图1.61 各种电容器	tex/books/物理（第三册）.tex:3814	104	105	620	0.880	0.120	pending
books/assets/physics-3/fig-p0093-07.png	物理（第三册）	physics-3	93	T	low	初分待对照 raw 改轨	图1.61 各种电容器	tex/books/物理（第三册）.tex:3820	154	64	606	0.885	0.115	pending
books/assets/physics-3/fig-p0093-08.png	物理（第三册）	physics-3	93	T	medium	高留白线稿	图1.61 各种电容器	tex/books/物理（第三册）.tex:3826	131	83	409	0.941	0.059	pending
books/assets/physics-3/fig-p0093-09.png	物理（第三册）	physics-3	93	T	medium	高留白线稿	图1.61 各种电容器	tex/books/物理（第三册）.tex:3832	166	78	597	0.927	0.073	pending
books/assets/physics-3/fig-p0093-10.png	物理（第三册）	physics-3	93	T	low	初分待对照 raw 改轨	图1.61 各种电容器	tex/books/物理（第三册）.tex:3838	153	64	614	0.884	0.116	pending
books/assets/physics-3/fig-p0094-01.png	物理（第三册）	physics-3	94	T	high	对照 raw 第94页，已改 TikZ	(第4题)	tex/books/物理（第三册）.tex:3874	261	217	1114	0.946	0.054	replaced
books/assets/physics-3/fig-p0094-02.png	物理（第三册）	physics-3	94	T	high	对照 raw 第94页，已改 TikZ	(第5题)	tex/books/物理（第三册）.tex:3882	258	199	837	0.962	0.038	replaced
books/assets/physics-3/fig-p0099-01.png	物理（第三册）	physics-3	99	T	high	对照 raw 第99页，已改 TikZ	(第4题)	tex/books/物理（第三册）.tex:4137	260	192	1186	0.935	0.065	replaced
books/assets/physics-3/fig-p0100-01.png	物理（第三册）	physics-3	100	T	high	对照 raw 第100页，已改 TikZ	(第5题)	tex/books/物理（第三册）.tex:4151	309	205	1514	0.947	0.053	replaced
books/assets/physics-3/fig-p0100-02.png	物理（第三册）	physics-3	100	T	high	对照 raw 第100页，已改 TikZ	(第6题)	tex/books/物理（第三册）.tex:4159	223	205	1155	0.964	0.036	replaced
books/assets/physics-3/fig-p0100-03.png	物理（第三册）	physics-3	100	T	high	对照 raw 第100页，已改 TikZ	(第7题)	tex/books/物理（第三册）.tex:4183	216	256	1146	0.953	0.047	replaced
books/assets/physics-3/fig-p0101-01.png	物理（第三册）	physics-3	101	T	high	对照 raw 第101页，已改 TikZ	(第9题)	tex/books/物理（第三册）.tex:4197	237	173	771	0.949	0.051	replaced
books/assets/physics-3/fig-p0101-02.png	物理（第三册）	physics-3	101	T	high	对照 raw 第101页，已改 TikZ	(第13题)	tex/books/物理（第三册）.tex:4241	157	188	644	0.926	0.074	replaced
books/assets/physics-3/fig-p0102-01.png	物理（第三册）	physics-3	102	T	high	对照 raw 第102页，已改 TikZ	(第15题)	tex/books/物理（第三册）.tex:4260	308	224	1178	0.956	0.044	replaced
books/assets/physics-3/fig-p0102-02.png	物理（第三册）	physics-3	102	T	high	对照 raw 第102页，已改 TikZ	(第16题)	tex/books/物理（第三册）.tex:4279	313	174	881	0.962	0.038	replaced
books/assets/physics-3/fig-p0105-01.png	物理（第三册）	physics-3	105	T	medium	高留白线稿	图2.1	tex/books/物理（第三册）.tex:4377	250	237	1451	0.938	0.062	pending
books/assets/physics-3/fig-p0106-01.png	物理（第三册）	physics-3	106	T	medium	高留白线稿	图2.2 瞬时电发	tex/books/物理（第三册）.tex:4409	226	219	1553	0.957	0.043	pending
books/assets/physics-3/fig-p0106-02.png	物理（第三册）	physics-3	106	T	medium	高留白线稿	图2.3 持续电流	tex/books/物理（第三册）.tex:4417	228	194	1904	0.929	0.071	pending
books/assets/physics-3/fig-p0108-01.png	物理（第三册）	physics-3	108	T	high	对照 raw 第108页，已改 TikZ	图2.4	tex/books/物理（第三册）.tex:4472	186	184	1666	0.903	0.097	replaced
books/assets/physics-3/fig-p0109-01.png	物理（第三册）	physics-3	109	T	high	对照 raw 第109页，已改 TikZ	图 2.5 几种电路元件的序号	tex/books/物理（第三册）.tex:4494	321	379	2396	0.966	0.034	replaced
books/assets/physics-3/fig-p0110-01.png	物理（第三册）	physics-3	110	T	low	初分待对照 raw 改轨	图2.5 两块串	tex/books/物理（第三册）.tex:4512	229	196	2267	0.896	0.104	pending
books/assets/physics-3/fig-p0110-02.png	物理（第三册）	physics-3	110	T	high	对照 raw 第110页，已改 TikZ	图2.5 两块串	tex/books/物理（第三册）.tex:4518	155	154	666	0.955	0.045	replaced
books/assets/physics-3/fig-p0110-03.png	物理（第三册）	physics-3	110	T	low	初分待对照 raw 改轨	图2.7 两灯并联	tex/books/物理（第三册）.tex:4536	272	212	2684	0.908	0.092	pending
books/assets/physics-3/fig-p0110-04.png	物理（第三册）	physics-3	110	T	high	对照 raw 第110页，已改 TikZ	图2.7 两灯并联	tex/books/物理（第三册）.tex:4542	187	150	1012	0.933	0.067	replaced
books/assets/physics-3/fig-p0111-01.png	物理（第三册）	physics-3	111	P	medium	疑似网纹或照片	图2.8 有两个量程的安培表	tex/books/物理（第三册）.tex:4568	142	151	1393	0.761	0.239	pending
books/assets/physics-3/fig-p0112-01.png	物理（第三册）	physics-3	112	T	high	对照 raw 第112页，已改 TikZ	图 2.9 安培表的连接法	tex/books/物理（第三册）.tex:4586	537	194	2529	0.953	0.047	replaced
books/assets/physics-3/fig-p0112-02.png	物理（第三册）	physics-3	112	T	high	对照 raw 第112页，已改 TikZ	图 2.9 安培表的连接法	tex/books/物理（第三册）.tex:4592	180	152	911	0.945	0.055	replaced
books/assets/physics-3/fig-p0112-03.png	物理（第三册）	physics-3	112	T	high	对照 raw 第112页，已改 TikZ	图 2.9 安培表的连接法	tex/books/物理（第三册）.tex:4598	185	176	942	0.956	0.044	replaced
books/assets/physics-3/fig-p0112-04.png	物理（第三册）	physics-3	112	T	high	对照 raw 第112页，已改 TikZ	图 2.9 安培表的连接法	tex/books/物理（第三册）.tex:4604	182	176	963	0.942	0.058	replaced
books/assets/physics-3/fig-p0112-05.png	物理（第三册）	physics-3	112	P	medium	疑似网纹或照片	图2.10 有两个量程的伏特表	tex/books/物理（第三册）.tex:4616	162	172	1554	0.749	0.251	pending
books/assets/physics-3/fig-p0112-06.png	物理（第三册）	physics-3	112	T	high	对照 raw 第112页，已改 TikZ	(a)	tex/books/物理（第三册）.tex:4624	178	188	867	0.961	0.039	replaced
books/assets/physics-3/fig-p0112-07.png	物理（第三册）	physics-3	112	T	high	对照 raw 第112页，已改 TikZ	(b)	tex/books/物理（第三册）.tex:4632	180	187	858	0.958	0.042	replaced
books/assets/physics-3/fig-p0112-08.png	物理（第三册）	physics-3	112	T	high	对照 raw 第112页，已改 TikZ	(c)	tex/books/物理（第三册）.tex:4640	181	187	896	0.939	0.061	replaced
books/assets/physics-3/fig-p0113-01.png	物理（第三册）	physics-3	113	T	high	对照 raw 第113页，已改 TikZ	图2.12	tex/books/物理（第三册）.tex:4655	225	204	1308	0.954	0.046	replaced
books/assets/physics-3/fig-p0113-03.png	物理（第三册）	physics-3	113	T	medium	高留白线稿	原PDF第113页题图	tex/books/物理（第三册）.tex:4693	158	128	832	0.950	0.050	pending
books/assets/physics-3/fig-p0114-01.png	物理（第三册）	physics-3	114	T	high	对照 raw 第114页，已改 TikZ	(第5项(1))	tex/books/物理（第三册）.tex:4699	221	163	553	0.978	0.022	replaced
books/assets/physics-3/fig-p0114-02.png	物理（第三册）	physics-3	114	T	high	对照 raw 第114页，已改 TikZ	(第5项(1))	tex/books/物理（第三册）.tex:4705	145	164	533	0.971	0.029	replaced
books/assets/physics-3/fig-p0114-03.png	物理（第三册）	physics-3	114	T	high	对照 raw 第114页，已改 TikZ	(第5项(1))	tex/books/物理（第三册）.tex:4711	187	154	511	0.978	0.022	replaced
books/assets/physics-3/fig-p0114-04.png	物理（第三册）	physics-3	114	T	high	对照 raw 第114页，已改 TikZ	(第5项(1))	tex/books/物理（第三册）.tex:4717	144	157	532	0.976	0.024	replaced
books/assets/physics-3/fig-p0114-05.png	物理（第三册）	physics-3	114	T	high	对照 raw 第114页，已改 TikZ	(第5项(1))	tex/books/物理（第三册）.tex:4723	140	148	508	0.968	0.032	replaced
books/assets/physics-3/fig-p0114-06.png	物理（第三册）	physics-3	114	T	high	对照 raw 第114页，已改 TikZ	(第5项(1))	tex/books/物理（第三册）.tex:4729	194	195	592	0.978	0.022	replaced
books/assets/physics-3/fig-p0114-07.png	物理（第三册）	physics-3	114	T	high	对照 raw 第114页，已改 TikZ	(第3题(4))	tex/books/物理（第三册）.tex:4744	183	156	613	0.981	0.019	replaced
books/assets/physics-3/fig-p0115-01.png	物理（第三册）	physics-3	115	T	high	对照 raw 第115页，已改 TikZ	(第3题(5))	tex/books/物理（第三册）.tex:4756	209	178	657	0.978	0.022	replaced
books/assets/physics-3/fig-p0115-02.png	物理（第三册）	physics-3	115	T	high	对照 raw 第115页，已改 TikZ	(第3题(6))	tex/books/物理（第三册）.tex:4764	201	165	634	0.969	0.031	replaced
books/assets/physics-3/fig-p0115-03.png	物理（第三册）	physics-3	115	T	high	对照 raw 第115页，已改 TikZ	(a)	tex/books/物理（第三册）.tex:4780	181	136	656	0.954	0.046	replaced
books/assets/physics-3/fig-p0115-04.png	物理（第三册）	physics-3	115	T	high	对照 raw 第115页，已改 TikZ	(b)	tex/books/物理（第三册）.tex:4788	203	141	623	0.963	0.037	replaced
books/assets/physics-3/fig-p0116-02.png	物理（第三册）	physics-3	116	T	medium	高留白线稿	图 2.13 研究电流和电压的关系	tex/books/物理（第三册）.tex:4815	272	213	1756	0.930	0.070	pending
books/assets/physics-3/fig-p0122-01.png	物理（第三册）	physics-3	122	P	medium	疑似网纹或照片	图 2.14 沪岛变阻器	tex/books/物理（第三册）.tex:5028	304	143	2375	0.784	0.216	pending
books/assets/physics-3/fig-p0122-02.png	物理（第三册）	physics-3	122	P	medium	疑似网纹或照片	图 2.15 转柄变阻器	tex/books/物理（第三册）.tex:5049	257	369	7291	0.763	0.237	pending
books/assets/physics-3/fig-p0123-01.png	物理（第三册）	physics-3	123	T	medium	高留白线稿	图2.16 电灯变阻器	tex/books/物理（第三册）.tex:5059	211	91	700	0.920	0.080	pending
books/assets/physics-3/fig-p0123-02.png	物理（第三册）	physics-3	123	T	low	初分待对照 raw 改轨	图 2.17 电阻箱和它的结构示意图	tex/books/物理（第三册）.tex:5076	447	153	3105	0.904	0.096	pending
books/assets/physics-3/fig-p0124-01.png	物理（第三册）	physics-3	124	V	low	初分待对照 raw 改轨	图 2.18 旋键式电阻箱	tex/books/物理（第三册）.tex:5087	280	208	2849	0.757	0.243	pending
books/assets/physics-3/fig-p0124-03.png	物理（第三册）	physics-3	124	T	high	对照 raw 第124页，已改 TikZ	(第4题)	tex/books/物理（第三册）.tex:5119	243	229	1705	0.929	0.071	replaced
books/assets/physics-3/fig-p0125-01.png	物理（第三册）	physics-3	125	T	high	对照 raw 第125页，已改 TikZ	(第5题)	tex/books/物理（第三册）.tex:5141	489	179	1279	0.974	0.026	replaced
books/assets/physics-3/fig-p0125-02.png	物理（第三册）	physics-3	125	T	high	对照 raw 第125页，已改 TikZ	图2.19 源分电路	tex/books/物理（第三册）.tex:5159	230	86	546	0.967	0.033	replaced
books/assets/physics-3/fig-p0130-01.png	物理（第三册）	physics-3	130	T	medium	高留白线稿	图 2.20 (a) 所示，把电阻丝 R_{1} 、 R_{2} 串联起来	tex/books/物理（第三册）.tex:5356	449	253	4138	0.921	0.079	pending
books/assets/physics-3/fig-p0130-02.png	物理（第三册）	physics-3	130	P	medium	疑似网纹或照片	图 2.20 (a) 所示，把电阻丝 R_{1} 、 R_{2} 串联起来	tex/books/物理（第三册）.tex:5362	283	194	3067	0.863	0.137	pending
books/assets/physics-3/fig-p0130-03.png	物理（第三册）	physics-3	130	T	medium	高留白线稿	图 2.20 (a) 所示，把电阻丝 R_{1} 、 R_{2} 串联起来	tex/books/物理（第三册）.tex:5368	142	127	623	0.962	0.038	pending
books/assets/physics-3/fig-p0130-04.png	物理（第三册）	physics-3	130	T	medium	高留白线稿	图 2.20 (a) 所示，把电阻丝 R_{1} 、 R_{2} 串联起来	tex/books/物理（第三册）.tex:5374	142	108	592	0.954	0.046	pending
books/assets/physics-3/fig-p0133-01.png	物理（第三册）	physics-3	133	T	high	对照 raw 第133页，已改 TikZ	图2.21 串联导体组	tex/books/物理（第三册）.tex:5510	362	123	971	0.956	0.044	replaced
books/assets/physics-3/fig-p0135-01.png	物理（第三册）	physics-3	135	T	high	对照 raw 第135页，已改 TikZ	图2.22 并联导体组	tex/books/物理（第三册）.tex:5609	334	154	1098	0.970	0.030	replaced
books/assets/physics-3/fig-p0137-01.png	物理（第三册）	physics-3	137	T	high	对照 raw 第137页，已改 TikZ	图2.23	tex/books/物理（第三册）.tex:5703	280	118	648	0.974	0.026	replaced
books/assets/physics-3/fig-p0138-01.png	物理（第三册）	physics-3	138	T	high	对照 raw 第138页，已改 TikZ	图2.24	tex/books/物理（第三册）.tex:5768	392	189	1183	0.978	0.022	replaced
books/assets/physics-3/fig-p0140-01.png	物理（第三册）	physics-3	140	T	high	对照 raw 第140页，已改 TikZ	图2.25	tex/books/物理（第三册）.tex:5844	239	205	1970	0.931	0.069	replaced
books/assets/physics-3/fig-p0140-02.png	物理（第三册）	physics-3	140	T	high	对照 raw 第140页，已改 TikZ	图2.26	tex/books/物理（第三册）.tex:5852	316	196	1075	0.961	0.039	replaced
books/assets/physics-3/fig-p0140-03.png	物理（第三册）	physics-3	140	T	high	对照 raw 第140页，已改 TikZ	图2.27	tex/books/物理（第三册）.tex:5875	317	234	1091	0.966	0.034	replaced
books/assets/physics-3/fig-p0141-01.png	物理（第三册）	physics-3	141	T	high	对照 raw 第141页，已改 TikZ	图2.28	tex/books/物理（第三册）.tex:5918	221	185	978	0.949	0.051	replaced
books/assets/physics-3/fig-p0141-02.png	物理（第三册）	physics-3	141	T	high	对照 raw 第141页，已改 TikZ	图2.29	tex/books/物理（第三册）.tex:5926	324	188	1367	0.963	0.037	replaced
books/assets/physics-3/fig-p0143-01.png	物理（第三册）	physics-3	143	T	high	对照 raw 第143页，已改 TikZ	图2.30	tex/books/物理（第三册）.tex:6026	349	229	1089	0.972	0.028	replaced
books/assets/physics-3/fig-p0144-01.png	物理（第三册）	physics-3	144	T	high	对照 raw 第144页，已改 TikZ	图2.31	tex/books/物理（第三册）.tex:6039	382	107	780	0.962	0.038	replaced
books/assets/physics-3/fig-p0144-02.png	物理（第三册）	physics-3	144	T	high	对照 raw 第144页，已改 TikZ	图2.32	tex/books/物理（第三册）.tex:6063	303	117	954	0.952	0.048	replaced
books/assets/physics-3/fig-p0145-01.png	物理（第三册）	physics-3	145	T	high	对照 raw 第145页，已改 TikZ	(第1题)	tex/books/物理（第三册）.tex:6142	256	144	928	0.954	0.046	replaced
books/assets/physics-3/fig-p0145-02.png	物理（第三册）	physics-3	145	T	high	对照 raw 第145页，已改 TikZ	(第4题)	tex/books/物理（第三册）.tex:6160	283	176	895	0.966	0.034	replaced
books/assets/physics-3/fig-p0146-01.png	物理（第三册）	physics-3	146	T	high	对照 raw 第146页，已改 TikZ	(第8题)	tex/books/物理（第三册）.tex:6200	186	164	791	0.954	0.046	replaced
books/assets/physics-3/fig-p0146-02.png	物理（第三册）	physics-3	146	T	high	对照 raw 第146页，已改 TikZ	(第9题)	tex/books/物理（第三册）.tex:6219	413	164	1324	0.958	0.042	replaced
books/assets/physics-3/fig-p0147-01.png	物理（第三册）	physics-3	147	T	high	对照 raw 第147页，已改 TikZ	图 2.33 电池电源图	tex/books/物理（第三册）.tex:6248	211	164	540	0.971	0.029	replaced
books/assets/physics-3/fig-p0147-02.png	物理（第三册）	physics-3	147	T	high	对照 raw 第147页，已改 TikZ	图 2.34 发电机电源图	tex/books/物理（第三册）.tex:6256	212	162	728	0.965	0.035	replaced
books/assets/physics-3/fig-p0149-01.png	物理（第三册）	physics-3	149	T	high	对照 raw 第149页，已改 TikZ	(c)	tex/books/物理（第三册）.tex:6299	152	139	595	0.944	0.056	replaced
books/assets/physics-3/fig-p0149-02.png	物理（第三册）	physics-3	149	T	high	对照 raw 第149页，已改 TikZ	(b)	tex/books/物理（第三册）.tex:6307	154	177	749	0.953	0.047	replaced
books/assets/physics-3/fig-p0149-03.png	物理（第三册）	physics-3	149	T	high	对照 raw 第149页，已改 TikZ	(c)	tex/books/物理（第三册）.tex:6315	155	174	813	0.955	0.045	replaced
books/assets/physics-3/fig-p0149-04.png	物理（第三册）	physics-3	149	T	high	对照 raw 第149页，已改 TikZ	(1)	tex/books/物理（第三册）.tex:6323	157	219	915	0.953	0.047	replaced
books/assets/physics-3/fig-p0151-01.png	物理（第三册）	physics-3	151	T	high	对照 raw 第151页，已改 TikZ	图2.36 简单的闭合电路	tex/books/物理（第三册）.tex:6367	234	213	1231	0.956	0.044	replaced
books/assets/physics-3/fig-p0152-01.png	物理（第三册）	physics-3	152	T	high	对照 raw 第152页，已改 TikZ	图2.37 闭合电路图	tex/books/物理（第三册）.tex:6439	247	185	982	0.956	0.044	replaced
books/assets/physics-3/fig-p0154-01.png	物理（第三册）	physics-3	154	T	high	对照 raw 第154页，已改 TikZ	图2.38 改变 R 求 U 的示数的实验	tex/books/物理（第三册）.tex:6505	283	248	1055	0.960	0.040	replaced
books/assets/physics-3/fig-p0155-01.png	物理（第三册）	physics-3	155	T	high	对照 raw 第155页，已改 TikZ	图2.39	tex/books/物理（第三册）.tex:6549	287	254	1374	0.960	0.040	replaced
books/assets/physics-3/fig-p0157-01.png	物理（第三册）	physics-3	157	T	high	对照 raw 第157页，已改 TikZ	(第10题)	tex/books/物理（第三册）.tex:6629	284	170	842	0.972	0.028	replaced
books/assets/physics-3/fig-p0158-01.png	物理（第三册）	physics-3	158	T	high	对照 raw 第158页，已改 TikZ	图2.40 串联电池组	tex/books/物理（第三册）.tex:6647	205	72	336	0.981	0.019	replaced
books/assets/physics-3/fig-p0158-02.png	物理（第三册）	physics-3	158	T	high	对照 raw 第158页，已改 TikZ	图 2.41 闭合电路中的电池组	tex/books/物理（第三册）.tex:6697	231	177	629	0.971	0.029	replaced
books/assets/physics-3/fig-p0159-01.png	物理（第三册）	physics-3	159	T	high	对照 raw 第159页，已改 TikZ	图2.42 并联电池组	tex/books/物理（第三册）.tex:6705	189	100	599	0.954	0.046	replaced
books/assets/physics-3/fig-p0160-01.png	物理（第三册）	physics-3	160	T	high	对照 raw 第160页，已改 TikZ	图 2.43 闭合电路中的并联电池组	tex/books/物理（第三册）.tex:6865	230	165	846	0.951	0.049	replaced
books/assets/physics-3/fig-p0164-01.png	物理（第三册）	physics-3	164	T	high	对照 raw 第164页，已改 TikZ	图 2.44 电路上任何两点间的电势差	tex/books/物理（第三册）.tex:6873	313	216	1213	0.970	0.030	replaced
books/assets/physics-3/fig-p0165-01.png	物理（第三册）	physics-3	165	T	high	对照 raw 第165页，已改 TikZ	图2.45	tex/books/物理（第三册）.tex:6929	255	152	708	0.960	0.040	replaced
books/assets/physics-3/fig-p0166-01.png	物理（第三册）	physics-3	166	T	high	对照 raw 第166页，已改 TikZ	图2.46	tex/books/物理（第三册）.tex:7046	310	200	1257	0.955	0.045	replaced
books/assets/physics-3/fig-p0169-01.png	物理（第三册）	physics-3	169	T	high	对照 raw 第169页，已改 TikZ	(a)	tex/books/物理（第三册）.tex:7170	254	158	788	0.967	0.033	replaced
books/assets/physics-3/fig-p0169-02.png	物理（第三册）	physics-3	169	T	high	对照 raw 第169页，已改 TikZ	(b)	tex/books/物理（第三册）.tex:7178	257	153	760	0.969	0.031	replaced
books/assets/physics-3/fig-p0171-01.png	物理（第三册）	physics-3	171	T	high	对照 raw 第171页，已改 TikZ	图 2.48 欧姆表的构造原理	tex/books/物理（第三册）.tex:7225	295	95	694	0.963	0.037	replaced
books/assets/physics-3/fig-p0171-02.png	物理（第三册）	physics-3	171	T	high	对照 raw 第171页，已改 TikZ	(4)	tex/books/物理（第三册）.tex:7241	188	242	1302	0.949	0.051	replaced
books/assets/physics-3/fig-p0171-03.png	物理（第三册）	physics-3	171	T	high	对照 raw 第171页，已改 TikZ	(b)	tex/books/物理（第三册）.tex:7249	175	242	1213	0.956	0.044	replaced
books/assets/physics-3/fig-p0171-04.png	物理（第三册）	physics-3	171	T	high	对照 raw 第171页，已改 TikZ	(c)	tex/books/物理（第三册）.tex:7257	177	242	1287	0.951	0.049	replaced
books/assets/physics-3/fig-p0172-01.png	物理（第三册）	physics-3	172	T	high	对照 raw 第172页，已改 TikZ	图 2.50 惠斯通电桥	tex/books/物理（第三册）.tex:7292	341	256	1794	0.973	0.027	replaced
books/assets/physics-3/fig-p0174-01.png	物理（第三册）	physics-3	174	T	high	对照 raw 第174页，已改 TikZ	图2.51 滑线式电桥	tex/books/物理（第三册）.tex:7356	359	259	1797	0.951	0.049	replaced
books/assets/physics-3/fig-p0175-01.png	物理（第三册）	physics-3	175	T	high	对照 raw 第175页，已改 TikZ	图2.52 电势差计的原则	tex/books/物理（第三册）.tex:7379	165	154	548	0.970	0.030	replaced
books/assets/physics-3/fig-p0175-02.png	物理（第三册）	physics-3	175	T	high	对照 raw 第175页，已改 TikZ	图2.53 电势差计的校准测量	tex/books/物理（第三册）.tex:7402	386	273	1754	0.966	0.034	replaced
books/assets/physics-3/fig-p0177-01.png	物理（第三册）	physics-3	177	T	high	对照 raw 第177页，已改 TikZ	(第1题)	tex/books/物理（第三册）.tex:7474	217	125	669	0.949	0.051	replaced
books/assets/physics-3/fig-p0177-02.png	物理（第三册）	physics-3	177	T	high	对照 raw 第177页，已改 TikZ	(第2题)	tex/books/物理（第三册）.tex:7482	254	127	763	0.950	0.050	replaced
books/assets/physics-3/fig-p0177-03.png	物理（第三册）	physics-3	177	T	high	对照 raw 第177页，已改 TikZ	(第3题)	tex/books/物理（第三册）.tex:7501	155	194	960	0.933	0.067	replaced
books/assets/physics-3/fig-p0177-04.png	物理（第三册）	physics-3	177	T	high	对照 raw 第177页，已改 TikZ	(第4题)	tex/books/物理（第三册）.tex:7509	183	216	969	0.945	0.055	replaced
books/assets/physics-3/fig-p0178-01.png	物理（第三册）	physics-3	178	T	high	对照 raw 第178页，已改 TikZ	(第5题)	tex/books/物理（第三册）.tex:7535	308	219	1527	0.949	0.051	replaced
books/assets/physics-3/fig-p0178-02.png	物理（第三册）	physics-3	178	T	high	对照 raw 第178页，已改 TikZ	(第6题)	tex/books/物理（第三册）.tex:7550	264	226	1673	0.953	0.047	replaced
books/assets/physics-3/fig-p0179-01.png	物理（第三册）	physics-3	179	T	low	初分待对照 raw 改轨	图2.54 液体导电实验	tex/books/物理（第三册）.tex:7570	155	192	1327	0.890	0.110	pending
books/assets/physics-3/fig-p0179-02.png	物理（第三册）	physics-3	179	T	low	初分待对照 raw 改轨	图2.55 离子导电	tex/books/物理（第三册）.tex:7587	262	220	2323	0.889	0.111	pending
books/assets/physics-3/fig-p0180-01.png	物理（第三册）	physics-3	180	T	low	初分待对照 raw 改轨	图2.56 电解盐酸	tex/books/物理（第三册）.tex:7606	235	188	1872	0.868	0.132	pending
books/assets/physics-3/fig-p0185-01.png	物理（第三册）	physics-3	185	T	medium	高留白线稿	图2.57	tex/books/物理（第三册）.tex:7814	273	303	1682	0.963	0.037	pending
books/assets/physics-3/fig-p0187-01.png	物理（第三册）	physics-3	187	V	low	初分待对照 raw 改轨	图 2.58 有手动调节器的弧光灯	tex/books/物理（第三册）.tex:7846	235	230	2460	0.833	0.167	pending
books/assets/physics-3/fig-p0187-02.png	物理（第三册）	physics-3	187	T	medium	高留白线稿	图 2.59 钢薄气体里的放电	tex/books/物理（第三册）.tex:7854	213	187	877	0.961	0.039	pending
books/assets/physics-3/fig-p0192-01.png	物理（第三册）	physics-3	192	T	high	对照 raw 第192页，已改 TikZ	图 2.60 含有反电动势的电路	tex/books/物理（第三册）.tex:8096	229	146	633	0.961	0.039	replaced
books/assets/physics-3/fig-p0193-01.png	物理（第三册）	physics-3	193	T	high	对照 raw 第193页，已改 TikZ	图2.61	tex/books/物理（第三册）.tex:8125	219	99	633	0.952	0.048	replaced
books/assets/physics-3/fig-p0193-02.png	物理（第三册）	physics-3	193	T	high	对照 raw 第193页，已改 TikZ	图2.62	tex/books/物理（第三册）.tex:8133	208	108	654	0.945	0.055	replaced
books/assets/physics-3/fig-p0194-01.png	物理（第三册）	physics-3	194	T	high	对照 raw 第194页，已改 TikZ	(第1题)	tex/books/物理（第三册）.tex:8191	148	174	695	0.953	0.047	replaced
books/assets/physics-3/fig-p0194-02.png	物理（第三册）	physics-3	194	T	high	对照 raw 第194页，已改 TikZ	(第2题)	tex/books/物理（第三册）.tex:8199	218	165	669	0.964	0.036	replaced
books/assets/physics-3/fig-p0195-01.png	物理（第三册）	physics-3	195	T	high	对照 raw 第195页，已改 TikZ	(第3题)	tex/books/物理（第三册）.tex:8224	178	184	709	0.958	0.042	replaced
books/assets/physics-3/fig-p0195-02.png	物理（第三册）	physics-3	195	T	high	对照 raw 第195页，已改 TikZ	(第4题)	tex/books/物理（第三册）.tex:8232	182	222	1124	0.938	0.062	replaced
books/assets/physics-3/fig-p0195-03.png	物理（第三册）	physics-3	195	T	high	对照 raw 第195页，已改 TikZ	(第5题)	tex/books/物理（第三册）.tex:8261	261	177	1187	0.946	0.054	replaced
books/assets/physics-3/fig-p0196-01.png	物理（第三册）	physics-3	196	T	high	对照 raw 第196页，已改 TikZ	(第8题)	tex/books/物理（第三册）.tex:8281	207	197	1313	0.962	0.038	replaced
books/assets/physics-3/fig-p0196-02.png	物理（第三册）	physics-3	196	T	high	对照 raw 第196页，已改 TikZ	(第9题)	tex/books/物理（第三册）.tex:8289	311	195	1262	0.954	0.046	replaced
books/assets/physics-3/fig-p0196-03.png	物理（第三册）	physics-3	196	T	high	对照 raw 第196页，已改 TikZ	(第10题)	tex/books/物理（第三册）.tex:8329	261	232	1214	0.957	0.043	replaced
books/assets/physics-3/fig-p0196-04.png	物理（第三册）	physics-3	196	T	high	对照 raw 第196页，已改 TikZ	(第11题)	tex/books/物理（第三册）.tex:8337	213	183	1199	0.932	0.068	replaced
books/assets/physics-3/fig-p0197-01.png	物理（第三册）	physics-3	197	T	high	对照 raw 第197页，已改 TikZ	(第13题)	tex/books/物理（第三册）.tex:8362	268	168	867	0.960	0.040	replaced
books/assets/physics-3/fig-p0197-02.png	物理（第三册）	physics-3	197	T	high	对照 raw 第197页，已改 TikZ	(第1+题)	tex/books/物理（第三册）.tex:8380	266	204	1037	0.966	0.034	replaced
books/assets/physics-3/fig-p0198-01.png	物理（第三册）	physics-3	198	T	high	对照 raw 第198页，已改 TikZ	(第15题)	tex/books/物理（第三册）.tex:8399	300	189	1386	0.959	0.041	replaced
books/assets/physics-3/fig-p0198-02.png	物理（第三册）	physics-3	198	T	high	对照 raw 第198页，已改 TikZ	(第2题)	tex/books/物理（第三册）.tex:8442	214	180	1448	0.938	0.062	replaced
books/assets/physics-3/fig-p0199-01.png	物理（第三册）	physics-3	199	T	high	对照 raw 第199页，已改 TikZ	(第3题)	tex/books/物理（第三册）.tex:8461	206	204	1146	0.956	0.044	replaced
books/assets/physics-3/fig-p0199-02.png	物理（第三册）	physics-3	199	T	high	对照 raw 第199页，已改 TikZ	(第4题)	tex/books/物理（第三册）.tex:8469	173	204	762	0.957	0.043	replaced
books/assets/physics-3/fig-p0200-01.png	物理（第三册）	physics-3	200	T	high	对照 raw 第200页，已改 TikZ	(第3题)	tex/books/物理（第三册）.tex:8517	179	130	616	0.943	0.057	replaced
books/assets/physics-3/fig-p0200-02.png	物理（第三册）	physics-3	200	T	high	对照 raw 第200页，已改 TikZ	(第3题)	tex/books/物理（第三册）.tex:8542	231	200	1072	0.972	0.028	replaced
books/assets/physics-3/fig-p0200-03.png	物理（第三册）	physics-3	200	T	high	对照 raw 第200页，已改 TikZ	(第2题)	tex/books/物理（第三册）.tex:8550	302	243	1659	0.947	0.053	replaced
books/assets/physics-3/fig-p0201-01.png	物理（第三册）	physics-3	201	T	high	对照 raw 第201页，已改 TikZ	(第3题)	tex/books/物理（第三册）.tex:8575	267	174	1243	0.951	0.049	replaced
books/assets/physics-3/fig-p0201-02.png	物理（第三册）	physics-3	201	T	high	对照 raw 第201页，已改 TikZ	(第4题)	tex/books/物理（第三册）.tex:8608	212	260	1403	0.947	0.053	replaced
books/assets/physics-3/fig-p0203-01.png	物理（第三册）	physics-3	203	P	medium	疑似网纹或照片	图3.1 天然磁体	tex/books/物理（第三册）.tex:8647	239	326	4306	0.834	0.166	pending
books/assets/physics-3/fig-p0203-02.png	物理（第三册）	physics-3	203	V	low	初分待对照 raw 改轨	图3.2 常用的几种形状的永磁体	tex/books/物理（第三册）.tex:8655	182	136	871	0.805	0.195	pending
books/assets/physics-3/fig-p0204-01.png	物理（第三册）	physics-3	204	T	high	对照 raw 第204页，已改 TikZ	图3.3 磁极。手捏条形磁体中部，两端铁屑簇集，中部无铁屑。示意图，未标N/S	tex/books/物理（第三册）.tex:8675	179	99	768	0.919	0.081	replaced
books/assets/physics-3/fig-p0204-02.png	物理（第三册）	physics-3	204	T	high	对照 raw 第204页，简易罗盘改示意图 TikZ	图3.4 简易罗盘。改为示意图：圆盘北南东西、刻度、玫瑰线；磁针北端涂暗、略偏西指北；顶挂环	tex/books/物理（第三册）.tex:8683	194	250	2488	0.868	0.132	replaced
books/assets/physics-3/fig-p0204-03.png	物理（第三册）	physics-3	204	T	high	对照 raw 第204页，已改 TikZ	图3.5 磁极相互作用。支架悬棒左N右S略外倾，下手持棒N近悬棒N，左标排斥与左指箭	tex/books/物理（第三册）.tex:8701	173	211	1398	0.922	0.078	replaced
books/assets/physics-3/fig-p0204-04.png	物理（第三册）	physics-3	204	T	high	对照 raw 第204页，已改 TikZ	图3.6 没有独立的磁极。(a)整棒N–P–S两端铁屑；(b)两段断口异号；(c)四段各N左S右略立体	tex/books/物理（第三册）.tex:8709	296	215	1683	0.947	0.053	replaced
books/assets/physics-3/fig-p0205-01.png	物理（第三册）	physics-3	205	T	high	对照 raw 第205页，三柱合幅已改 TikZ	图3.7合幅。(a)铁棒下皿铁屑未吸；(b)N极下近软铁、下吸铁屑；(c)棒上S下N、底磁针北端外指。对应扫描页三图并排裁块	tex/books/物理（第三册）.tex:8731	466	284	3566	0.916	0.084	replaced
books/assets/physics-3/fig-p0205-02.png	物理（第三册）	physics-3	205	T	high	对照 raw 第205页，已改 TikZ	图3.7(a)。支架夹铁棒，下皿铁屑未吸起，旁标铁棒	tex/books/物理（第三册）.tex:8737	145	230	1079	0.911	0.089	replaced
books/assets/physics-3/fig-p0205-03.png	物理（第三册）	physics-3	205	T	high	对照 raw 第205页，已改 TikZ	图3.7(b)。手持磁棒N极下近软铁，下端吸起铁屑，旁标软铁	tex/books/物理（第三册）.tex:8743	144	256	1488	0.879	0.121	replaced
books/assets/physics-3/fig-p0205-04.png	物理（第三册）	physics-3	205	T	high	对照 raw 第205页，已改 TikZ	图3.8 磁感应（二）。N极下近铁棒，棒上S下N，旁标铁棒；底小磁针北端被推离并有弯箭	tex/books/物理（第三册）.tex:8749	148	253	1327	0.900	0.100	replaced
books/assets/physics-3/fig-p0206-01.png	物理（第三册）	physics-3	206	T	medium	高留白线稿	图3.9 磁电材料的一些应用	tex/books/物理（第三册）.tex:8778	468	256	4267	0.921	0.079	pending
books/assets/physics-3/fig-p0207-01.png	物理（第三册）	physics-3	207	T	high	对照 raw 第207页，已改 TikZ	图3.10 条形磁体左N右S，平滑磁力线自N出、入S，端扇与上下弧箭贴扫描	tex/books/物理（第三册）.tex:8802	330	242	3308	0.930	0.070	replaced
books/assets/physics-3/fig-p0208-01.png	物理（第三册）	physics-3	208	T	high	对照 raw 第208页，已改 TikZ	图3.11 单根磁力线 A/B/C，切线箭分别斜上、水平、斜下	tex/books/物理（第三册）.tex:8816	271	130	794	0.965	0.035	replaced
books/assets/physics-3/fig-p0208-02.png	物理（第三册）	physics-3	208	P	medium	疑似网纹或照片	图3.12 李其磁体周围向磁力线	tex/books/物理（第三册）.tex:8832	334	198	6333	0.777	0.223	pending
books/assets/physics-3/fig-p0209-01.png	物理（第三册）	physics-3	209	T	low	初分待对照 raw 改轨	图 3.13 两个同号磁极的磁力线	tex/books/物理（第三册）.tex:8840	334	223	5038	0.901	0.099	pending
books/assets/physics-3/fig-p0209-02.png	物理（第三册）	physics-3	209	T	high	对照 raw 第209页，已改 TikZ	图3.14 地磁场。上地磁南极S/地理北极，下地理南极/地磁北极N；外虚线磁力线自下N弯上入S	tex/books/物理（第三册）.tex:8857	216	259	2926	0.917	0.083	replaced
books/assets/physics-3/fig-p0210-01.png	物理（第三册）	physics-3	210	T	high	对照 raw 第210页，已改 TikZ	习题3.1第6题合幅 (a)–(e)：条形/蹄形/两极水平/棒形/两极竖直，针N端涂黑，磁铁不标极	tex/books/物理（第三册）.tex:8892	553	380	3116	0.969	0.031	replaced
books/assets/physics-3/fig-p0210-02.png	物理（第三册）	physics-3	210	T	high	对照 raw 第210页，已改 TikZ	(a) 条形磁铁上方磁针左S右N	tex/books/物理（第三册）.tex:8898	187	76	470	0.925	0.075	replaced
books/assets/physics-3/fig-p0210-03.png	物理（第三册）	physics-3	210	T	high	对照 raw 第210页，已改 TikZ	(b) 蹄形磁铁左极上斜针尖N尾S	tex/books/物理（第三册）.tex:8904	149	177	828	0.951	0.049	replaced
books/assets/physics-3/fig-p0210-04.png	物理（第三册）	physics-3	210	T	high	对照 raw 第210页，已改 TikZ	(c) 两磁极隙中水平针左S右N	tex/books/物理（第三册）.tex:8910	199	113	669	0.946	0.054	replaced
books/assets/physics-3/fig-p0210-05.png	物理（第三册）	physics-3	210	T	high	对照 raw 第210页，已改 TikZ	(d) 棒形磁铁右旁针左S右N	tex/books/物理（第三册）.tex:8916	225	72	560	0.930	0.070	replaced
books/assets/physics-3/fig-p0210-06.png	物理（第三册）	physics-3	210	T	high	对照 raw 第210页，已改 TikZ	(e) 两磁极隙中竖直磁针上N黑下S白，上标磁铁；假caption (1)(2)→(e)	tex/books/物理（第三册）.tex:8922	205	158	760	0.955	0.045	replaced
books/assets/physics-3/fig-p0211-01.png	物理（第三册）	physics-3	211	T	high	对照 raw 第211页，已改 TikZ	图3.15 奥斯特实验：双手持导线横跨磁针，电流左→右，针左N右S略偏；右杯形电池	tex/books/物理（第三册）.tex:8939	225	122	1086	0.928	0.072	replaced
books/assets/physics-3/fig-p0211-02.png	物理（第三册）	physics-3	211	T	low	初分待对照 raw 改轨	图 3.16 直线电流的磁场	tex/books/物理（第三册）.tex:8949	198	153	1661	0.892	0.108	pending
books/assets/physics-3/fig-p0211-03.png	物理（第三册）	physics-3	211	T	high	对照 raw 第211页，已改 TikZ	图3.17 竖直导线穿水平板，三同心磁力线箭逆时针（俯视），下标电流方向上指	tex/books/物理（第三册）.tex:8957	220	171	1292	0.929	0.071	replaced
books/assets/physics-3/fig-p0212-01.png	物理（第三册）	physics-3	212	T	high	对照 raw 第212页，已改 TikZ	图3.18 安培定则(一)：右手握水平导线，拇指向左为I，四指环绕；右标电流方向	tex/books/物理（第三册）.tex:8969	223	95	890	0.914	0.086	replaced
books/assets/physics-3/fig-p0212-02.png	物理（第三册）	physics-3	212	T	medium	高留白线稿	图3.19 对形电流的线中的磁力线	tex/books/物理（第三册）.tex:8984	258	247	2201	0.932	0.068	pending
books/assets/physics-3/fig-p0212-03.png	物理（第三册）	physics-3	212	T	high	对照 raw 第212页，已改 TikZ	图3.20 半环穿板，I顶左→右；板面左右穿点磁力线，中心竖针上N下S；下+−	tex/books/物理（第三册）.tex:8992	308	213	3321	0.904	0.096	replaced
books/assets/physics-3/fig-p0213-01.png	物理（第三册）	physics-3	213	T	high	对照 raw 第213页，已改 TikZ	图3.21 安培定则判环形电流：四指顺I，拇指沿轴指右为B	tex/books/物理（第三册）.tex:9002	169	124	819	0.924	0.076	replaced
books/assets/physics-3/fig-p0213-02.png	物理（第三册）	physics-3	213	T	medium	高留白线稿	(a)	tex/books/物理（第三册）.tex:9017	343	115	1490	0.922	0.078	pending
books/assets/physics-3/fig-p0213-03.png	物理（第三册）	physics-3	213	T	high	对照 raw 第213页，已改 TikZ	图3.22(b) 通电螺线管磁力线：内虚线向左、外弧N→S；左+上箭右−下箭；caption/emph 磁层→磁场	tex/books/物理（第三册）.tex:9025	405	302	3445	0.961	0.039	replaced
books/assets/physics-3/fig-p0214-01.png	物理（第三册）	physics-3	214	T	high	对照 raw 第214页，已改 TikZ	图3.23 能自由转动的通电螺线管：底座接线柱竖杆横臂悬螺线管，下引线标接电池组	tex/books/物理（第三册）.tex:9037	211	253	1955	0.862	0.138	replaced
books/assets/physics-3/fig-p0214-02.png	物理（第三册）	physics-3	214	T	high	对照 raw 第214页，已改 TikZ	图3.24 安培定则(二)：右手握螺线管，拇指向左N，端扇磁力线	tex/books/物理（第三册）.tex:9045	235	142	1269	0.915	0.085	replaced
books/assets/physics-3/fig-p0215-01.png	物理（第三册）	physics-3	215	T	high	对照 raw 第215页，已改 TikZ	图3.25 分子环流：竖椭圆环流前侧下箭，水平轴左箭N、右S	tex/books/物理（第三册）.tex:9064	187	118	544	0.961	0.039	replaced
books/assets/physics-3/fig-p0215-02.png	物理（第三册）	physics-3	215	T	high	对照 raw 第215页，已改 TikZ	图3.26 磁体中分子环流 a杂乱/b取向一致+横截面密圆/c等效表面环流+空圆；b→c竖箭	tex/books/物理（第三册）.tex:9072	274	288	3624	0.890	0.110	replaced
books/assets/physics-3/fig-p0216-01.png	物理（第三册）	physics-3	216	T	high	对照 raw 第216页，已改 TikZ	习题3.2第1题：导线AB上I右指，下磁针左N黑右S；假caption (年1题)→(第1题)	tex/books/物理（第三册）.tex:9105	195	84	461	0.939	0.061	replaced
books/assets/physics-3/fig-p0216-02.png	物理（第三册）	physics-3	216	T	high	对照 raw 第216页，已改 TikZ	习题3.2第2题(a)：导线AB，上两排×向里、下两排·向外；假caption (4)→(a)	tex/books/物理（第三册）.tex:9121	186	96	512	0.958	0.042	replaced
books/assets/physics-3/fig-p0216-03.png	物理（第三册）	physics-3	216	T	high	对照 raw 第216页，已改 TikZ	习题3.2第2题(b)：导线截面+三同心磁力线顶左指（逆时针），右标导线/磁力线	tex/books/物理（第三册）.tex:9129	138	98	675	0.925	0.075	replaced
books/assets/physics-3/fig-p0217-01.png	物理（第三册）	physics-3	217	T	high	对照 raw 第217页，已改 TikZ	习题3.2第3题：圆环下缺口接A、B，中心磁针左S白右N黑	tex/books/物理（第三册）.tex:9152	127	146	750	0.936	0.064	replaced
books/assets/physics-3/fig-p0217-02.png	物理（第三册）	physics-3	217	T	high	对照 raw 第217页，已改 TikZ	习题3.2第4题：螺线管接电池与断开电键；管内A、上方B、右外C竖针，C上S下N	tex/books/物理（第三册）.tex:9160	211	170	1091	0.926	0.074	replaced
books/assets/physics-3/fig-p0218-01.png	物理（第三册）	physics-3	218	T	high	对照 raw 第218页，已改 TikZ	图3.27 磁场对直线电流：(a)(b)蹄形磁铁左N右S，顶梁双弹簧悬AB；a中A+B−且F↑，b中B+A−且F↓弹簧更长	tex/books/物理（第三册）.tex:9194	377	355	3730	0.954	0.046	replaced
books/assets/physics-3/fig-p0219-01.png	物理（第三册）	physics-3	219	T	high	对照 raw 第219页，已改 TikZ	图3.28 测磁感应强度：铁架台弹簧秤悬矩形线圈，短边L入蹄形磁铁N–S隙；电键+电池组	tex/books/物理（第三册）.tex:9211	232	279	2136	0.933	0.067	replaced
books/assets/physics-3/fig-p0221-01.png	物理（第三册）	physics-3	221	T	high	对照 raw 第221页，已改 TikZ	图3.29 匀强磁场：左N右S点纹极面，隙间四平行磁力线右指，上下外弯磁力线	tex/books/物理（第三册）.tex:9289	149	130	1268	0.876	0.124	replaced
books/assets/physics-3/fig-p0223-01.png	物理（第三册）	physics-3	223	T	high	对照 raw 第223页，已改 TikZ	图3.30 任意角θ：竖圆柱导线I向下，斜B线；左分解B→B1竖+B2横；假caption角度6→θ	tex/books/物理（第三册）.tex:9373	230	403	2927	0.949	0.051	replaced
books/assets/physics-3/fig-p0224-01.png	物理（第三册）	physics-3	224	T	high	对照 raw 第224页，已改 TikZ	图3.31：左N右S，B右指，电流·外，F↑	tex/books/物理（第三册）.tex:9415	228	129	1190	0.924	0.076	replaced
books/assets/physics-3/fig-p0224-02.png	物理（第三册）	physics-3	224	T	high	对照 raw 第224页，已改 TikZ	图3.31：左S右N，B左指，电流·外，F↓	tex/books/物理（第三册）.tex:9421	227	129	1307	0.904	0.096	replaced
books/assets/physics-3/fig-p0224-03.png	物理（第三册）	physics-3	224	T	high	对照 raw 第224页，已改 TikZ	图3.31：左N右S，B右指，电流×里，F↓	tex/books/物理（第三册）.tex:9427	227	132	1265	0.915	0.085	replaced
books/assets/physics-3/fig-p0224-04.png	物理（第三册）	physics-3	224	T	high	对照 raw 第224页，已改 TikZ	图3.31：左S右N，B左指，电流×里，F↑	tex/books/物理（第三册）.tex:9433	226	132	1235	0.913	0.087	replaced
books/assets/physics-3/fig-p0225-01.png	物理（第三册）	physics-3	225	T	high	对照 raw 第225页，已改 TikZ	图3.32 左手定则。左S右N点纹极面，磁力线左指；导线斜向纵深I同向；左手掌心对N，四指顺I，拇指上指F	tex/books/物理（第三册）.tex:9445	339	253	3771	0.889	0.111	replaced
books/assets/physics-3/fig-p0226-01.png	物理（第三册）	physics-3	226	T	high	对照 raw 第226页，已改 TikZ	图3.33(a) 反向电流相斥。顶梁悬导线b（I↓）与a（I↑），中段外弓，下端浸水银杯	tex/books/物理（第三册）.tex:9480	242	323	1175	0.979	0.021	replaced
books/assets/physics-3/fig-p0226-02.png	物理（第三册）	physics-3	226	T	high	对照 raw 第226页，已改 TikZ	图3.33(b) 同向电流相吸。顶梁两端子短接，导线a、b均I↓中段内弓，下端浸水银杯，回流自杯侧引出	tex/books/物理（第三册）.tex:9488	212	320	1471	0.970	0.030	replaced
books/assets/physics-3/fig-p0227-01.png	物理（第三册）	physics-3	227	P	medium	疑似网纹或照片	(a)	tex/books/物理（第三册）.tex:9506	210	134	2277	0.869	0.131	pending
books/assets/physics-3/fig-p0227-02.png	物理（第三册）	physics-3	227	T	high	对照 raw 第227页，已改 TikZ	图3.34(b) 同向平行电流磁场。导线a、b截面均×（电流向里），近旁同心圆顺时针，外侧合成卵形磁力线顺时针	tex/books/物理（第三册）.tex:9514	207	139	1885	0.909	0.091	replaced
books/assets/physics-3/fig-p0227-03.png	物理（第三册）	physics-3	227	T	high	对照 raw 第227页，已改 TikZ	图3.35 反向平行电流相斥。a截面·（外），虚线磁力线逆时针过b；b截面×（里），切向B下指，F左指相斥	tex/books/物理（第三册）.tex:9527	224	171	986	0.968	0.032	replaced
books/assets/physics-3/fig-p0228-01.png	物理（第三册）	physics-3	228	T	high	对照 raw 第228页，已改 TikZ	习题3.4第1题。匀强B右指，导线截面空心圆，F向下（求电流方向）	tex/books/物理（第三册）.tex:9554	170	119	536	0.923	0.077	replaced
books/assets/physics-3/fig-p0228-02.png	物理（第三册）	physics-3	228	T	high	对照 raw 第228页，已改 TikZ	习题3.4第1题。导线截面·（电流外），F向右（求B方向）	tex/books/物理（第三册）.tex:9560	90	52	242	0.946	0.054	replaced
books/assets/physics-3/fig-p0228-03.png	物理（第三册）	physics-3	228	T	high	对照 raw 第228页，已改 TikZ	习题3.4第1题。匀强B右指，导线截面·（电流外）（求F方向）	tex/books/物理（第三册）.tex:9566	177	107	553	0.936	0.064	replaced
books/assets/physics-3/fig-p0228-04.png	物理（第三册）	physics-3	228	T	high	对照 raw 第228页，已改 TikZ	习题3.4第7题。竖直固定导线AB（I↑）与可动水平导线CD（I→）垂直交叉，CD在前	tex/books/物理（第三册）.tex:9602	242	212	494	0.969	0.031	replaced
books/assets/physics-3/fig-p0228-05.png	物理（第三册）	physics-3	228	T	high	对照 raw 第228页，已改 TikZ	习题3.4第8题。Roget螺旋：铁架台悬弹簧下端触水银杯，经变阻器R与电池成回路	tex/books/物理（第三册）.tex:9610	200	262	1281	0.937	0.063	replaced
books/assets/physics-3/fig-p0229-01.png	物理（第三册）	physics-3	229	T	high	对照 raw 第229页，已改 TikZ	习题3.4第9题。棒M悬于O'O，左挂砝码m；右端通电矩形导线ABCD置于螺线管I0产生的匀强B中	tex/books/物理（第三册）.tex:9636	336	166	1988	0.900	0.100	replaced
books/assets/physics-3/fig-p0229-02.png	物理（第三册）	physics-3	229	T	high	对照 raw 第229页，已改 TikZ	图3.36 磁场对通电矩形线圈的作用(一)。顶电池与开关K，悬线PP'、QQ'；点纹磁极间B右指；线圈ABCD，AC与BD受力F成力偶	tex/books/物理（第三册）.tex:9649	181	300	1846	0.888	0.112	replaced
books/assets/physics-3/fig-p0230-01.png	物理（第三册）	physics-3	230	T	high	四联合成图，分图已换 TikZ，合成引用已删	图3.37 场为通电线圈（甲、乙）	tex/books/物理（第三册）.tex:9666	326	338	2426	0.964	0.036	replaced
books/assets/physics-3/fig-p0230-02.png	物理（第三册）	physics-3	230	T	high	对照 raw 第230页，已改 TikZ	图3.37(a) 俯视。AB∥B，A×（里）F↓、B·（外）F↑，力偶顺时针	tex/books/物理（第三册）.tex:9672	162	131	599	0.961	0.039	replaced
books/assets/physics-3/fig-p0230-03.png	物理（第三册）	physics-3	230	T	high	对照 raw 第230页，已改 TikZ	图3.37(b) 俯视。AB⊥B，B上·F↑、A下×F↓共线，力矩为零（平衡）	tex/books/物理（第三册）.tex:9678	162	145	634	0.959	0.041	replaced
books/assets/physics-3/fig-p0230-04.png	物理（第三册）	physics-3	230	T	high	对照 raw 第230页，已改 TikZ	图3.37(c) 俯视。AB与B成角，A×F↓、B·F↑，力偶顺时针趋于平衡	tex/books/物理（第三册）.tex:9684	158	145	690	0.964	0.036	replaced
books/assets/physics-3/fig-p0230-05.png	物理（第三册）	physics-3	230	T	high	对照 raw 第230页，已改 TikZ	图3.37(d) 俯视。AB与磁力线成θ，A×F↓、B·F↑，力偶臂为ABcosθ	tex/books/物理（第三册）.tex:9690	155	146	734	0.950	0.050	replaced
books/assets/physics-3/fig-p0232-01.png	物理（第三册）	physics-3	232	T	high	对照 raw 第232页，已改 TikZ	图3.38 均匀辐向磁场。左N右S凹极面，中心软铁柱K，斜置线圈框C；气隙中磁力线沿半径：N侧内指、S侧外指	tex/books/物理（第三册）.tex:9760	200	146	1514	0.902	0.098	replaced
books/assets/physics-3/fig-p0232-02.png	物理（第三册）	physics-3	232	T	high	对照 raw 第232页，已改 TikZ	图3.39 灵敏电流表构造。蹄形磁极N（右半截去），软铁柱E，矩形线圈C绕a–a轴；上下游丝Q，指针n指刻度盘B中央0	tex/books/物理（第三册）.tex:9773	221	404	3293	0.939	0.061	replaced
books/assets/physics-3/fig-p0234-01.png	物理（第三册）	physics-3	234	T	high	对照 raw 第234页，已改 TikZ	图3.40 安培表构造。虚线框内G与分流电阻r并联；左+右−；上支Ig、下支Is	tex/books/物理（第三册）.tex:9839	223	135	840	0.950	0.050	replaced
books/assets/physics-3/fig-p0234-02.png	物理（第三册）	physics-3	234	T	high	对照 raw 第234页，已改 TikZ	图3.41 安培表中的分路。表壳底部两接线柱间粗分流电阻，两侧壁剖面斜线，细线接表头	tex/books/物理（第三册）.tex:9847	175	95	1017	0.870	0.130	replaced
books/assets/physics-3/fig-p0236-01.png	物理（第三册）	physics-3	236	T	high	对照 raw 第236页，已改 TikZ	图3.42 万用表中测量直流电流部分。表头G在顶边，左竖接分流r1、r2、r3触点，右刀开关K选一；底左−底右+	tex/books/物理（第三册）.tex:9887	148	175	938	0.941	0.059	replaced
books/assets/physics-3/fig-p0236-02.png	物理（第三册）	physics-3	236	T	high	对照 raw 第236页，已改 TikZ	图3.43 伏特表构造。虚线框内分压电阻R与表头G串联；左+右−，电流I向右	tex/books/物理（第三册）.tex:9895	224	127	620	0.968	0.032	replaced
books/assets/physics-3/fig-p0237-01.png	物理（第三册）	physics-3	237	T	high	对照 raw 第237页，已改 TikZ	图3.44 万用表中测量直流电压部分。−经表头G（Rg）至母线，分压r1、r2、r3下垂触点，刀开关K接+	tex/books/物理（第三册）.tex:9937	206	206	1016	0.948	0.052	replaced
books/assets/physics-3/fig-p0238-01.png	物理（第三册）	physics-3	238	T	low	初分待对照 raw 改轨	(a)	tex/books/物理（第三册）.tex:9958	152	207	1163	0.918	0.082	pending
books/assets/physics-3/fig-p0238-02.png	物理（第三册）	physics-3	238	T	low	初分待对照 raw 改轨	(b)	tex/books/物理（第三册）.tex:9966	154	231	1230	0.917	0.083	pending
books/assets/physics-3/fig-p0240-01.png	物理（第三册）	physics-3	240	T	medium	高留白线稿	(2)	tex/books/物理（第三册）.tex:10041	172	54	378	0.926	0.074	pending
books/assets/physics-3/fig-p0240-02.png	物理（第三册）	physics-3	240	T	low	初分待对照 raw 改轨	(2)	tex/books/物理（第三册）.tex:10047	170	63	540	0.893	0.107	pending
books/assets/physics-3/fig-p0240-03.png	物理（第三册）	physics-3	240	T	medium	高留白线稿	(2)	tex/books/物理（第三册）.tex:10053	98	76	442	0.926	0.074	pending
books/assets/physics-3/fig-p0240-04.png	物理（第三册）	physics-3	240	T	low	初分待对照 raw 改轨	(2)	tex/books/物理（第三册）.tex:10059	169	64	510	0.879	0.121	pending
books/assets/physics-3/fig-p0240-05.png	物理（第三册）	physics-3	240	T	medium	高留白线稿	(2)	tex/books/物理（第三册）.tex:10065	84	55	328	0.939	0.061	pending
books/assets/physics-3/fig-p0241-01.png	物理（第三册）	physics-3	241	T	medium	高留白线稿	图3.47 金属导体中连续运动的电子	tex/books/物理（第三册）.tex:10087	299	94	1090	0.922	0.078	pending
books/assets/physics-3/fig-p0241-02.png	物理（第三册）	physics-3	241	T	medium	高留白线稿	图3.48 磁场对运动电荷的阻力	tex/books/物理（第三册）.tex:10128	241	130	869	0.935	0.065	pending
books/assets/physics-3/fig-p0242-01.png	物理（第三册）	physics-3	242	T	medium	高留白线稿	(a)	tex/books/物理（第三册）.tex:10160	170	177	1141	0.943	0.057	pending
books/assets/physics-3/fig-p0242-02.png	物理（第三册）	physics-3	242	T	medium	高留白线稿	(b)	tex/books/物理（第三册）.tex:10168	169	175	1173	0.931	0.069	pending
books/assets/physics-3/fig-p0243-01.png	物理（第三册）	physics-3	243	T	medium	高留白线稿	图3.50	tex/books/物理（第三册）.tex:10208	199	204	1232	0.965	0.035	pending
books/assets/physics-3/fig-p0245-01.png	物理（第三册）	physics-3	245	T	medium	高留白线稿	图 3.51 质谱仪原理示意图	tex/books/物理（第三册）.tex:10252	361	199	2638	0.922	0.078	pending
books/assets/physics-3/fig-p0246-01.png	物理（第三册）	physics-3	246	T	medium	高留白线稿	图3.52 回旋加速	tex/books/物理（第三册）.tex:10295	513	302	3159	0.972	0.028	pending
books/assets/physics-3/fig-p0247-01.png	物理（第三册）	physics-3	247	T	medium	高留白线稿	(第3题)	tex/books/物理（第三册）.tex:10340	232	181	1025	0.927	0.073	pending
books/assets/physics-3/fig-p0248-01.png	物理（第三册）	physics-3	248	T	medium	高留白线稿	. 第7题)	tex/books/物理（第三册）.tex:10375	230	130	770	0.963	0.037	pending
books/assets/physics-3/fig-p0253-01.png	物理（第三册）	physics-3	253	T	low	初分待对照 raw 改轨	(第2题)	tex/books/物理（第三册）.tex:10623	95	148	757	0.882	0.118	pending
books/assets/physics-3/fig-p0253-02.png	物理（第三册）	physics-3	253	T	low	初分待对照 raw 改轨	(第4题)	tex/books/物理（第三册）.tex:10631	145	134	812	0.903	0.097	pending
books/assets/physics-3/fig-p0254-01.png	物理（第三册）	physics-3	254	T	low	初分待对照 raw 改轨	(a)	tex/books/物理（第三册）.tex:10639	123	98	661	0.871	0.129	pending
books/assets/physics-3/fig-p0254-02.png	物理（第三册）	physics-3	254	T	low	初分待对照 raw 改轨	(b)	tex/books/物理（第三册）.tex:10647	116	94	627	0.856	0.144	pending
books/assets/physics-3/fig-p0254-03.png	物理（第三册）	physics-3	254	T	low	初分待对照 raw 改轨	(c)	tex/books/物理（第三册）.tex:10655	118	94	686	0.862	0.138	pending
books/assets/physics-3/fig-p0254-04.png	物理（第三册）	physics-3	254	V	low	初分待对照 raw 改轨	(d)	tex/books/物理（第三册）.tex:10663	121	97	711	0.822	0.178	pending
books/assets/physics-3/fig-p0254-05.png	物理（第三册）	physics-3	254	T	low	初分待对照 raw 改轨	(第6题)	tex/books/物理（第三册）.tex:10682	193	180	813	0.916	0.084	pending
books/assets/physics-3/fig-p0254-06.png	物理（第三册）	physics-3	254	T	low	初分待对照 raw 改轨	(第7题)	tex/books/物理（第三册）.tex:10690	235	169	1610	0.890	0.110	pending
books/assets/physics-3/fig-p0254-07.png	物理（第三册）	physics-3	254	T	medium	高留白线稿	(a)	tex/books/物理（第三册）.tex:10709	181	189	634	0.952	0.048	pending
books/assets/physics-3/fig-p0254-08.png	物理（第三册）	physics-3	254	T	low	初分待对照 raw 改轨	(a)	tex/books/物理（第三册）.tex:10715	124	87	425	0.894	0.106	pending
books/assets/physics-3/fig-p0254-09.png	物理（第三册）	physics-3	254	T	low	初分待对照 raw 改轨	(a)	tex/books/物理（第三册）.tex:10721	126	146	703	0.890	0.110	pending
books/assets/physics-3/fig-p0255-01.png	物理（第三册）	physics-3	255	T	medium	高留白线稿	(第9题)	tex/books/物理（第三册）.tex:10746	267	210	1170	0.951	0.049	pending
books/assets/physics-3/fig-p0255-02.png	物理（第三册）	physics-3	255	T	medium	高留白线稿	(第10题)	tex/books/物理（第三册）.tex:10754	259	172	869	0.944	0.056	pending
books/assets/physics-3/fig-p0255-03.png	物理（第三册）	physics-3	255	T	low	初分待对照 raw 改轨	(第11题)	tex/books/物理（第三册）.tex:10777	236	154	1172	0.900	0.100	pending
books/assets/physics-3/fig-p0256-01.png	物理（第三册）	physics-3	256	T	medium	高留白线稿	(第13题)	tex/books/物理（第三册）.tex:10799	328	144	1102	0.934	0.066	pending
books/assets/physics-3/fig-p0256-02.png	物理（第三册）	physics-3	256	T	medium	高留白线稿	(第14题)	tex/books/物理（第三册）.tex:10817	206	195	986	0.935	0.065	pending
books/assets/physics-3/fig-p0256-03.png	物理（第三册）	physics-3	256	T	medium	高留白线稿	(第15题)	tex/books/物理（第三册）.tex:10825	307	300	2072	0.959	0.041	pending
books/assets/physics-3/fig-p0257-01.png	物理（第三册）	physics-3	257	T	low	初分待对照 raw 改轨	(第16题)	tex/books/物理（第三册）.tex:10851	192	183	1062	0.918	0.082	pending
books/assets/physics-3/fig-p0257-02.png	物理（第三册）	physics-3	257	T	medium	高留白线稿	(第17题)	tex/books/物理（第三册）.tex:10859	273	280	2129	0.938	0.062	pending
books/assets/physics-3/fig-p0258-01.png	物理（第三册）	physics-3	258	T	low	初分待对照 raw 改轨	（1）匀强磁场 B 向右，直导线电流 I 垂直纸面向里	tex/books/物理（第三册）.tex:10906	121	98	420	0.909	0.091	pending
books/assets/physics-3/fig-p0258-02.png	物理（第三册）	physics-3	258	T	medium	高留白线稿	（2）---（4）直导线在点阵、叉阵和弯曲磁场中的三种情形	tex/books/物理（第三册）.tex:10912	330	158	1473	0.949	0.051	pending
books/assets/physics-3/fig-p0258-03.png	物理（第三册）	physics-3	258	T	medium	高留白线稿	（5）直导线电流 I 向右、磁场力 F 向下	tex/books/物理（第三册）.tex:10918	103	85	313	0.939	0.061	pending
books/assets/physics-3/fig-p0258-04.png	物理（第三册）	physics-3	258	T	low	初分待对照 raw 改轨	（6）电流 I 垂直纸面向里、磁场力 F 向下	tex/books/物理（第三册）.tex:10924	48	74	243	0.902	0.098	pending
books/assets/physics-3/fig-p0258-05.png	物理（第三册）	physics-3	258	T	medium	高留白线稿	（7）左侧 N 极与垂直纸面向里的电流（左半图）	tex/books/物理（第三册）.tex:10930	97	114	375	0.932	0.068	pending
books/assets/physics-3/fig-p0258-06.png	物理（第三册）	physics-3	258	T	medium	高留白线稿	（7）右侧 S 极（右半图）	tex/books/物理（第三册）.tex:10936	53	108	193	0.940	0.060	pending
books/assets/physics-3/fig-p0258-07.png	物理（第三册）	physics-3	258	T	low	初分待对照 raw 改轨	（8）N、S 磁极上下相对，中间电流垂直纸面向外	tex/books/物理（第三册）.tex:10942	67	120	374	0.897	0.103	pending
books/assets/physics-3/fig-p0258-08.png	物理（第三册）	physics-3	258	T	low	初分待对照 raw 改轨	（9）S、N 磁极左右相对，中间电流向外、磁场力向下	tex/books/物理（第三册）.tex:10948	80	99	382	0.886	0.114	pending
books/assets/physics-3/fig-p0258-09.png	物理（第三册）	physics-3	258	T	low	初分待对照 raw 改轨	（10）N、S 磁极间的倾斜通电导线及磁场力	tex/books/物理（第三册）.tex:10954	140	110	746	0.884	0.116	pending
books/assets/physics-3/fig-p0258-10.png	物理（第三册）	physics-3	258	T	low	初分待对照 raw 改轨	（11）S、N 磁极间的竖直通电导线	tex/books/物理（第三册）.tex:10960	121	125	725	0.887	0.113	pending
books/assets/physics-3/fig-p0258-11.png	物理（第三册）	physics-3	258	T	low	初分待对照 raw 改轨	（12）马蹄形磁铁间的倾斜通电导线	tex/books/物理（第三册）.tex:10966	182	141	1088	0.916	0.084	pending
books/assets/physics-3/fig-p0258-12.png	物理（第三册）	physics-3	258	T	low	初分待对照 raw 改轨	转向：	tex/books/物理（第三册）.tex:11001	151	142	625	0.915	0.085	pending
books/assets/physics-3/fig-p0258-13.png	物理（第三册）	physics-3	258	T	low	初分待对照 raw 改轨	转向：	tex/books/物理（第三册）.tex:11011	130	126	852	0.876	0.124	pending
books/assets/physics-3/fig-p0258-14.png	物理（第三册）	physics-3	258	T	low	初分待对照 raw 改轨	左视转向：	tex/books/物理（第三册）.tex:11021	142	117	616	0.918	0.082	pending
books/assets/physics-3/fig-p0258-15.png	物理（第三册）	physics-3	258	T	medium	高留白线稿	转向：	tex/books/物理（第三册）.tex:11031	152	146	859	0.922	0.078	pending
books/assets/physics-3/fig-p0258-16.png	物理（第三册）	physics-3	258	T	medium	高留白线稿	转向：	tex/books/物理（第三册）.tex:11041	159	140	904	0.930	0.070	pending
books/assets/physics-3/fig-p0259-02.png	物理（第三册）	physics-3	259	T	medium	高留白线稿	软导线悬挂的导线 AB 绕轴转动示意图	tex/books/物理（第三册）.tex:11095	262	137	888	0.954	0.046	pending
books/assets/physics-3/fig-p0260-01.png	物理（第三册）	physics-3	260	T	medium	高留白线稿	带电微粒以初速 v₀ 进入带电平行板间	tex/books/物理（第三册）.tex:11120	223	120	541	0.949	0.051	pending
books/assets/physics-3/fig-p0260-03.png	物理（第三册）	physics-3	260	T	medium	高留白线稿	两根弹簧悬挂水平金属棒 AB 的装置	tex/books/物理（第三册）.tex:11150	221	139	838	0.961	0.039	pending
books/assets/physics-3/fig-p0261-01.png	物理（第三册）	physics-3	261	T	medium	高留白线稿	原PDF第261页题图	tex/books/物理（第三册）.tex:11167	216	95	345	0.946	0.054	pending
books/assets/physics-3/fig-p0261-02.png	物理（第三册）	physics-3	261	T	medium	高留白线稿	原PDF第261页题图	tex/books/物理（第三册）.tex:11184	280	162	885	0.964	0.036	pending
books/assets/physics-3/fig-p0263-01.png	物理（第三册）	physics-3	263	V	low	初分待对照 raw 改轨	图 4.1 获得感生电流的实验(一)	tex/books/物理（第三册）.tex:11206	198	186	2031	0.849	0.151	pending
books/assets/physics-3/fig-p0263-02.png	物理（第三册）	physics-3	263	T	low	初分待对照 raw 改轨	图 4.1 获得感生电流的实验(一)	tex/books/物理（第三册）.tex:11212	191	183	1812	0.873	0.127	pending
books/assets/physics-3/fig-p0263-03.png	物理（第三册）	physics-3	263	V	low	初分待对照 raw 改轨	图4.2 磁场和导线圈的相对运动	tex/books/物理（第三册）.tex:11233	216	247	2309	0.841	0.159	pending
books/assets/physics-3/fig-p0264-01.png	物理（第三册）	physics-3	264	T	medium	高留白线稿	图 4.3 导体作切割磁力线运动的实验	tex/books/物理（第三册）.tex:11250	273	251	2833	0.936	0.064	pending
books/assets/physics-3/fig-p0265-01.png	物理（第三册）	physics-3	265	T	low	初分待对照 raw 改轨	图4.4 获得感生电流实验(二)	tex/books/物理（第三册）.tex:11277	272	111	1280	0.916	0.084	pending
books/assets/physics-3/fig-p0266-01.png	物理（第三册）	physics-3	266	T	medium	高留白线稿	(第2题)	tex/books/物理（第三册）.tex:11327	170	326	1414	0.939	0.061	pending
books/assets/physics-3/fig-p0267-01.png	物理（第三册）	physics-3	267	T	medium	高留白线稿	(第3题)	tex/books/物理（第三册）.tex:11338	446	301	4946	0.927	0.073	pending
books/assets/physics-3/fig-p0268-01.png	物理（第三册）	physics-3	268	T	medium	高留白线稿	图 4.5 切割磁力线获得感生电流的方向	tex/books/物理（第三册）.tex:11364	531	148	1683	0.955	0.045	pending
books/assets/physics-3/fig-p0268-02.png	物理（第三册）	physics-3	268	T	low	初分待对照 raw 改轨	图4.6 右手定则	tex/books/物理（第三册）.tex:11376	306	286	4187	0.909	0.091	pending
books/assets/physics-3/fig-p0269-01.png	物理（第三册）	physics-3	269	T	low	初分待对照 raw 改轨	图4.7	tex/books/物理（第三册）.tex:11396	474	305	5473	0.891	0.109	pending
books/assets/physics-3/fig-p0269-02.png	物理（第三册）	physics-3	269	T	low	初分待对照 raw 改轨	图4.7	tex/books/物理（第三册）.tex:11402	90	121	384	0.919	0.081	pending
books/assets/physics-3/fig-p0269-03.png	物理（第三册）	physics-3	269	T	low	初分待对照 raw 改轨	图4.7	tex/books/物理（第三册）.tex:11408	65	121	313	0.899	0.101	pending
books/assets/physics-3/fig-p0269-04.png	物理（第三册）	physics-3	269	T	low	初分待对照 raw 改轨	图4.7	tex/books/物理（第三册）.tex:11414	56	121	289	0.883	0.117	pending
books/assets/physics-3/fig-p0269-05.png	物理（第三册）	physics-3	269	T	low	初分待对照 raw 改轨	图4.7	tex/books/物理（第三册）.tex:11420	57	121	354	0.883	0.117	pending
books/assets/physics-3/fig-p0269-06.png	物理（第三册）	physics-3	269	P	medium	疑似网纹或照片	图4.7	tex/books/物理（第三册）.tex:11426	127	144	1226	0.826	0.174	pending
books/assets/physics-3/fig-p0269-07.png	物理（第三册）	physics-3	269	P	medium	疑似网纹或照片	图4.7	tex/books/物理（第三册）.tex:11432	104	144	1228	0.783	0.217	pending
books/assets/physics-3/fig-p0269-08.png	物理（第三册）	physics-3	269	V	low	初分待对照 raw 改轨	图4.7	tex/books/物理（第三册）.tex:11438	105	144	1242	0.804	0.196	pending
books/assets/physics-3/fig-p0269-09.png	物理（第三册）	physics-3	269	V	low	初分待对照 raw 改轨	图4.7	tex/books/物理（第三册）.tex:11444	126	143	1215	0.839	0.161	pending
books/assets/physics-3/fig-p0270-01.png	物理（第三册）	physics-3	270	T	low	初分待对照 raw 改轨	图 4.8 感生电流的磁场阻碍着穿过导线圈的磁通量变化	tex/books/物理（第三册）.tex:11470	133	202	1105	0.913	0.087	pending
books/assets/physics-3/fig-p0270-02.png	物理（第三册）	physics-3	270	T	medium	高留白线稿	图 4.8 感生电流的磁场阻碍着穿过导线圈的磁通量变化	tex/books/物理（第三册）.tex:11476	129	202	1022	0.925	0.075	pending
books/assets/physics-3/fig-p0271-01.png	物理（第三册）	physics-3	271	T	low	初分待对照 raw 改轨	(接通)	tex/books/物理（第三册）.tex:11486	118	124	870	0.875	0.125	pending
books/assets/physics-3/fig-p0271-02.png	物理（第三册）	physics-3	271	T	low	初分待对照 raw 改轨	(断开)	tex/books/物理（第三册）.tex:11496	117	123	872	0.884	0.116	pending
books/assets/physics-3/fig-p0271-03.png	物理（第三册）	physics-3	271	T	low	初分待对照 raw 改轨	(接通)	tex/books/物理（第三册）.tex:11506	119	123	881	0.881	0.119	pending
books/assets/physics-3/fig-p0271-04.png	物理（第三册）	physics-3	271	T	low	初分待对照 raw 改轨	(断开)	tex/books/物理（第三册）.tex:11516	121	122	924	0.888	0.112	pending
books/assets/physics-3/fig-p0272-01.png	物理（第三册）	physics-3	272	T	medium	高留白线稿	图4.10	tex/books/物理（第三册）.tex:11553	214	200	789	0.967	0.033	pending
books/assets/physics-3/fig-p0272-02.png	物理（第三册）	physics-3	272	T	medium	高留白线稿	图4.11	tex/books/物理（第三册）.tex:11561	211	200	972	0.956	0.044	pending
books/assets/physics-3/fig-p0273-01.png	物理（第三册）	physics-3	273	T	medium	高留白线稿	图4.12	tex/books/物理（第三册）.tex:11591	329	235	1847	0.931	0.069	pending
books/assets/physics-3/fig-p0274-01.png	物理（第三册）	physics-3	274	T	medium	高留白线稿	(续1题)	tex/books/物理（第三册）.tex:11626	245	166	951	0.949	0.051	pending
books/assets/physics-3/fig-p0275-01.png	物理（第三册）	physics-3	275	T	medium	高留白线稿	(第6题)	tex/books/物理（第三册）.tex:11656	193	123	699	0.942	0.058	pending
books/assets/physics-3/fig-p0275-02.png	物理（第三册）	physics-3	275	T	medium	高留白线稿	(第7题)	tex/books/物理（第三册）.tex:11664	92	220	797	0.930	0.070	pending
books/assets/physics-3/fig-p0275-03.png	物理（第三册）	physics-3	275	T	low	初分待对照 raw 改轨	(第8题)	tex/books/物理（第三册）.tex:11675	286	175	1408	0.912	0.088	pending
books/assets/physics-3/fig-p0275-04.png	物理（第三册）	physics-3	275	T	medium	高留白线稿	(第9题)	tex/books/物理（第三册）.tex:11683	267	169	1211	0.949	0.051	pending
books/assets/physics-3/fig-p0276-01.png	物理（第三册）	physics-3	276	T	medium	高留白线稿	图 4.13 惠宝电动势的形成	tex/books/物理（第三册）.tex:11725	462	265	4046	0.947	0.053	pending
books/assets/physics-3/fig-p0276-02.png	物理（第三册）	physics-3	276	T	medium	高留白线稿	图 4.13 惠宝电动势的形成	tex/books/物理（第三册）.tex:11731	256	239	2666	0.928	0.072	pending
books/assets/physics-3/fig-p0276-03.png	物理（第三册）	physics-3	276	T	medium	高留白线稿	图 4.13 惠宝电动势的形成	tex/books/物理（第三册）.tex:11737	188	238	1360	0.954	0.046	pending
books/assets/physics-3/fig-p0280-01.png	物理（第三册）	physics-3	280	T	medium	高留白线稿	图4.14 研究感生电动势的大小	tex/books/物理（第三册）.tex:11850	276	261	2133	0.946	0.054	pending
books/assets/physics-3/fig-p0280-02.png	物理（第三册）	physics-3	280	T	medium	高留白线稿	图 4.15 导线运动方向的磁动线成任意角度时的感生电动势	tex/books/物理（第三册）.tex:11882	245	149	920	0.936	0.064	pending
books/assets/physics-3/fig-p0282-01.png	物理（第三册）	physics-3	282	T	medium	高留白线稿	图4.16	tex/books/物理（第三册）.tex:11961	189	200	916	0.954	0.046	pending
books/assets/physics-3/fig-p0284-01.png	物理（第三册）	physics-3	284	T	low	初分待对照 raw 改轨	(第2题)	tex/books/物理（第三册）.tex:12046	269	144	927	0.903	0.097	pending
books/assets/physics-3/fig-p0284-02.png	物理（第三册）	physics-3	284	T	low	初分待对照 raw 改轨	(第3题)	tex/books/物理（第三册）.tex:12054	191	148	1142	0.874	0.126	pending
books/assets/physics-3/fig-p0284-03.png	物理（第三册）	physics-3	284	T	medium	高留白线稿	(第6题)	tex/books/物理（第三册）.tex:12078	161	195	979	0.933	0.067	pending
books/assets/physics-3/fig-p0284-04.png	物理（第三册）	physics-3	284	T	medium	高留白线稿	(第7题)	tex/books/物理（第三册）.tex:12096	272	178	1233	0.934	0.066	pending
books/assets/physics-3/fig-p0284-05.png	物理（第三册）	physics-3	284	T	medium	高留白线稿	(第8题)	tex/books/物理（第三册）.tex:12104	210	197	900	0.961	0.039	pending
books/assets/physics-3/fig-p0285-01.png	物理（第三册）	physics-3	285	T	medium	高留白线稿	图 4.17 自感现象实验(一)	tex/books/物理（第三册）.tex:12130	204	179	1002	0.943	0.057	pending
books/assets/physics-3/fig-p0285-02.png	物理（第三册）	physics-3	285	T	medium	高留白线稿	图4.18 白总现象实验(二)	tex/books/物理（第三册）.tex:12152	177	155	645	0.956	0.044	pending
books/assets/physics-3/fig-p0289-01.png	物理（第三册）	physics-3	289	T	medium	高留白线稿	图 4.19 日光灯的电路图	tex/books/物理（第三册）.tex:12244	205	179	1059	0.930	0.070	pending
books/assets/physics-3/fig-p0289-02.png	物理（第三册）	physics-3	289	T	medium	高留白线稿	图 4.20 启动后的构造	tex/books/物理（第三册）.tex:12252	208	129	1046	0.932	0.068	pending
books/assets/physics-3/fig-p0289-03.png	物理（第三册）	physics-3	289	V	low	初分待对照 raw 改轨	图4.21 双线绕法	tex/books/物理（第三册）.tex:12266	145	148	1324	0.774	0.226	pending
books/assets/physics-3/fig-p0290-01.png	物理（第三册）	physics-3	290	T	low	初分待对照 raw 改轨	图4.22 变压器结构示意图	tex/books/物理（第三册）.tex:12305	263	169	2229	0.850	0.150	pending
books/assets/physics-3/fig-p0293-01.png	物理（第三册）	physics-3	293	T	medium	高留白线稿	图4.23 自耦变压器	tex/books/物理（第三册）.tex:12401	548	193	1833	0.961	0.039	pending
books/assets/physics-3/fig-p0296-01.png	物理（第三册）	physics-3	296	T	low	初分待对照 raw 改轨	图4.24 电力网示意图	tex/books/物理（第三册）.tex:12489	485	321	5159	0.909	0.091	pending
books/assets/physics-3/fig-p0298-01.png	物理（第三册）	physics-3	298	T	medium	高留白线稿	图4.25 输电路上电压分布情况	tex/books/物理（第三册）.tex:12582	298	216	1232	0.954	0.046	pending
books/assets/physics-3/fig-p0300-01.png	物理（第三册）	physics-3	300	T	medium	高留白线稿	(第2题)	tex/books/物理（第三册）.tex:12674	245	230	1085	0.949	0.051	pending
books/assets/physics-3/fig-p0300-02.png	物理（第三册）	physics-3	300	T	medium	高留白线稿	(第3题)	tex/books/物理（第三册）.tex:12682	207	252	1401	0.925	0.075	pending
books/assets/physics-3/fig-p0301-01.png	物理（第三册）	physics-3	301	T	low	初分待对照 raw 改轨	(第4题)	tex/books/物理（第三册）.tex:12707	456	129	1699	0.915	0.085	pending
books/assets/physics-3/fig-p0302-01.png	物理（第三册）	physics-3	302	V	low	初分待对照 raw 改轨	图4.26 涡电流的实验	tex/books/物理（第三册）.tex:12747	198	290	2482	0.848	0.152	pending
books/assets/physics-3/fig-p0302-02.png	物理（第三册）	physics-3	302	V	low	初分待对照 raw 改轨	图 4.27 绝缘的薄硅钢片达制的铁心	tex/books/物理（第三册）.tex:12757	182	307	2609	0.845	0.155	pending
books/assets/physics-3/fig-p0303-01.png	物理（第三册）	physics-3	303	T	low	初分待对照 raw 改轨	图 4.28 感应炉示意图	tex/books/物理（第三册）.tex:12776	190	160	1219	0.871	0.129	pending
books/assets/physics-3/fig-p0307-01.png	物理（第三册）	physics-3	307	T	medium	高留白线稿	(a)	tex/books/物理（第三册）.tex:12925	144	149	492	0.946	0.054	pending
books/assets/physics-3/fig-p0307-02.png	物理（第三册）	physics-3	307	T	medium	高留白线稿	(b)	tex/books/物理（第三册）.tex:12933	168	146	550	0.942	0.058	pending
books/assets/physics-3/fig-p0307-03.png	物理（第三册）	physics-3	307	T	low	初分待对照 raw 改轨	(第2题)	tex/books/物理（第三册）.tex:12952	576	150	2673	0.881	0.119	pending
books/assets/physics-3/fig-p0308-01.png	物理（第三册）	physics-3	308	T	medium	高留白线稿	(第6题)	tex/books/物理（第三册）.tex:12988	196	205	976	0.951	0.049	pending
books/assets/physics-3/fig-p0308-02.png	物理（第三册）	physics-3	308	T	medium	高留白线稿	(第7题)	tex/books/物理（第三册）.tex:12996	324	218	1415	0.940	0.060	pending
books/assets/physics-3/fig-p0308-03.png	物理（第三册）	physics-3	308	T	medium	高留白线稿	(第8题)	tex/books/物理（第三册）.tex:13019	210	230	913	0.968	0.032	pending
books/assets/physics-3/fig-p0308-04.png	物理（第三册）	physics-3	308	T	medium	高留白线稿	(第9题)	tex/books/物理（第三册）.tex:13027	215	212	1603	0.927	0.073	pending
books/assets/physics-3/fig-p0309-01.png	物理（第三册）	physics-3	309	T	medium	高留白线稿	(第10题)	tex/books/物理（第三册）.tex:13052	294	250	2097	0.965	0.035	pending
books/assets/physics-3/fig-p0309-02.png	物理（第三册）	physics-3	309	T	medium	高留白线稿	(第12题)	tex/books/物理（第三册）.tex:13085	253	197	1162	0.937	0.063	pending
books/assets/physics-3/fig-p0310-01.png	物理（第三册）	physics-3	310	T	medium	高留白线稿	(第1题)	tex/books/物理（第三册）.tex:13126	211	190	906	0.940	0.060	pending
books/assets/physics-3/fig-p0310-02.png	物理（第三册）	physics-3	310	T	medium	高留白线稿	(第2题)	tex/books/物理（第三册）.tex:13153	211	193	848	0.950	0.050	pending
books/assets/physics-3/fig-p0310-03.png	物理（第三册）	physics-3	310	T	medium	高留白线稿	(第3题)	tex/books/物理（第三册）.tex:13161	203	174	742	0.953	0.047	pending
books/assets/physics-3/fig-p0311-01.png	物理（第三册）	physics-3	311	T	medium	高留白线稿	(第4题)	tex/books/物理（第三册）.tex:13188	248	145	939	0.955	0.045	pending
books/assets/physics-3/fig-p0311-02.png	物理（第三册）	physics-3	311	T	medium	高留白线稿	(第5题：	tex/books/物理（第三册）.tex:13196	140	182	1017	0.958	0.042	pending
books/assets/physics-3/fig-p0311-03.png	物理（第三册）	physics-3	311	T	medium	高留白线稿	(第1题)	tex/books/物理（第三册）.tex:13236	252	143	926	0.957	0.043	pending
books/assets/physics-3/fig-p0311-04.png	物理（第三册）	physics-3	311	T	medium	高留白线稿	(第2题)	tex/books/物理（第三册）.tex:13244	128	180	685	0.952	0.048	pending
books/assets/physics-3/fig-p0312-01.png	物理（第三册）	physics-3	312	T	medium	高留白线稿	(第2题)	tex/books/物理（第三册）.tex:13268	225	183	895	0.970	0.030	pending
books/assets/physics-3/fig-p0312-02.png	物理（第三册）	physics-3	312	T	medium	高留白线稿	(第4题)	tex/books/物理（第三册）.tex:13276	263	184	937	0.953	0.047	pending
books/assets/physics-3/fig-p0312-03.png	物理（第三册）	physics-3	312	T	medium	高留白线稿	(第5题)	tex/books/物理（第三册）.tex:13302	211	183	1083	0.976	0.024	pending
books/assets/physics-3/fig-p0313-01.png	物理（第三册）	physics-3	313	T	medium	高留白线稿	(2)	tex/books/物理（第三册）.tex:13322	173	98	492	0.938	0.062	pending
books/assets/physics-3/fig-p0313-02.png	物理（第三册）	physics-3	313	T	medium	高留白线稿	(3)	tex/books/物理（第三册）.tex:13330	172	105	698	0.934	0.066	pending
books/assets/physics-3/fig-p0313-03.png	物理（第三册）	physics-3	313	T	medium	高留白线稿	(第1题)	tex/books/物理（第三册）.tex:13338	164	117	645	0.961	0.039	pending
books/assets/physics-3/fig-p0313-04.png	物理（第三册）	physics-3	313	T	medium	高留白线稿	(第2题)	tex/books/物理（第三册）.tex:13355	288	180	1404	0.951	0.049	pending
books/assets/physics-3/fig-p0314-01.png	物理（第三册）	physics-3	314	T	medium	高留白线稿	(第3题)	tex/books/物理（第三册）.tex:13383	238	189	1078	0.957	0.043	pending
books/assets/physics-3/fig-p0314-02.png	物理（第三册）	physics-3	314	T	medium	高留白线稿	(第4题)	tex/books/物理（第三册）.tex:13391	252	195	1133	0.962	0.038	pending
books/assets/physics-3/fig-p0315-01.png	物理（第三册）	physics-3	315	T	medium	高留白线稿	图5.1	tex/books/物理（第三册）.tex:13425	292	266	2116	0.936	0.064	pending
books/assets/physics-3/fig-p0317-01.png	物理（第三册）	physics-3	317	T	medium	高留白线稿	图5.2 交流电的变化规律	tex/books/物理（第三册）.tex:13460	324	962	7712	0.964	0.036	pending
books/assets/physics-3/fig-p0317-02.png	物理（第三册）	physics-3	317	T	medium	高留白线稿	图5.2 交流电的变化规律	tex/books/物理（第三册）.tex:13466	261	484	2125	0.979	0.021	pending
books/assets/physics-3/fig-p0317-03.png	物理（第三册）	physics-3	317	T	medium	高留白线稿	原PDF第317页题图	tex/books/物理（第三册）.tex:13448	205	235	1139	0.975	0.025	pending
books/assets/physics-3/fig-p0317-04.png	物理（第三册）	physics-3	317	T	medium	高留白线稿	原PDF第317页题图	tex/books/物理（第三册）.tex:13454	237	217	1092	0.977	0.023	pending
books/assets/physics-3/fig-p0324-01.png	物理（第三册）	physics-3	324	T	medium	高留白线稿	图5.3	tex/books/物理（第三册）.tex:13750	177	203	946	0.964	0.036	pending
books/assets/physics-3/fig-p0325-01.png	物理（第三册）	physics-3	325	T	medium	高留白线稿	(a)	tex/books/物理（第三册）.tex:13788	177	229	1013	0.958	0.042	pending
books/assets/physics-3/fig-p0325-02.png	物理（第三册）	physics-3	325	T	medium	高留白线稿	(b)	tex/books/物理（第三册）.tex:13796	367	194	1594	0.963	0.037	pending
books/assets/physics-3/fig-p0327-01.png	物理（第三册）	physics-3	327	T	medium	高留白线稿	图5.5	tex/books/物理（第三册）.tex:13879	490	421	3057	0.972	0.028	pending
books/assets/physics-3/fig-p0328-01.png	物理（第三册）	physics-3	328	T	medium	高留白线稿	(第7题)	tex/books/物理（第三册）.tex:13917	343	278	1665	0.971	0.029	pending
books/assets/physics-3/fig-p0328-02.png	物理（第三册）	physics-3	328	T	low	初分待对照 raw 改轨	图 5.6 三线制下的电机的构造示意图	tex/books/物理（第三册）.tex:13943	372	198	2820	0.918	0.082	pending
books/assets/physics-3/fig-p0329-01.png	物理（第三册）	physics-3	329	T	medium	高留白线稿	图5.7 三相交流电	tex/books/物理（第三册）.tex:13986	437	256	2800	0.961	0.039	pending
books/assets/physics-3/fig-p0330-01.png	物理（第三册）	physics-3	330	T	medium	高留白线稿	图 5.8 三外交流发电机示意图	tex/books/物理（第三册）.tex:14000	296	289	2759	0.943	0.057	pending
books/assets/physics-3/fig-p0330-02.png	物理（第三册）	physics-3	330	T	medium	高留白线稿	图5.9	tex/books/物理（第三册）.tex:14022	428	229	2059	0.969	0.031	pending
books/assets/physics-3/fig-p0331-01.png	物理（第三册）	physics-3	331	T	medium	高留白线稿	图 5.10 电灯接在一根相线与中性线之间	tex/books/物理（第三册）.tex:14043	381	206	1336	0.958	0.042	pending
books/assets/physics-3/fig-p0332-01.png	物理（第三册）	physics-3	332	T	medium	高留白线稿	(a)	tex/books/物理（第三册）.tex:14070	255	198	1622	0.940	0.060	pending
books/assets/physics-3/fig-p0332-02.png	物理（第三册）	physics-3	332	T	medium	高留白线稿	(b)	tex/books/物理（第三册）.tex:14078	255	225	1688	0.946	0.054	pending
books/assets/physics-3/fig-p0332-03.png	物理（第三册）	physics-3	332	T	medium	高留白线稿	(c)	tex/books/物理（第三册）.tex:14086	250	182	1517	0.943	0.057	pending
books/assets/physics-3/fig-p0332-04.png	物理（第三册）	physics-3	332	T	medium	高留白线稿	图 5.12 单向脉动电流	tex/books/物理（第三册）.tex:14106	300	158	1294	0.966	0.034	pending
books/assets/physics-3/fig-p0332-05.png	物理（第三册）	physics-3	332	V	low	初分待对照 raw 改轨	图 5.13 直流发电机转子	tex/books/物理（第三册）.tex:14114	248	83	1144	0.817	0.183	pending
books/assets/physics-3/fig-p0333-01.png	物理（第三册）	physics-3	333	T	low	初分待对照 raw 改轨	(a)	tex/books/物理（第三册）.tex:14136	163	181	1383	0.887	0.113	pending
books/assets/physics-3/fig-p0333-02.png	物理（第三册）	physics-3	333	T	low	初分待对照 raw 改轨	(b)	tex/books/物理（第三册）.tex:14144	189	179	1511	0.898	0.102	pending
books/assets/physics-3/fig-p0333-03.png	物理（第三册）	physics-3	333	T	low	初分待对照 raw 改轨	(c)	tex/books/物理（第三册）.tex:14152	188	179	1450	0.910	0.090	pending
books/assets/physics-3/fig-p0334-01.png	物理（第三册）	physics-3	334	T	medium	高留白线稿	图 5.15 旋转磁场实验	tex/books/物理（第三册）.tex:14179	177	290	1533	0.921	0.079	pending
books/assets/physics-3/fig-p0334-02.png	物理（第三册）	physics-3	334	T	low	初分待对照 raw 改轨	图 5.16 磁场旋转时,铝框两边受到转动力矩	tex/books/物理（第三册）.tex:14187	216	166	1164	0.902	0.098	pending
books/assets/physics-3/fig-p0335-01.png	物理（第三册）	physics-3	335	P	medium	疑似网纹或照片	(a)	tex/books/物理（第三册）.tex:14216	153	123	1162	0.758	0.242	pending
books/assets/physics-3/fig-p0335-02.png	物理（第三册）	physics-3	335	V	low	初分待对照 raw 改轨	(b)	tex/books/物理（第三册）.tex:14224	148	121	1217	0.748	0.252	pending
books/assets/physics-3/fig-p0335-03.png	物理（第三册）	physics-3	335	V	low	初分待对照 raw 改轨	图 5.18 三相异步电动机定子和转子	tex/books/物理（第三册）.tex:14244	441	208	3918	0.837	0.163	pending
books/assets/physics-3/fig-p0337-01.png	物理（第三册）	physics-3	337	T	medium	高留白线稿	(a)	tex/books/物理（第三册）.tex:14296	173	117	428	0.962	0.038	pending
books/assets/physics-3/fig-p0337-02.png	物理（第三册）	physics-3	337	T	medium	高留白线稿	(b)	tex/books/物理（第三册）.tex:14304	321	214	1399	0.967	0.033	pending
books/assets/physics-3/fig-p0338-01.png	物理（第三册）	physics-3	338	T	medium	高留白线稿	(a)	tex/books/物理（第三册）.tex:14349	540	226	2169	0.965	0.035	pending
books/assets/physics-3/fig-p0339-01.png	物理（第三册）	physics-3	339	T	medium	高留白线稿	图 5.21 (a) 频率低线圈温的伟用小；(b) 频率高线圈阻碍作用大	tex/books/物理（第三册）.tex:14361	563	260	2408	0.963	0.037	pending
books/assets/physics-3/fig-p0341-01.png	物理（第三册）	physics-3	341	T	medium	高留白线稿	(1)	tex/books/物理（第三册）.tex:14416	234	285	2308	0.945	0.055	pending
books/assets/physics-3/fig-p0341-02.png	物理（第三册）	physics-3	341	T	low	初分待对照 raw 改轨	(1)	tex/books/物理（第三册）.tex:14422	82	104	607	0.885	0.115	pending
books/assets/physics-3/fig-p0342-01.png	物理（第三册）	physics-3	342	T	medium	高留白线稿	图 5.23 (a) 由题中电流曲线；(b) 由感上电压曲线	tex/books/物理（第三册）.tex:14462	337	394	2746	0.966	0.034	pending
books/assets/physics-3/fig-p0344-01.png	物理（第三册）	physics-3	344	T	medium	高留白线稿	(a)	tex/books/物理（第三册）.tex:14556	233	182	603	0.973	0.027	pending
books/assets/physics-3/fig-p0344-02.png	物理（第三册）	physics-3	344	T	medium	高留白线稿	(b)	tex/books/物理（第三册）.tex:14564	235	193	771	0.967	0.033	pending
books/assets/physics-3/fig-p0345-01.png	物理（第三册）	physics-3	345	T	medium	高留白线稿	图5.25	tex/books/物理（第三册）.tex:14611	335	227	1698	0.969	0.031	pending
books/assets/physics-3/fig-p0347-01.png	物理（第三册）	physics-3	347	T	medium	高留白线稿	(a)	tex/books/物理（第三册）.tex:14652	403	167	1261	0.944	0.056	pending
books/assets/physics-3/fig-p0347-02.png	物理（第三册）	physics-3	347	T	medium	高留白线稿	(b)	tex/books/物理（第三册）.tex:14660	387	153	1265	0.942	0.058	pending
books/assets/physics-3/fig-p0348-01.png	物理（第三册）	physics-3	348	T	medium	高留白线稿	图5.27	tex/books/物理（第三册）.tex:14683	328	475	2829	0.975	0.025	pending
books/assets/physics-3/fig-p0350-01.png	物理（第三册）	physics-3	350	T	medium	高留白线稿	图5.28	tex/books/物理（第三册）.tex:14787	241	232	943	0.949	0.051	pending
books/assets/physics-3/fig-p0351-01.png	物理（第三册）	physics-3	351	T	medium	高留白线稿	图5.29	tex/books/物理（第三册）.tex:14814	201	122	729	0.936	0.064	pending
books/assets/physics-3/fig-p0352-01.png	物理（第三册）	physics-3	352	T	medium	高留白线稿	图 5.30 矢量图示法	tex/books/物理（第三册）.tex:14917	238	162	1223	0.938	0.062	pending
books/assets/physics-3/fig-p0353-01.png	物理（第三册）	physics-3	353	T	medium	高留白线稿	图5.31 RLC串联电路	tex/books/物理（第三册）.tex:14944	251	249	1144	0.955	0.045	pending
books/assets/physics-3/fig-p0353-02.png	物理（第三册）	physics-3	353	T	medium	高留白线稿	图5.32 RLC串联电路中电流和电压矢量图	tex/books/物理（第三册）.tex:14952	260	196	799	0.969	0.031	pending
books/assets/physics-3/fig-p0354-01.png	物理（第三册）	physics-3	354	T	medium	高留白线稿	(a)	tex/books/物理（第三册）.tex:15015	194	166	545	0.963	0.037	pending
books/assets/physics-3/fig-p0354-02.png	物理（第三册）	physics-3	354	T	medium	高留白线稿	(1)	tex/books/物理（第三册）.tex:15023	188	209	844	0.961	0.039	pending
books/assets/physics-3/fig-p0359-01.png	物理（第三册）	physics-3	359	T	medium	高留白线稿	(a) 纯电感电路上电流与电压的位置关系	tex/books/物理（第三册）.tex:15246	295	215	1583	0.960	0.040	pending
books/assets/physics-3/fig-p0359-02.png	物理（第三册）	physics-3	359	T	medium	高留白线稿	(a) 纯电感电路上电流与电压的位置关系	tex/books/物理（第三册）.tex:15252	241	172	828	0.956	0.044	pending
books/assets/physics-3/fig-p0359-03.png	物理（第三册）	physics-3	359	T	medium	高留白线稿	(a) 纯电感电路上电流与电压的位置关系	tex/books/物理（第三册）.tex:15258	235	168	833	0.961	0.039	pending
books/assets/physics-3/fig-p0360-01.png	物理（第三册）	physics-3	360	T	medium	高留白线稿	(a)	tex/books/物理（第三册）.tex:15282	280	228	1834	0.955	0.045	pending
books/assets/physics-3/fig-p0360-02.png	物理（第三册）	physics-3	360	T	medium	高留白线稿	(b)	tex/books/物理（第三册）.tex:15292	203	140	680	0.953	0.047	pending
books/assets/physics-3/fig-p0360-03.png	物理（第三册）	physics-3	360	T	medium	高留白线稿	(c)	tex/books/物理（第三册）.tex:15300	203	132	632	0.946	0.054	pending
books/assets/physics-3/fig-p0361-01.png	物理（第三册）	physics-3	361	T	medium	高留白线稿	(a)	tex/books/物理（第三册）.tex:15344	238	201	786	0.974	0.026	pending
books/assets/physics-3/fig-p0361-02.png	物理（第三册）	physics-3	361	T	medium	高留白线稿	(1)	tex/books/物理（第三册）.tex:15352	200	118	655	0.964	0.036	pending
books/assets/physics-3/fig-p0362-01.png	物理（第三册）	physics-3	362	T	medium	高留白线稿	(a)	tex/books/物理（第三册）.tex:15365	251	152	708	0.964	0.036	pending
books/assets/physics-3/fig-p0362-02.png	物理（第三册）	physics-3	362	T	medium	高留白线稿	(2)	tex/books/物理（第三册）.tex:15373	204	112	703	0.962	0.038	pending
books/assets/physics-3/fig-p0372-01.png	物理（第三册）	physics-3	372	T	medium	高留白线稿	图6.1	tex/books/物理（第三册）.tex:15788	367	180	2617	0.927	0.073	pending
books/assets/physics-3/fig-p0372-02.png	物理（第三册）	physics-3	372	T	medium	高留白线稿	图6.2 4价原子简化示意图	tex/books/物理（第三册）.tex:15798	104	96	507	0.936	0.064	pending
books/assets/physics-3/fig-p0373-01.png	物理（第三册）	physics-3	373	T	medium	高留白线稿	图6.3 硅(锗)单晶体的共价键结构	tex/books/物理（第三册）.tex:15808	516	334	5521	0.951	0.049	pending
books/assets/physics-3/fig-p0374-01.png	物理（第三册）	physics-3	374	T	medium	高留白线稿	图6.4 空穴相当于一个带正电的粒子	tex/books/物理（第三册）.tex:15824	279	206	1557	0.963	0.037	pending
books/assets/physics-3/fig-p0374-02.png	物理（第三册）	physics-3	374	T	medium	高留白线稿	图6.5 空穴的运动形式	tex/books/物理（第三册）.tex:15834	514	355	6113	0.948	0.052	pending
books/assets/physics-3/fig-p0375-01.png	物理（第三册）	physics-3	375	T	medium	高留白线稿	图6.6	tex/books/物理（第三册）.tex:15846	277	155	748	0.949	0.051	pending
books/assets/physics-3/fig-p0377-01.png	物理（第三册）	physics-3	377	T	medium	高留白线稿	图6.7 N 型半导体	tex/books/物理（第三册）.tex:15895	514	360	5917	0.944	0.056	pending
books/assets/physics-3/fig-p0377-02.png	物理（第三册）	physics-3	377	T	low	初分待对照 raw 改轨	图6.8 N 型半导体简化示意图	tex/books/物理（第三册）.tex:15915	212	173	1581	0.895	0.105	pending
books/assets/physics-3/fig-p0378-01.png	物理（第三册）	physics-3	378	T	medium	高留白线稿	图6.9 P 基本半导体	tex/books/物理（第三册）.tex:15947	526	372	5980	0.959	0.041	pending
books/assets/physics-3/fig-p0379-01.png	物理（第三册）	physics-3	379	T	medium	高留白线稿	图6.10 F 型半导体简化示意图	tex/books/物理（第三册）.tex:15963	217	217	1706	0.938	0.062	pending
books/assets/physics-3/fig-p0380-01.png	物理（第三册）	physics-3	380	T	medium	高留白线稿	(1)	tex/books/物理（第三册）.tex:16003	462	195	3033	0.936	0.064	pending
books/assets/physics-3/fig-p0380-02.png	物理（第三册）	physics-3	380	T	medium	高留白线稿	(3)	tex/books/物理（第三册）.tex:16011	460	224	3227	0.936	0.064	pending
books/assets/physics-3/fig-p0382-01.png	物理（第三册）	physics-3	382	T	medium	高留白线稿	图6.12 P N 结加正向电压	tex/books/物理（第三册）.tex:16056	409	282	2172	0.967	0.033	pending
books/assets/physics-3/fig-p0383-01.png	物理（第三册）	physics-3	383	T	medium	高留白线稿	图 6.13 P 结加反向电压	tex/books/物理（第三册）.tex:16080	483	318	3368	0.951	0.049	pending
books/assets/physics-3/fig-p0384-01.png	物理（第三册）	physics-3	384	T	medium	高留白线稿	(a) 点接触型二极管结构	tex/books/物理（第三册）.tex:16120	303	297	2803	0.949	0.051	pending
books/assets/physics-3/fig-p0384-02.png	物理（第三册）	physics-3	384	T	medium	高留白线稿	(b) 面接触型二极管结构	tex/books/物理（第三册）.tex:16128	275	227	2517	0.929	0.071	pending
books/assets/physics-3/fig-p0384-03.png	物理（第三册）	physics-3	384	T	medium	高留白线稿	(c) 二极管全电路中的代表符号	tex/books/物理（第三册）.tex:16136	198	86	405	0.952	0.048	pending
books/assets/physics-3/fig-p0385-01.png	物理（第三册）	physics-3	385	T	medium	高留白线稿	(a)	tex/books/物理（第三册）.tex:16149	221	204	997	0.955	0.045	pending
books/assets/physics-3/fig-p0385-02.png	物理（第三册）	physics-3	385	T	medium	高留白线稿	(b)	tex/books/物理（第三册）.tex:16157	217	190	740	0.959	0.041	pending
books/assets/physics-3/fig-p0386-01.png	物理（第三册）	physics-3	386	T	medium	高留白线稿	图6.16 结电容的影响和当于二极管并联了一只小电容	tex/books/物理（第三册）.tex:16190	230	136	683	0.953	0.047	pending
books/assets/physics-3/fig-p0387-01.png	物理（第三册）	physics-3	387	T	low	初分待对照 raw 改轨	(a) 测正向电阻	tex/books/物理（第三册）.tex:16225	200	200	996	0.920	0.080	pending
books/assets/physics-3/fig-p0387-02.png	物理（第三册）	physics-3	387	T	low	初分待对照 raw 改轨	(c) 万用表欧姆档的内部电路	tex/books/物理（第三册）.tex:16233	102	240	729	0.915	0.085	pending
books/assets/physics-3/fig-p0387-03.png	物理（第三册）	physics-3	387	T	medium	高留白线稿	(b) 测反向电阻	tex/books/物理（第三册）.tex:16241	221	192	1129	0.923	0.077	pending
books/assets/physics-3/fig-p0388-01.png	物理（第三册）	physics-3	388	T	medium	高留白线稿	图6.18	tex/books/物理（第三册）.tex:16264	233	136	830	0.957	0.043	pending
books/assets/physics-3/fig-p0389-01.png	物理（第三册）	physics-3	389	T	medium	高留白线稿	图 6.19 半波整流波形图	tex/books/物理（第三册）.tex:16279	314	278	2129	0.963	0.037	pending
books/assets/physics-3/fig-p0390-01.png	物理（第三册）	physics-3	390	T	medium	高留白线稿	图6.20 全波整流电路	tex/books/物理（第三册）.tex:16315	347	223	1786	0.949	0.051	pending
books/assets/physics-3/fig-p0391-01.png	物理（第三册）	physics-3	391	T	medium	高留白线稿	图 6.21 全波整流的波形图	tex/books/物理（第三册）.tex:16332	378	783	5851	0.964	0.036	pending
books/assets/physics-3/fig-p0393-01.png	物理（第三册）	physics-3	393	T	medium	高留白线稿	图6.22 D_{1} 导通时的简化电路	tex/books/物理（第三册）.tex:16373	306	225	1384	0.963	0.037	pending
books/assets/physics-3/fig-p0393-02.png	物理（第三册）	physics-3	393	T	medium	高留白线稿	图6.23	tex/books/物理（第三册）.tex:16394	364	218	1856	0.962	0.038	pending
books/assets/physics-3/fig-p0394-01.png	物理（第三册）	physics-3	394	T	medium	高留白线稿	图6.24 桥式整流工作时的简化电路	tex/books/物理（第三册）.tex:16412	425	295	2303	0.969	0.031	pending
books/assets/physics-3/fig-p0394-02.png	物理（第三册）	physics-3	394	T	medium	高留白线稿	图6.24 桥式整流工作时的简化电路	tex/books/物理（第三册）.tex:16418	417	249	2155	0.963	0.037	pending
books/assets/physics-3/fig-p0395-01.png	物理（第三册）	physics-3	395	T	medium	高留白线稿	图6.25 桥式整流波形	tex/books/物理（第三册）.tex:16430	389	571	4787	0.960	0.040	pending
books/assets/physics-3/fig-p0396-01.png	物理（第三册）	physics-3	396	T	medium	高留白线稿	图 6.26 桥式整流电路简便画法	tex/books/物理（第三册）.tex:16445	337	202	1343	0.963	0.037	pending
books/assets/physics-3/fig-p0397-01.png	物理（第三册）	physics-3	397	T	medium	高留白线稿	图6.27 图 a 的脉动直流可看作由 b, c, d 的分量迭加而成	tex/books/物理（第三册）.tex:16472	382	562	4084	0.961	0.039	pending
books/assets/physics-3/fig-p0398-01.png	物理（第三册）	physics-3	398	T	medium	高留白线稿	(b)	tex/books/物理（第三册）.tex:16494	342	235	1622	0.964	0.036	pending
books/assets/physics-3/fig-p0398-02.png	物理（第三册）	physics-3	398	T	medium	高留白线稿	(b)	tex/books/物理（第三册）.tex:16500	327	150	1175	0.961	0.039	pending
books/assets/physics-3/fig-p0399-01.png	物理（第三册）	physics-3	399	T	medium	高留白线稿	(b)	tex/books/物理（第三册）.tex:16519	372	383	2480	0.962	0.038	pending
books/assets/physics-3/fig-p0399-02.png	物理（第三册）	physics-3	399	T	medium	高留白线稿	(b)	tex/books/物理（第三册）.tex:16525	372	383	2480	0.962	0.038	pending
books/assets/physics-3/fig-p0399-03.png	物理（第三册）	physics-3	399	T	medium	高留白线稿	(b)	tex/books/物理（第三册）.tex:16531	279	139	1185	0.948	0.052	pending
books/assets/physics-3/fig-p0400-01.png	物理（第三册）	physics-3	400	T	medium	高留白线稿	(a)	tex/books/物理（第三册）.tex:16552	359	172	1259	0.958	0.042	pending
books/assets/physics-3/fig-p0400-02.png	物理（第三册）	physics-3	400	T	medium	高留白线稿	(b)	tex/books/物理（第三册）.tex:16560	368	193	1554	0.957	0.043	pending
books/assets/physics-3/fig-p0401-01.png	物理（第三册）	physics-3	401	T	medium	高留白线稿	(第5题)	tex/books/物理（第三册）.tex:16596	306	160	925	0.958	0.042	pending
books/assets/physics-3/fig-p0401-02.png	物理（第三册）	physics-3	401	T	medium	高留白线稿	(第6题)	tex/books/物理（第三册）.tex:16613	356	210	1422	0.943	0.057	pending
books/assets/physics-3/fig-p0401-03.png	物理（第三册）	physics-3	401	T	medium	高留白线稿	(第8题)	tex/books/物理（第三册）.tex:16631	294	218	984	0.962	0.038	pending
books/assets/physics-3/fig-p0402-01.png	物理（第三册）	physics-3	402	T	medium	高留白线稿	图6.31 PNP型晶体三极管结构示意图和符号	tex/books/物理（第三册）.tex:16651	430	570	3535	0.970	0.030	pending
books/assets/physics-3/fig-p0402-02.png	物理（第三册）	physics-3	402	T	medium	高留白线稿	图6.31 PNP型晶体三极管结构示意图和符号	tex/books/物理（第三册）.tex:16657	343	229	1391	0.963	0.037	pending
books/assets/physics-3/fig-p0402-03.png	物理（第三册）	physics-3	402	T	medium	高留白线稿	图6.31 PNP型晶体三极管结构示意图和符号	tex/books/物理（第三册）.tex:16663	232	303	1437	0.956	0.044	pending
books/assets/physics-3/fig-p0402-04.png	物理（第三册）	physics-3	402	T	medium	高留白线稿	图6.31 PNP型晶体三极管结构示意图和符号	tex/books/物理（第三册）.tex:16669	116	187	613	0.951	0.049	pending
books/assets/physics-3/fig-p0403-01.png	物理（第三册）	physics-3	403	T	medium	高留白线稿	(a)	tex/books/物理（第三册）.tex:16677	175	182	617	0.957	0.043	pending
books/assets/physics-3/fig-p0403-02.png	物理（第三册）	physics-3	403	T	medium	高留白线稿	(b)	tex/books/物理（第三册）.tex:16685	240	314	1578	0.956	0.044	pending
books/assets/physics-3/fig-p0403-03.png	物理（第三册）	physics-3	403	T	medium	高留白线稿	(c)	tex/books/物理（第三册）.tex:16693	128	182	615	0.972	0.028	pending
books/assets/physics-3/fig-p0405-01.png	物理（第三册）	physics-3	405	T	medium	高留白线稿	(a)	tex/books/物理（第三册）.tex:16725	343	285	1926	0.956	0.044	pending
books/assets/physics-3/fig-p0405-02.png	物理（第三册）	physics-3	405	T	medium	高留白线稿	(b)	tex/books/物理（第三册）.tex:16733	299	300	1745	0.955	0.045	pending
books/assets/physics-3/fig-p0408-01.png	物理（第三册）	physics-3	408	T	low	初分待对照 raw 改轨	图6.34 晶体管中载流子的运动	tex/books/物理（第三册）.tex:16887	239	243	2463	0.904	0.096	pending
books/assets/physics-3/fig-p0411-01.png	物理（第三册）	physics-3	411	T	medium	高留白线稿	图6.35	tex/books/物理（第三册）.tex:16977	375	303	1735	0.971	0.029	pending
books/assets/physics-3/fig-p0413-01.png	物理（第三册）	physics-3	413	T	medium	高留白线稿	(4)	tex/books/物理（第三册）.tex:17058	380	291	2027	0.954	0.046	pending
books/assets/physics-3/fig-p0413-02.png	物理（第三册）	physics-3	413	T	medium	高留白线稿	(b)	tex/books/物理（第三册）.tex:17066	277	129	516	0.965	0.035	pending
books/assets/physics-3/fig-p0413-03.png	物理（第三册）	physics-3	413	T	medium	高留白线稿	(2)	tex/books/物理（第三册）.tex:17074	254	133	461	0.961	0.039	pending
books/assets/physics-3/fig-p0413-04.png	物理（第三册）	physics-3	413	T	medium	高留白线稿	(d)	tex/books/物理（第三册）.tex:17082	284	200	1028	0.955	0.045	pending
books/assets/physics-3/fig-p0414-01.png	物理（第三册）	physics-3	414	T	medium	高留白线稿	图6.37	tex/books/物理（第三册）.tex:17108	560	161	1718	0.964	0.036	pending
books/assets/physics-3/fig-p0415-01.png	物理（第三册）	physics-3	415	T	medium	高留白线稿	图6.38	tex/books/物理（第三册）.tex:17134	591	169	2002	0.941	0.059	pending
books/assets/physics-3/fig-p0416-01.png	物理（第三册）	physics-3	416	T	medium	高留白线稿	图6.39	tex/books/物理（第三册）.tex:17164	604	175	2139	0.949	0.051	pending
books/assets/physics-3/fig-p0417-01.png	物理（第三册）	physics-3	417	T	medium	高留白线稿	(a)	tex/books/物理（第三册）.tex:17223	235	191	1107	0.926	0.074	pending
books/assets/physics-3/fig-p0417-02.png	物理（第三册）	physics-3	417	T	medium	高留白线稿	(b)	tex/books/物理（第三册）.tex:17231	253	193	1232	0.930	0.070	pending
books/assets/physics-3/fig-p0418-01.png	物理（第三册）	physics-3	418	T	medium	高留白线稿	(a)	tex/books/物理（第三册）.tex:17254	237	152	743	0.948	0.052	pending
books/assets/physics-3/fig-p0418-02.png	物理（第三册）	physics-3	418	T	low	初分待对照 raw 改轨	(b)	tex/books/物理（第三册）.tex:17262	259	182	1420	0.910	0.090	pending
books/assets/physics-3/fig-p0419-01.png	物理（第三册）	physics-3	419	T	medium	高留白线稿	图6.42	tex/books/物理（第三册）.tex:17290	277	201	1025	0.964	0.036	pending
books/assets/physics-3/fig-p0421-01.png	物理（第三册）	physics-3	421	P	medium	疑似网纹或照片	(a) 外形	tex/books/物理（第三册）.tex:17336	108	248	1948	0.651	0.349	pending
books/assets/physics-3/fig-p0421-02.png	物理（第三册）	physics-3	421	P	medium	疑似网纹或照片	(b) 结构	tex/books/物理（第三册）.tex:17344	168	182	1848	0.731	0.269	pending
books/assets/physics-3/fig-p0421-03.png	物理（第三册）	physics-3	421	T	medium	高留白线稿	(c) 符号	tex/books/物理（第三册）.tex:17352	86	131	461	0.934	0.066	pending
books/assets/physics-3/fig-p0421-04.png	物理（第三册）	physics-3	421	V	low	初分待对照 raw 改轨	(a) 旁热式阴极	tex/books/物理（第三册）.tex:17362	59	148	457	0.785	0.215	pending
books/assets/physics-3/fig-p0421-05.png	物理（第三册）	physics-3	421	T	low	初分待对照 raw 改轨	(b) 符号	tex/books/物理（第三册）.tex:17370	73	132	476	0.909	0.091	pending
books/assets/physics-3/fig-p0422-01.png	物理（第三册）	physics-3	422	T	medium	高留白线稿	(a) 阳极加正电压	tex/books/物理（第三册）.tex:17390	321	256	1424	0.975	0.025	pending
books/assets/physics-3/fig-p0422-02.png	物理（第三册）	physics-3	422	T	medium	高留白线稿	(b) 由波加负电压	tex/books/物理（第三册）.tex:17398	297	234	1284	0.970	0.030	pending
books/assets/physics-3/fig-p0422-03.png	物理（第三册）	physics-3	422	P	medium	疑似网纹或照片	(a)	tex/books/物理（第三册）.tex:17415	184	218	2085	0.827	0.173	pending
books/assets/physics-3/fig-p0422-04.png	物理（第三册）	physics-3	422	T	medium	高留白线稿	(b)	tex/books/物理（第三册）.tex:17423	89	130	468	0.931	0.069	pending
books/assets/physics-3/fig-p0423-01.png	物理（第三册）	physics-3	423	T	medium	高留白线稿	图6.47	tex/books/物理（第三册）.tex:17433	317	238	1442	0.973	0.027	pending
books/assets/physics-3/fig-p0424-01.png	物理（第三册）	physics-3	424	T	medium	高留白线稿	(a)	tex/books/物理（第三册）.tex:17453	550	438	3639	0.971	0.029	pending
books/assets/physics-3/fig-p0424-02.png	物理（第三册）	physics-3	424	T	medium	高留白线稿	(a)	tex/books/物理（第三册）.tex:17459	117	105	642	0.928	0.072	pending
books/assets/physics-3/fig-p0424-03.png	物理（第三册）	physics-3	424	T	medium	高留白线稿	(a)	tex/books/物理（第三册）.tex:17465	161	143	615	0.922	0.078	pending
books/assets/physics-3/fig-p0427-01.png	物理（第三册）	physics-3	427	T	medium	高留白线稿	(第5题)	tex/books/物理（第三册）.tex:17585	291	178	830	0.960	0.040	pending
books/assets/physics-3/fig-p0428-01.png	物理（第三册）	physics-3	428	T	medium	高留白线稿	(第7题)	tex/books/物理（第三册）.tex:17604	284	258	1159	0.974	0.026	pending
books/assets/physics-3/fig-p0429-01.png	物理（第三册）	physics-3	429	T	medium	高留白线稿	图7.1 振荡电路	tex/books/物理（第三册）.tex:17647	197	168	920	0.951	0.049	pending
books/assets/physics-3/fig-p0430-01.png	物理（第三册）	physics-3	430	T	low	初分待对照 raw 改轨	(a)	tex/books/物理（第三册）.tex:17669	198	134	977	0.894	0.106	pending
books/assets/physics-3/fig-p0430-02.png	物理（第三册）	physics-3	430	T	low	初分待对照 raw 改轨	(b)	tex/books/物理（第三册）.tex:17677	198	145	1140	0.885	0.115	pending
books/assets/physics-3/fig-p0430-03.png	物理（第三册）	physics-3	430	T	low	初分待对照 raw 改轨	(c)	tex/books/物理（第三册）.tex:17685	194	117	1052	0.869	0.131	pending
books/assets/physics-3/fig-p0430-04.png	物理（第三册）	physics-3	430	T	low	初分待对照 raw 改轨	(d)	tex/books/物理（第三册）.tex:17693	199	151	1088	0.888	0.112	pending
books/assets/physics-3/fig-p0430-05.png	物理（第三册）	physics-3	430	T	low	初分待对照 raw 改轨	(e)	tex/books/物理（第三册）.tex:17701	183	114	997	0.870	0.130	pending
books/assets/physics-3/fig-p0432-01.png	物理（第三册）	physics-3	432	T	medium	高留白线稿	图7.3	tex/books/物理（第三册）.tex:17754	366	206	1210	0.970	0.030	pending
books/assets/physics-3/fig-p0433-01.png	物理（第三册）	physics-3	433	T	medium	高留白线稿	(b)	tex/books/物理（第三册）.tex:17775	365	86	795	0.952	0.048	pending
books/assets/physics-3/fig-p0433-02.png	物理（第三册）	physics-3	433	T	medium	高留白线稿	(b)	tex/books/物理（第三册）.tex:17781	362	86	898	0.924	0.076	pending
books/assets/physics-3/fig-p0436-01.png	物理（第三册）	physics-3	436	T	medium	高留白线稿	(a)	tex/books/物理（第三册）.tex:17900	179	172	1024	0.949	0.051	pending
books/assets/physics-3/fig-p0436-02.png	物理（第三册）	physics-3	436	T	medium	高留白线稿	(b)	tex/books/物理（第三册）.tex:17908	173	169	1117	0.923	0.077	pending
books/assets/physics-3/fig-p0437-01.png	物理（第三册）	physics-3	437	T	low	初分待对照 raw 改轨	图7.6 变化的电场产生磁场	tex/books/物理（第三册）.tex:17925	174	164	1120	0.889	0.111	pending
books/assets/physics-3/fig-p0439-01.png	物理（第三册）	physics-3	439	T	medium	高留白线稿	图7.7	tex/books/物理（第三册）.tex:17958	506	154	2099	0.950	0.050	pending
books/assets/physics-3/fig-p0439-02.png	物理（第三册）	physics-3	439	T	low	初分待对照 raw 改轨	图 7.8 电磁波传播示意图	tex/books/物理（第三册）.tex:17978	310	278	2700	0.912	0.088	pending
books/assets/physics-3/fig-p0442-01.png	物理（第三册）	physics-3	442	T	medium	高留白线稿	图 7.9 由闭合电路到开放电路	tex/books/物理（第三册）.tex:18093	367	240	2781	0.943	0.057	pending
books/assets/physics-3/fig-p0442-02.png	物理（第三册）	physics-3	442	T	medium	高留白线稿	图 7.9 由闭合电路到开放电路	tex/books/物理（第三册）.tex:18099	95	84	422	0.923	0.077	pending
books/assets/physics-3/fig-p0442-03.png	物理（第三册）	physics-3	442	T	low	初分待对照 raw 改轨	图 7.9 由闭合电路到开放电路	tex/books/物理（第三册）.tex:18105	123	136	990	0.904	0.096	pending
books/assets/physics-3/fig-p0442-04.png	物理（第三册）	physics-3	442	T	low	初分待对照 raw 改轨	图 7.9 由闭合电路到开放电路	tex/books/物理（第三册）.tex:18111	144	220	1545	0.917	0.083	pending
books/assets/physics-3/fig-p0442-05.png	物理（第三册）	physics-3	442	T	medium	高留白线稿	图7.10	tex/books/物理（第三册）.tex:18125	238	302	988	0.970	0.030	pending
books/assets/physics-3/fig-p0444-01.png	物理（第三册）	physics-3	444	P	medium	疑似网纹或照片	图 7.11	tex/books/物理（第三册）.tex:18157	350	338	3203	0.884	0.116	pending
books/assets/physics-3/fig-p0445-01.png	物理（第三册）	physics-3	445	T	medium	高留白线稿	图7.12	tex/books/物理（第三册）.tex:18173	375	229	1849	0.951	0.049	pending
books/assets/physics-3/fig-p0445-02.png	物理（第三册）	physics-3	445	T	medium	高留白线稿	图7.13	tex/books/物理（第三册）.tex:18181	323	230	1034	0.979	0.021	pending
books/assets/physics-3/fig-p0445-03.png	物理（第三册）	physics-3	445	T	low	初分待对照 raw 改轨	图7.13	tex/books/物理（第三册）.tex:18187	337	279	2374	0.895	0.105	pending
books/assets/physics-3/fig-p0447-01.png	物理（第三册）	physics-3	447	T	medium	高留白线稿	图 7.14 不同波长的无线电波的传播	tex/books/物理（第三册）.tex:18221	454	571	7605	0.952	0.048	pending
books/assets/physics-3/fig-p0451-01.png	物理（第三册）	physics-3	451	T	medium	高留白线稿	(b)	tex/books/物理（第三册）.tex:18330	346	432	2457	0.972	0.028	pending
books/assets/physics-3/fig-p0452-01.png	物理（第三册）	physics-3	452	T	medium	高留白线稿	图7.16	tex/books/物理（第三册）.tex:18387	202	282	790	0.974	0.026	pending
books/assets/physics-3/fig-p0452-02.png	物理（第三册）	physics-3	452	T	medium	高留白线稿	图7.17	tex/books/物理（第三册）.tex:18403	369	158	1348	0.949	0.051	pending
books/assets/physics-3/fig-p0453-01.png	物理（第三册）	physics-3	453	T	medium	高留白线稿	(a)	tex/books/物理（第三册）.tex:18417	145	208	1233	0.923	0.077	pending
books/assets/physics-3/fig-p0453-02.png	物理（第三册）	physics-3	453	T	medium	高留白线稿	(b)	tex/books/物理（第三册）.tex:18425	252	156	889	0.949	0.051	pending
books/assets/physics-3/fig-p0454-01.png	物理（第三册）	physics-3	454	T	medium	高留白线稿	图7.19	tex/books/物理（第三册）.tex:18462	225	170	1007	0.959	0.041	pending
books/assets/physics-3/fig-p0454-02.png	物理（第三册）	physics-3	454	T	medium	高留白线稿	图7.20	tex/books/物理（第三册）.tex:18470	315	260	2028	0.947	0.053	pending
books/assets/physics-3/fig-p0455-01.png	物理（第三册）	physics-3	455	T	medium	高留白线稿	图7.21	tex/books/物理（第三册）.tex:18487	383	277	1881	0.957	0.043	pending
books/assets/physics-3/fig-p0457-01.png	物理（第三册）	physics-3	457	T	medium	高留白线稿	图7.22	tex/books/物理（第三册）.tex:18541	355	231	1343	0.958	0.042	pending
books/assets/physics-3/fig-p0457-02.png	物理（第三册）	physics-3	457	T	medium	高留白线稿	图7.22	tex/books/物理（第三册）.tex:18547	352	181	863	0.972	0.028	pending
books/assets/physics-3/fig-p0458-01.png	物理（第三册）	physics-3	458	T	medium	高留白线稿	图7.23	tex/books/物理（第三册）.tex:18569	215	219	1391	0.955	0.045	pending
books/assets/physics-3/fig-p0458-02.png	物理（第三册）	physics-3	458	T	medium	高留白线稿	图7.24	tex/books/物理（第三册）.tex:18577	234	256	1843	0.957	0.043	pending
books/assets/physics-3/fig-p0459-01.png	物理（第三册）	physics-3	459	P	medium	疑似网纹或照片	图7.25	tex/books/物理（第三册）.tex:18599	238	356	6223	0.845	0.155	pending
books/assets/physics-3/fig-p0459-02.png	物理（第三册）	physics-3	459	T	low	初分待对照 raw 改轨	图7.26	tex/books/物理（第三册）.tex:18609	267	191	2367	0.877	0.123	pending
books/assets/physics-3/fig-p0460-01.png	物理（第三册）	physics-3	460	T	medium	高留白线稿	图7.27	tex/books/物理（第三册）.tex:18621	277	294	2245	0.948	0.052	pending
books/assets/physics-3/fig-p0464-01.png	物理（第三册）	physics-3	464	T	medium	高留白线稿	(第1题)	tex/books/物理（第三册）.tex:18764	398	192	1230	0.957	0.043	pending
books/assets/physics-3/fig-p0464-02.png	物理（第三册）	physics-3	464	T	medium	高留白线稿	(第三题)	tex/books/物理（第三册）.tex:18781	339	253	1162	0.978	0.022	pending
books/assets/physics-3/fig-p0467-01.png	物理（第三册）	physics-3	467	T	medium	高留白线稿	(第10题)	tex/books/物理（第三册）.tex:18858	282	184	1128	0.922	0.078	pending
books/assets/physics-3/fig-p0467-02.png	物理（第三册）	physics-3	467	T	low	初分待对照 raw 改轨	(第12题)	tex/books/物理（第三册）.tex:18879	181	255	900	0.920	0.080	pending
books/assets/physics-3/fig-p0467-03.png	物理（第三册）	physics-3	467	T	medium	高留白线稿	(第13题)	tex/books/物理（第三册）.tex:18887	261	163	1023	0.938	0.062	pending
books/assets/physics-3/fig-p0468-01.png	物理（第三册）	physics-3	468	T	medium	高留白线稿	(第14题)	tex/books/物理（第三册）.tex:18911	370	186	1205	0.944	0.056	pending
books/assets/physics-3/fig-p0468-02.png	物理（第三册）	physics-3	468	T	medium	高留白线稿	(第15题)	tex/books/物理（第三册）.tex:18919	287	173	931	0.957	0.043	pending
books/assets/physics-3/fig-p0468-03.png	物理（第三册）	physics-3	468	T	medium	高留白线稿	(第17题)	tex/books/物理（第三册）.tex:18940	282	182	1040	0.948	0.052	pending
books/assets/physics-3/fig-p0468-04.png	物理（第三册）	physics-3	468	T	medium	高留白线稿	(第18题)	tex/books/物理（第三册）.tex:18948	226	203	1182	0.939	0.061	pending
books/assets/physics-3/fig-p0469-01.png	物理（第三册）	physics-3	469	T	medium	高留白线稿	(第20题)	tex/books/物理（第三册）.tex:18978	353	305	2607	0.942	0.058	pending
books/assets/physics-3/fig-p0469-02.png	物理（第三册）	physics-3	469	T	medium	高留白线稿	(第21题)	tex/books/物理（第三册）.tex:18986	259	198	987	0.945	0.055	pending
books/assets/physics-3/fig-p0469-03.png	物理（第三册）	physics-3	469	T	medium	高留白线稿	(第23题)	tex/books/物理（第三册）.tex:19015	205	281	1227	0.953	0.047	pending
books/assets/physics-3/fig-p0470-01.png	物理（第三册）	physics-3	470	T	medium	高留白线稿	(第24题)	tex/books/物理（第三册）.tex:19036	311	201	1237	0.955	0.045	pending
books/assets/physics-3/fig-p0470-02.png	物理（第三册）	physics-3	470	T	medium	高留白线稿	(第26题)	tex/books/物理（第三册）.tex:19044	321	148	1057	0.952	0.048	pending
books/assets/physics-3/fig-p0470-03.png	物理（第三册）	physics-3	470	T	medium	高留白线稿	(第27题)	tex/books/物理（第三册）.tex:19063	324	221	1604	0.947	0.053	pending
books/assets/physics-3/fig-p0470-04.png	物理（第三册）	physics-3	470	T	medium	高留白线稿	(第28题)	tex/books/物理（第三册）.tex:19071	200	166	638	0.956	0.044	pending
books/assets/physics-3/fig-p0471-01.png	物理（第三册）	physics-3	471	T	medium	高留白线稿	(第29题)	tex/books/物理（第三册）.tex:19096	254	179	1208	0.951	0.049	pending
books/assets/physics-3/fig-p0471-02.png	物理（第三册）	physics-3	471	T	medium	高留白线稿	(第30题)	tex/books/物理（第三册）.tex:19104	262	145	1221	0.949	0.051	pending
books/assets/physics-3/fig-p0471-03.png	物理（第三册）	physics-3	471	T	low	初分待对照 raw 改轨	(第31题)	tex/books/物理（第三册）.tex:19124	171	382	1471	0.920	0.080	pending
books/assets/physics-3/fig-p0471-04.png	物理（第三册）	physics-3	471	T	medium	高留白线稿	(第32题)	tex/books/物理（第三册）.tex:19137	313	194	1769	0.942	0.058	pending
books/assets/physics-3/fig-p0472-01.png	物理（第三册）	physics-3	472	T	medium	高留白线稿	(第33题)	tex/books/物理（第三册）.tex:19161	196	186	1250	0.951	0.049	pending
books/assets/physics-3/fig-p0472-02.png	物理（第三册）	physics-3	472	T	medium	高留白线稿	(第34题)	tex/books/物理（第三册）.tex:19169	166	223	1181	0.953	0.047	pending
books/assets/physics-3/fig-p0472-03.png	物理（第三册）	physics-3	472	T	medium	高留白线稿	(第36题)	tex/books/物理（第三册）.tex:19196	220	229	1001	0.975	0.025	pending
books/assets/physics-3/fig-p0472-04.png	物理（第三册）	physics-3	472	T	medium	高留白线稿	(3)37题)	tex/books/物理（第三册）.tex:19204	341	188	1340	0.965	0.035	pending
books/assets/physics-3/fig-p0473-01.png	物理（第三册）	physics-3	473	T	medium	高留白线稿	(第38题)	tex/books/物理（第三册）.tex:19234	184	172	970	0.959	0.041	pending
books/assets/physics-3/fig-p0473-02.png	物理（第三册）	physics-3	473	T	medium	高留白线稿	(第39题)	tex/books/物理（第三册）.tex:19242	270	177	1005	0.950	0.050	pending
books/assets/physics-3/fig-p0473-03.png	物理（第三册）	physics-3	473	T	medium	高留白线稿	(第40题)	tex/books/物理（第三册）.tex:19270	261	146	979	0.923	0.077	pending
books/assets/physics-3/fig-p0474-01.png	物理（第三册）	physics-3	474	T	medium	高留白线稿	(第41题)	tex/books/物理（第三册）.tex:19289	186	199	1291	0.958	0.042	pending
books/assets/physics-3/fig-p0474-02.png	物理（第三册）	physics-3	474	T	medium	高留白线稿	(第42题)	tex/books/物理（第三册）.tex:19297	197	167	1052	0.951	0.049	pending
books/assets/physics-3/fig-p0474-03.png	物理（第三册）	physics-3	474	T	medium	高留白线稿	(第43题)	tex/books/物理（第三册）.tex:19327	304	243	1440	0.962	0.038	pending
books/assets/physics-3/fig-p0474-04.png	物理（第三册）	physics-3	474	T	medium	高留白线稿	(第43题)	tex/books/物理（第三册）.tex:19333	271	186	969	0.951	0.049	pending
books/assets/physics-3/fig-p0475-01.png	物理（第三册）	physics-3	475	T	medium	高留白线稿	(第44题)	tex/books/物理（第三册）.tex:19355	243	339	1694	0.944	0.056	pending
books/assets/physics-3/fig-p0475-02.png	物理（第三册）	physics-3	475	T	medium	高留白线稿	(第45题)	tex/books/物理（第三册）.tex:19363	214	271	1108	0.941	0.059	pending
books/assets/physics-3/fig-p0475-03.png	物理（第三册）	physics-3	475	T	medium	高留白线稿	(第46题)	tex/books/物理（第三册）.tex:19404	294	228	1744	0.934	0.066	pending
books/assets/physics-3/fig-p0476-01.png	物理（第三册）	physics-3	476	T	medium	高留白线稿	(第48题)	tex/books/物理（第三册）.tex:19435	339	282	2407	0.940	0.060	pending
books/assets/physics-3/fig-p0477-01.png	物理（第三册）	physics-3	477	T	medium	高留白线稿	(第52题)	tex/books/物理（第三册）.tex:19468	274	163	750	0.946	0.054	pending
books/assets/physics-3/fig-p0477-02.png	物理（第三册）	physics-3	477	T	medium	高留白线稿	(第53题)	tex/books/物理（第三册）.tex:19476	349	199	1538	0.941	0.059	pending
books/assets/physics-3/fig-p0477-03.png	物理（第三册）	physics-3	477	T	medium	高留白线稿	(第54题)	tex/books/物理（第三册）.tex:19484	251	225	923	0.956	0.044	pending
books/assets/physics-3/fig-p0477-04.png	物理（第三册）	physics-3	477	T	medium	高留白线稿	(第55题)	tex/books/物理（第三册）.tex:19492	319	232	1124	0.957	0.043	pending
books/assets/physics-4/fig-p0008-01.png	物理（第四册）	physics-4	8	P	medium	疑似网纹或照片	图1.1 光线	tex/books/物理（第四册）.tex:374	261	297	6000	0.423	0.577	pending
books/assets/physics-4/fig-p0008-02.png	物理（第四册）	physics-4	8	T	high	对照 raw 第8页，已改 TikZ	图1.2	tex/books/物理（第四册）.tex:382	475	198	2860	0.940	0.060	replaced
books/assets/physics-4/fig-p0009-01.png	物理（第四册）	physics-4	9	T	high	对照 raw 第9页，已改 TikZ	图1.3	小孔成象：烛焰A/B/C/D，暗箱小孔，毛玻璃倒象A'/B'/C'/D'，虚线光路交于小孔	tex/books/物理（第四册）.tex:400	395	182	2389	0.941	0.059	replaced
books/assets/physics-4/fig-p0010-01.png	物理（第四册）	physics-4	10	T	high	对照 raw 第10页，已改 TikZ	图1.4	tex/books/物理（第四册）.tex:418	352	210	2058	0.932	0.068	replaced
books/assets/physics-4/fig-p0011-01.png	物理（第四册）	physics-4	11	V	low	初分待对照 raw 改轨	图1.5	tex/books/物理（第四册）.tex:433	313	155	936	0.844	0.156	pending
books/assets/physics-4/fig-p0011-02.png	物理（第四册）	physics-4	11	T	high	对照 raw 第11页，已改 TikZ	图1.6	tex/books/物理（第四册）.tex:439	311	158	1821	0.911	0.089	replaced
books/assets/physics-4/fig-p0011-03.png	物理（第四册）	physics-4	11	T	high	对照 raw 第11页，已改 TikZ	图1.7	tex/books/物理（第四册）.tex:449	315	161	1860	0.879	0.121	replaced
books/assets/physics-4/fig-p0012-01.png	物理（第四册）	physics-4	12	P	medium	疑似网纹或照片	图1.8	tex/books/物理（第四册）.tex:455	365	383	12125	0.460	0.540	pending
books/assets/physics-4/fig-p0012-02.png	物理（第四册）	physics-4	12	T	high	对照 raw 第12页，已改 TikZ	（第3题）	tex/books/物理（第四册）.tex:473	422	168	2495	0.912	0.088	replaced
books/assets/physics-4/fig-p0013-01.png	物理（第四册）	physics-4	13	T	high	对照 raw 第13页，已改 TikZ	（第4题）	tex/books/物理（第四册）.tex:487	389	152	1951	0.905	0.095	replaced
books/assets/physics-4/fig-p0015-01.png	物理（第四册）	physics-4	15	T	high	对照 raw 第15页，已改 TikZ	图1.9	tex/books/物理（第四册）.tex:521	500	253	2332	0.967	0.033	replaced
books/assets/physics-4/fig-p0016-01.png	物理（第四册）	physics-4	16	T	high	对照 raw 第16页，已改 TikZ	图1.10	tex/books/物理（第四册）.tex:532	418	334	3405	0.959	0.041	replaced
books/assets/physics-4/fig-p0017-01.png	物理（第四册）	physics-4	17	T	high	对照 raw 第17页，已改 TikZ	图1.11	tex/books/物理（第四册）.tex:545	371	169	1829	0.937	0.063	replaced
books/assets/physics-4/fig-p0018-01.png	物理（第四册）	physics-4	18	T	high	对照 raw 第18页，已改 TikZ	图1.12	tex/books/物理（第四册）.tex:565	403	186	1626	0.950	0.050	replaced
books/assets/physics-4/fig-p0023-01.png	物理（第四册）	physics-4	23	P	medium	疑似网纹或照片	图2.1	tex/books/物理（第四册）.tex:677	368	236	4461	0.877	0.123	pending
books/assets/physics-4/fig-p0023-03.png	物理（第四册）	physics-4	23	T	high	对照 raw 第23页，已改 TikZ	图2.2	tex/books/物理（第四册）.tex:690	244	251	1825	0.945	0.055	replaced
books/assets/physics-4/fig-p0024-01.png	物理（第四册）	physics-4	24	T	high	对照 raw 第24页，已改 TikZ	图2.3	tex/books/物理（第四册）.tex:707	206	126	1676	0.865	0.135	replaced
books/assets/physics-4/fig-p0025-01.png	物理（第四册）	physics-4	25	T	high	对照 raw 第25页，已改 TikZ	图2.4	tex/books/物理（第四册）.tex:726	420	178	1797	0.953	0.047	replaced
books/assets/physics-4/fig-p0025-02.png	物理（第四册）	physics-4	25	T	high	对照 raw 第25页，已改 TikZ	图2.5	tex/books/物理（第四册）.tex:735	217	261	2656	0.890	0.110	replaced
books/assets/physics-4/fig-p0026-01.png	物理（第四册）	physics-4	26	T	high	对照 raw 页光线示意图，已改 TikZ	图2.6	tex/books/物理（第四册）.tex:771	307	251	2526	0.933	0.067	replaced
books/assets/physics-4/fig-p0027-01.png	物理（第四册）	physics-4	27	P	medium	疑似网纹或照片	图2.7	tex/books/物理（第四册）.tex:792	168	101	1137	0.864	0.136	pending
books/assets/physics-4/fig-p0027-02.png	物理（第四册）	physics-4	27	V	low	初分待对照 raw 改轨	图2.8	tex/books/物理（第四册）.tex:798	120	194	861	0.621	0.379	pending
books/assets/physics-4/fig-p0028-01.png	物理（第四册）	physics-4	28	T	high	对照 raw 第28页，已改 TikZ	图2.9	平面橱窗：太阳光入射反射入眼，遮挡橱内半身像；窗框斜线填充	tex/books/物理（第四册）.tex:804	280	281	3524	0.915	0.085	replaced
books/assets/physics-4/fig-p0028-02.png	物理（第四册）	physics-4	28	T	high	对照 raw 第28页，已改 TikZ	图2.10	弧形橱窗凸向观察者：反射光偏向下方，橱内半身像仍可见	tex/books/物理（第四册）.tex:810	281	284	3707	0.903	0.097	replaced
books/assets/physics-4/fig-p0029-01.png	物理（第四册）	physics-4	29	T	high	对照 raw 页光线示意图，已改 TikZ	图2.11	tex/books/物理（第四册）.tex:834	262	222	1707	0.935	0.065	replaced
books/assets/physics-4/fig-p0029-02.png	物理（第四册）	physics-4	29	T	high	对照 raw 页光线示意图，已改 TikZ	图2.12	tex/books/物理（第四册）.tex:861	272	173	995	0.959	0.041	replaced
books/assets/physics-4/fig-p0030-01.png	物理（第四册）	physics-4	30	T	high	对照 raw 页光线示意图，已改 TikZ	图2.13	tex/books/物理（第四册）.tex:885	245	210	2117	0.911	0.089	replaced
books/assets/physics-4/fig-p0030-03.png	物理（第四册）	physics-4	30	T	high	对照 raw 第30页光线示意图，已改 TikZ	（第3题）	tex/books/物理（第四册）.tex:908	212	213	1456	0.949	0.051	replaced
books/assets/physics-4/fig-p0031-01.png	物理（第四册）	physics-4	31	T	high	对照 raw 第31页光线示意图，已改 TikZ	图2.14	tex/books/物理（第四册）.tex:945	211	315	2832	0.888	0.112	replaced
books/assets/physics-4/fig-p0032-01.png	物理（第四册）	physics-4	32	T	high	对照 raw 第32页光线示意图，已改 TikZ	图2.15	tex/books/物理（第四册）.tex:951	323	219	2004	0.949	0.051	replaced
books/assets/physics-4/fig-p0032-02.png	物理（第四册）	physics-4	32	T	high	对照 raw 第32页光线示意图，已改 TikZ	图2.16	tex/books/物理（第四册）.tex:957	300	222	1907	0.947	0.053	replaced
books/assets/physics-4/fig-p0033-01.png	物理（第四册）	physics-4	33	V	low	初分待对照 raw 改轨	图2.17	tex/books/物理（第四册）.tex:997	371	232	4403	0.847	0.153	pending
books/assets/physics-4/fig-p0034-01.png	物理（第四册）	physics-4	34	T	high	对照 raw 第34页光线示意图，已改 TikZ	图2.18	tex/books/物理（第四册）.tex:1003	265	256	2003	0.935	0.065	replaced
books/assets/physics-4/fig-p0034-02.png	物理（第四册）	physics-4	34	T	high	对照 raw 第34页光线示意图，已改 TikZ	图2.19	tex/books/物理（第四册）.tex:1009	230	204	1723	0.900	0.100	replaced
books/assets/physics-4/fig-p0037-01.png	物理（第四册）	physics-4	37	T	high	对照 raw 光线图，已改 TikZ	图2.20	tex/books/物理（第四册）.tex:1151	276	250	2383	0.905	0.095	replaced
books/assets/physics-4/fig-p0039-01.png	物理（第四册）	physics-4	39	T	high	对照 raw 第39页，已改 TikZ	图2.21	水池鱼A光线水面折射入眼，虚线反向延长交虚象A'	tex/books/物理（第四册）.tex:1226	481	320	3639	0.944	0.056	replaced
books/assets/physics-4/fig-p0040-01.png	物理（第四册）	physics-4	40	T	high	对照 raw 第40页，已改 TikZ	图2.22	岸上看水中人腿：脚→水面→眼实线折射，虚线为视在脚位置	tex/books/物理（第四册）.tex:1235	319	240	2803	0.891	0.109	replaced
books/assets/physics-4/fig-p0040-02.png	物理（第四册）	physics-4	40	T	high	对照 raw 第40页，已改 TikZ	图2.23	水中站立者腿短示意：水面波纹，水下短腿虚线，远景山峰	tex/books/物理（第四册）.tex:1241	202	242	2321	0.881	0.119	replaced
books/assets/physics-4/fig-p0041-01.png	物理（第四册）	physics-4	41	T	high	对照 raw 光线图，已改 TikZ	（a）	tex/books/物理（第四册）.tex:1266	169	200	818	0.964	0.036	replaced
books/assets/physics-4/fig-p0041-02.png	物理（第四册）	physics-4	41	T	high	对照 raw 光线图，已改 TikZ	（b）。	tex/books/物理（第四册）.tex:1272	171	198	813	0.967	0.033	replaced
books/assets/physics-4/fig-p0041-03.png	物理（第四册）	physics-4	41	T	high	对照 raw 光线图，已改 TikZ	（c）	tex/books/物理（第四册）.tex:1278	163	196	794	0.961	0.039	replaced
books/assets/physics-4/fig-p0042-01.png	物理（第四册）	physics-4	42	P	medium	疑似网纹或照片	图2.25	tex/books/物理（第四册）.tex:1320	531	298	7721	0.846	0.154	pending
books/assets/physics-4/fig-p0043-01.png	物理（第四册）	physics-4	43	P	medium	疑似网纹或照片	图2.26	tex/books/物理（第四册）.tex:1394	492	236	9539	0.735	0.265	pending
books/assets/physics-4/fig-p0044-01.png	物理（第四册）	physics-4	44	T	high	对照 raw 第44页，已改 TikZ	图2.27	烧瓶半盛水，钢丝过O，右烛A，右侧每10°刻度；AO→C，OB入眼，标B、N	tex/books/物理（第四册）.tex:1422	236	292	2402	0.893	0.107	replaced
books/assets/physics-4/fig-p0046-01.png	物理（第四册）	physics-4	46	T	high	对照 raw 光线图，已改 TikZ	图2.28	tex/books/物理（第四册）.tex:1475	248	215	2118	0.903	0.097	replaced
books/assets/physics-4/fig-p0047-01.png	物理（第四册）	physics-4	47	T	high	对照 raw 光线图，已改 TikZ	图2.29	tex/books/物理（第四册）.tex:1481	350	92	1624	0.904	0.096	replaced
books/assets/physics-4/fig-p0049-01.png	物理（第四册）	physics-4	49	T	high	对照 raw 光线图，已改 TikZ	（第3题）	tex/books/物理（第四册）.tex:1603	197	252	1168	0.940	0.060	replaced
books/assets/physics-4/fig-p0050-01.png	物理（第四册）	physics-4	50	T	high	对照 raw 光线图，已改 TikZ	图3.1 平面镜成象	tex/books/物理（第四册）.tex:1630	213	257	2190	0.920	0.080	replaced
books/assets/physics-4/fig-p0051-01.png	物理（第四册）	physics-4	51	T	high	对照 raw 第51页，已改 TikZ	图3.2	左：平面镜实箭/虚箭对称，实线反射入眼、虚线延长；右：手掌镜中左右对调	tex/books/物理（第四册）.tex:1650	443	212	3201	0.908	0.092	replaced
books/assets/physics-4/fig-p0052-01.png	物理（第四册）	physics-4	52	T	high	对照 raw 第52页，已改 TikZ	图3.3	电学仪表镜面读数：弧形刻度板两端圆头，左右内缘斜线为镜条，中视线垂直为正确，左右斜视为错误	tex/books/物理（第四册）.tex:1660	247	140	1580	0.910	0.090	replaced
books/assets/physics-4/fig-p0053-01.png	物理（第四册）	physics-4	53	T	high	对照 raw 光线图，已改 TikZ	图3.4	tex/books/物理（第四册）.tex:1686	253	214	1332	0.958	0.042	replaced
books/assets/physics-4/fig-p0053-02.png	物理（第四册）	physics-4	53	T	high	对照 raw 光线图，已改 TikZ	图3.5	tex/books/物理（第四册）.tex:1692	314	210	1383	0.962	0.038	replaced
books/assets/physics-4/fig-p0054-01.png	物理（第四册）	physics-4	54	T	high	对照 raw 第54页，已改 TikZ	图3.6 实焦点	tex/books/物理（第四册）.tex:1711	248	211	1427	0.920	0.080	replaced
books/assets/physics-4/fig-p0054-02.png	物理（第四册）	physics-4	54	T	high	对照 raw 第54页，已改 TikZ	图3.7 虚焦点	tex/books/物理（第四册）.tex:1717	337	224	1768	0.949	0.051	replaced
books/assets/physics-4/fig-p0055-01.png	物理（第四册）	physics-4	55	P	medium	疑似网纹或照片	图3.8	tex/books/物理（第四册）.tex:1729	372	409	13318	0.408	0.592	pending
books/assets/physics-4/fig-p0056-01.png	物理（第四册）	physics-4	56	T	high	对照 raw 第56页，已改 TikZ	图3.9	tex/books/物理（第四册）.tex:1749	262	253	2694	0.895	0.105	replaced
books/assets/physics-4/fig-p0056-02.png	物理（第四册）	physics-4	56	T	high	对照 raw 第56页，已改 TikZ	图3.10 凹镜成象	tex/books/物理（第四册）.tex:1755	351	400	3077	0.947	0.053	replaced
books/assets/physics-4/fig-p0058-01.png	物理（第四册）	physics-4	58	T	high	对照 raw 第58页，已改 TikZ	图3.11	tex/books/物理（第四册）.tex:1782	516	338	2829	0.968	0.032	replaced
books/assets/physics-4/fig-p0058-02.png	物理（第四册）	physics-4	58	T	high	对照 raw 第58页，已改 TikZ	图3.12	汽车左侧凸面观后镜：圆镜中人影，楔形支架连门镜，驾驶室方向盘与三只仪表	tex/books/物理（第四册）.tex:1793	329	261	3311	0.890	0.110	replaced
books/assets/physics-4/fig-p0059-01.png	物理（第四册）	physics-4	59	T	high	对照 raw 第59页，已改 TikZ	图3.13	tex/books/物理（第四册）.tex:1821	333	230	2384	0.926	0.074	replaced
books/assets/physics-4/fig-p0061-01.png	物理（第四册）	physics-4	61	T	high	对照 raw 第61页，已改 TikZ	图3.14	tex/books/物理（第四册）.tex:1850	323	203	1936	0.920	0.080	replaced
books/assets/physics-4/fig-p0061-02.png	物理（第四册）	physics-4	61	T	high	对照 raw 第61页，已改 TikZ	图3.15	tex/books/物理（第四册）.tex:1865	313	224	1423	0.941	0.059	replaced
books/assets/physics-4/fig-p0061-03.png	物理（第四册）	physics-4	61	T	high	对照 raw 第61页，已改 TikZ	图3.16	tex/books/物理（第四册）.tex:1871	311	219	1822	0.937	0.063	replaced
books/assets/physics-4/fig-p0062-01.png	物理（第四册）	physics-4	62	T	high	对照 raw 第62页，已改 TikZ	图3.17	tex/books/物理（第四册）.tex:1886	296	206	1383	0.958	0.042	replaced
books/assets/physics-4/fig-p0062-02.png	物理（第四册）	physics-4	62	T	high	对照 raw 第62页，已改 TikZ	图3.18	tex/books/物理（第四册）.tex:1895	380	255	1958	0.963	0.037	replaced
books/assets/physics-4/fig-p0063-01.png	物理（第四册）	physics-4	63	T	high	对照 raw 第63页，已改 TikZ	图3.19	tex/books/物理（第四册）.tex:1909	315	210	1361	0.964	0.036	replaced
books/assets/physics-4/fig-p0064-01.png	物理（第四册）	physics-4	64	T	high	对照 raw 第64页，已改 TikZ	图3.20	tex/books/物理（第四册）.tex:1938	337	224	1773	0.947	0.053	replaced
books/assets/physics-4/fig-p0066-01.png	物理（第四册）	physics-4	66	T	high	对照 raw 第66页，已改 TikZ	（a）	平面镜双线，发光点A在镜右上方，两条入射光线射向镜面中部与下部；未补象	tex/books/物理（第四册）.tex:2032	345	138	635	0.974	0.026	replaced
books/assets/physics-4/fig-p0066-02.png	物理（第四册）	physics-4	66	T	high	对照 raw 第66页，已改 TikZ	（b）	凹镜，轴上O、F、C，A在C外，一条入射光线射向镜面上部；未补象	tex/books/物理（第四册）.tex:2040	340	147	828	0.963	0.037	replaced
books/assets/physics-4/fig-p0066-03.png	物理（第四册）	physics-4	66	T	high	对照 raw 第66页，已改 TikZ	（c）	凹镜，物体在F与C之间，已画平行主轴及射向顶点O的两条入射光线；未补象	tex/books/物理（第四册）.tex:2048	339	140	805	0.964	0.036	replaced
books/assets/physics-4/fig-p0066-04.png	物理（第四册）	physics-4	66	T	high	对照 raw 第66页，已改 TikZ	（d）	凹镜，轴上A在O与F之间，一条入射光线射向镜面上部；未补象	tex/books/物理（第四册）.tex:2056	341	137	700	0.968	0.032	replaced
books/assets/physics-4/fig-p0067-01.png	物理（第四册）	physics-4	67	T	high	对照 raw 第67页，已改 TikZ	（e）	凸镜，镜后C、F，顶点O，轴上A在镜前，一条入射光线射向镜面上部；未补象	tex/books/物理（第四册）.tex:2064	338	141	768	0.966	0.034	replaced
books/assets/physics-4/fig-p0067-02.png	物理（第四册）	physics-4	67	T	high	对照 raw 第67页，已改 TikZ	（a）	凹镜，物体在C外，已画射向镜面上部及过球心C的两条入射光线；未补象	tex/books/物理（第四册）.tex:2080	334	138	1025	0.953	0.047	replaced
books/assets/physics-4/fig-p0067-03.png	物理（第四册）	physics-4	67	T	high	对照 raw 第67页，已改 TikZ	（b）	凹镜，物体立于球心C，已画平行主轴及过焦点F的两条入射光线；未补象	tex/books/物理（第四册）.tex:2088	336	147	929	0.962	0.038	replaced
books/assets/physics-4/fig-p0067-04.png	物理（第四册）	physics-4	67	T	high	对照 raw 第67页，已改 TikZ	（c）	凹镜，物体在O与F之间，已画平行主轴及指向球心C的入射光线（物至C虚线）；未补象	tex/books/物理（第四册）.tex:2096	336	146	753	0.968	0.032	replaced
books/assets/physics-4/fig-p0068-01.png	物理（第四册）	physics-4	68	T	high	对照 raw 第68页，已改 TikZ	（d）	凹镜，从焦点F发出射向镜面的三条入射光线（上、轴、下）；未画反射	tex/books/物理（第四册）.tex:2104	336	152	798	0.971	0.029	replaced
books/assets/physics-4/fig-p0068-02.png	物理（第四册）	physics-4	68	T	high	对照 raw 第68页，已改 TikZ	（e）	凸镜，镜后C、F，顶点O，物体立于镜前，已画平行主轴及指向F的两条入射光线；未补象	tex/books/物理（第四册）.tex:2112	338	153	837	0.969	0.031	replaced
books/assets/physics-4/fig-p0068-03.png	物理（第四册）	physics-4	68	T	high	对照 raw 第68页，已改 TikZ	（f）	凸镜，会聚于虚焦点F的三条入射光线射向镜面，镜后虚线延长交于F；未画反射	tex/books/物理（第四册）.tex:2129	335	165	1207	0.961	0.039	replaced
books/assets/physics-4/fig-p0069-01.png	物理（第四册）	physics-4	69	T	high	对照 raw 第69页，已改 TikZ	图3.21	tex/books/物理（第四册）.tex:2159	482	239	3174	0.947	0.053	replaced
books/assets/physics-4/fig-p0069-02.png	物理（第四册）	physics-4	69	T	high	对照 raw 第69页，已改 TikZ	图3.22	tex/books/物理（第四册）.tex:2165	540	243	2063	0.969	0.031	replaced
books/assets/physics-4/fig-p0070-01.png	物理（第四册）	physics-4	70	T	high	对照 raw 第70页，已改 TikZ	（第1题）	两平面镜成直角，镜前蜡烛及其三虚象；下为俯视示意并标象₁–₃、物、眼	tex/books/物理（第四册）.tex:2180	272	435	2694	0.950	0.050	replaced
books/assets/physics-4/fig-p0072-01.png	物理（第四册）	physics-4	72	T	high	对照 raw 第72页，已改 TikZ	图4.1	tex/books/物理（第四册）.tex:2235	250	231	1513	0.948	0.052	replaced
books/assets/physics-4/fig-p0072-02.png	物理（第四册）	physics-4	72	T	high	对照 raw 第72页，已改 TikZ	图4.2	厚平行透明体：桌上透明玻璃砖/水槽，底面可见粗直线，隔厚介质观察侧移	tex/books/物理（第四册）.tex:2249	239	210	2201	0.940	0.060	replaced
books/assets/physics-4/fig-p0072-03.png	物理（第四册）	physics-4	72	T	high	对照 raw 第72页，已改 TikZ	图4.3	tex/books/物理（第四册）.tex:2255	286	210	1693	0.950	0.050	replaced
books/assets/physics-4/fig-p0073-01.png	物理（第四册）	physics-4	73	T	high	对照 raw 第73页，已改 TikZ	图4.4	tex/books/物理（第四册）.tex:2280	553	150	1887	0.953	0.047	replaced
books/assets/physics-4/fig-p0074-01.png	物理（第四册）	physics-4	74	T	high	对照 raw 第74页，已改 TikZ	图4.5	tex/books/物理（第四册）.tex:2291	257	312	1281	0.959	0.041	replaced
books/assets/physics-4/fig-p0074-02.png	物理（第四册）	physics-4	74	T	high	对照 raw 第74页，已改 TikZ	图4.6	tex/books/物理（第四册）.tex:2297	190	175	946	0.943	0.057	replaced
books/assets/physics-4/fig-p0074-03.png	物理（第四册）	physics-4	74	T	high	对照 raw 第74页，已改 TikZ	图4.7	倒转棱镜应用示意：阶梯形镜筒内两块直角棱镜两次全反射，光线折转后入眼	tex/books/物理（第四册）.tex:2305	233	121	1174	0.899	0.101	replaced
books/assets/physics-4/fig-p0075-01.png	物理（第四册）	physics-4	75	T	high	对照 raw 第75页，已改 TikZ	图4.8	tex/books/物理（第四册）.tex:2320	526	194	2488	0.959	0.041	replaced
books/assets/physics-4/fig-p0075-02.png	物理（第四册）	physics-4	75	T	high	对照 raw 第75页，已改 TikZ	图4.9	tex/books/物理（第四册）.tex:2326	301	267	2211	0.963	0.037	replaced
books/assets/physics-4/fig-p0075-03.png	物理（第四册）	physics-4	75	T	high	对照 raw 第75页，已改 TikZ	图4.10	手持放大镜会聚阳光：平行光经凸透镜会聚于纸面一点，冒烟示意点燃	tex/books/物理（第四册）.tex:2332	285	284	3272	0.927	0.073	replaced
books/assets/physics-4/fig-p0076-01.png	物理（第四册）	physics-4	76	T	high	对照 raw 第76页，已改 TikZ	图4.11	tex/books/物理（第四册）.tex:2355	469	333	3792	0.941	0.059	replaced
books/assets/physics-4/fig-p0077-01.png	物理（第四册）	physics-4	77	T	high	对照 raw 第77页，已改 TikZ	图4.12	tex/books/物理（第四册）.tex:2366	415	175	1893	0.936	0.064	replaced
books/assets/physics-4/fig-p0077-02.png	物理（第四册）	physics-4	77	T	high	对照 raw 第77页，已改 TikZ	图4.13	tex/books/物理（第四册）.tex:2372	596	226	4604	0.944	0.056	replaced
books/assets/physics-4/fig-p0079-01.png	物理（第四册）	physics-4	79	T	high	对照 raw 第79页，已改 TikZ	图4.14	tex/books/物理（第四册）.tex:2409	298	272	3429	0.925	0.075	replaced
books/assets/physics-4/fig-p0080-01.png	物理（第四册）	physics-4	80	T	high	对照 raw 第80页，已改 TikZ	（第1题）	九个方框光路：入射与出射光线已绘，框内器件留空待判；中左仅两条水平入射无出射	tex/books/物理（第四册）.tex:2434	500	359	2599	0.963	0.037	replaced
books/assets/physics-4/fig-p0080-02.png	物理（第四册）	physics-4	80	T	high	对照 raw 第80页，已改 TikZ	（第2题）	两厚玻璃砖夹空气层：左为宏观狭缝，右圆内放大缝隙及斜向示意光线，空心箭头从放大圆指向缝	tex/books/物理（第四册）.tex:2448	339	189	3163	0.881	0.119	replaced
books/assets/physics-4/fig-p0081-01.png	物理（第四册）	physics-4	81	T	high	对照 raw 第81页，已改 TikZ	（第3题）	tex/books/物理（第四册）.tex:2465	300	239	1675	0.961	0.039	replaced
books/assets/physics-4/fig-p0081-02.png	物理（第四册）	physics-4	81	T	high	对照 raw 第81页，已改 TikZ	（a）	凸透镜，自左焦点F发出两条入射光线射向透镜上半；未画折射	tex/books/物理（第四册）.tex:2471	332	129	625	0.974	0.026	replaced
books/assets/physics-4/fig-p0081-03.png	物理（第四册）	physics-4	81	T	high	对照 raw 第81页，已改 TikZ	（第4题）	四幅未完成光路：(b)凸透镜点A两条入射；(c)凸透镜焦平面上B三点入射；(d)凹透镜射向右方F虚线；另凹透镜两条平行入射；均未补折射	tex/books/物理（第四册）.tex:2477	605	462	3323	0.975	0.025	replaced
books/assets/physics-4/fig-p0083-01.png	物理（第四册）	physics-4	83	T	high	对照 raw 第83页，已改 TikZ	图4.15	tex/books/物理（第四册）.tex:2511	534	528	6273	0.949	0.051	replaced
books/assets/physics-4/fig-p0085-01.png	物理（第四册）	physics-4	85	T	high	对照 raw 第85页，已改 TikZ	图4.16	tex/books/物理（第四册）.tex:2544	324	275	3352	0.894	0.106	replaced
books/assets/physics-4/fig-p0085-02.png	物理（第四册）	physics-4	85	T	high	对照 raw 第85页，已改 TikZ	图4.17	tex/books/物理（第四册）.tex:2550	251	181	1119	0.957	0.043	replaced
books/assets/physics-4/fig-p0087-01.png	物理（第四册）	physics-4	87	T	high	对照 raw 第87页，已改 TikZ	图4.18	tex/books/物理（第四册）.tex:2595	376	178	1787	0.936	0.064	replaced
books/assets/physics-4/fig-p0087-03.png	物理（第四册）	physics-4	87	T	high	对照 raw 第87页，已改 TikZ	图4.19	tex/books/物理（第四册）.tex:2605	278	160	687	0.962	0.038	replaced
books/assets/physics-4/fig-p0088-01.png	物理（第四册）	physics-4	88	T	high	对照 raw 第88页，已改 TikZ	图4.20	tex/books/物理（第四册）.tex:2626	368	206	1448	0.967	0.033	replaced
books/assets/physics-4/fig-p0088-02.png	物理（第四册）	physics-4	88	T	high	对照 raw 第88页，已改 TikZ	图4.21	tex/books/物理（第四册）.tex:2637	299	177	1315	0.955	0.045	replaced
books/assets/physics-4/fig-p0088-03.png	物理（第四册）	physics-4	88	T	high	对照 raw 第88页，已改 TikZ	图4.22	tex/books/物理（第四册）.tex:2643	316	180	1279	0.963	0.037	replaced
books/assets/physics-4/fig-p0089-01.png	物理（第四册）	physics-4	89	T	high	对照 raw 第89页，已改 TikZ	图4.23	tex/books/物理（第四册）.tex:2665	325	159	1302	0.940	0.060	replaced
books/assets/physics-4/fig-p0090-01.png	物理（第四册）	physics-4	90	T	high	对照 raw 第90页，已改 TikZ	图4.24	tex/books/物理（第四册）.tex:2683	304	170	1331	0.941	0.059	replaced
books/assets/physics-4/fig-p0090-02.png	物理（第四册）	physics-4	90	T	high	对照 raw 第90页，已改 TikZ	图4.25	tex/books/物理（第四册）.tex:2694	355	174	1763	0.936	0.064	replaced
books/assets/physics-4/fig-p0090-03.png	物理（第四册）	physics-4	90	T	high	对照 raw 第90页，已改 TikZ	图4.26	tex/books/物理（第四册）.tex:2703	271	164	1528	0.938	0.062	replaced
books/assets/physics-4/fig-p0090-04.png	物理（第四册）	physics-4	90	T	high	对照 raw 第90页，已改 TikZ	图4.27	tex/books/物理（第四册）.tex:2709	306	218	2077	0.945	0.055	replaced
books/assets/physics-4/fig-p0091-01.png	物理（第四册）	physics-4	91	T	high	对照 raw 第91页，已改 TikZ	图4.28	tex/books/物理（第四册）.tex:2729	300	199	1609	0.944	0.056	replaced
books/assets/physics-4/fig-p0092-01.png	物理（第四册）	physics-4	92	T	high	对照 raw 第92页，已改 TikZ	图4.29	tex/books/物理（第四册）.tex:2742	306	91	250	0.972	0.028	replaced
books/assets/physics-4/fig-p0092-02.png	物理（第四册）	physics-4	92	T	high	对照 raw 第92页，已改 TikZ	图4.30	tex/books/物理（第四册）.tex:2748	273	176	1108	0.962	0.038	replaced
books/assets/physics-4/fig-p0093-01.png	物理（第四册）	physics-4	93	T	high	对照 raw 第93页，已改 TikZ	（第5题）	tex/books/物理（第四册）.tex:2787	222	87	270	0.973	0.027	replaced
books/assets/physics-4/fig-p0094-01.png	物理（第四册）	physics-4	94	T	high	对照 raw 第94页，已改 TikZ	图4.31	tex/books/物理（第四册）.tex:2805	317	184	1765	0.935	0.065	replaced
books/assets/physics-4/fig-p0094-02.png	物理（第四册）	physics-4	94	T	high	对照 raw 第94页，已改 TikZ	图4.32	tex/books/物理（第四册）.tex:2813	273	225	1858	0.938	0.062	replaced
books/assets/physics-4/fig-p0094-03.png	物理（第四册）	physics-4	94	T	high	对照 raw 第94页，已改 TikZ	图4.33	tex/books/物理（第四册）.tex:2819	268	225	1704	0.943	0.057	replaced
books/assets/physics-4/fig-p0105-01.png	物理（第四册）	physics-4	105	T	high	对照 raw 第105页，已改 TikZ	（a）	凸透镜成倒立实象：物AB跨主轴中点M，象A'B'中点M'，F与F'，由A、B各作过光心与平行主轴的光线	tex/books/物理（第四册）.tex:3315	379	132	1406	0.946	0.054	replaced
books/assets/physics-4/fig-p0105-02.png	物理（第四册）	physics-4	105	T	high	对照 raw 第105页，已改 TikZ	（b）	截去下半的凸透镜仍成完整倒立实象A'B'：物AB中点M，左F'右F，仅上半透镜；光线均经上半或光心	tex/books/物理（第四册）.tex:3321	376	123	1416	0.944	0.056	replaced
books/assets/physics-4/fig-p0105-03.png	物理（第四册）	physics-4	105	T	high	对照 raw 第105页，已改 TikZ	（c）	半透镜上移：物中点M为向上箭头，成倒立象M'，焦平面虚线过F、F'，象相对上移	tex/books/物理（第四册）.tex:3327	353	152	1417	0.947	0.053	replaced
books/assets/physics-4/fig-p0106-01.png	物理（第四册）	physics-4	106	T	high	对照 raw 第106页，已改 TikZ	图4.35	tex/books/物理（第四册）.tex:3335	368	297	3250	0.932	0.068	replaced
books/assets/physics-4/fig-p0107-01.png	物理（第四册）	physics-4	107	T	high	对照 raw 第107页，已改 TikZ	图4.36	tex/books/物理（第四册）.tex:3369	529	163	1822	0.965	0.035	replaced
books/assets/physics-4/fig-p0108-01.png	物理（第四册）	physics-4	108	T	high	对照 raw 第108页，已改 TikZ	图4.37	tex/books/物理（第四册）.tex:3397	514	295	2443	0.976	0.024	replaced
books/assets/physics-4/fig-p0109-01.png	物理（第四册）	physics-4	109	T	high	对照 raw 第109页，已改 TikZ	图4.38	tex/books/物理（第四册）.tex:3444	476	228	2433	0.963	0.037	replaced
books/assets/physics-4/fig-p0109-02.png	物理（第四册）	physics-4	109	T	high	对照 raw 第109页，已改 TikZ	图4.39	图4.39凹透镜成象归纳：等高物1（F外）、2（在F）、3（F内）；平行光折射发散并反向虚线过左F，与过光心光线交得同侧正立缩小虚象1'、2'、3'	tex/books/物理（第四册）.tex:3450	352	220	1812	0.961	0.039	replaced
books/assets/physics-4/fig-p0113-01.png	物理（第四册）	physics-4	113	T	high	对照 raw 第113页，已改 TikZ	球面镜	tex/books/物理（第四册）.tex:3571	229	241	1449	0.937	0.063	replaced
books/assets/physics-4/fig-p0113-02.png	物理（第四册）	physics-4	113	T	high	对照 raw 第113页，已改 TikZ	抛物镜面	tex/books/物理（第四册）.tex:3577	212	239	1615	0.932	0.068	replaced
books/assets/physics-4/fig-p0113-03.png	物理（第四册）	physics-4	113	T	high	对照 raw 第113页，已改 TikZ	图5.2	tex/books/物理（第四册）.tex:3587	463	268	3438	0.928	0.072	replaced
books/assets/physics-4/fig-p0114-01.png	物理（第四册）	physics-4	114	V	low	初分待对照 raw 改轨	图5.3 照相机	tex/books/物理（第四册）.tex:3608	357	297	6778	0.597	0.403	pending
books/assets/physics-4/fig-p0115-01.png	物理（第四册）	physics-4	115	V	low	初分待对照 raw 改轨	图5.4 镜头	tex/books/物理（第四册）.tex:3619	265	178	2142	0.789	0.211	pending
books/assets/physics-4/fig-p0115-02.png	物理（第四册）	physics-4	115	T	high	对照 raw 第115页，已改 TikZ	图5.5	图5.5五个光圈：自左至右 f11、f8、f6.3、f4.5、f3.5，弧形叶片围成的中心孔径逐级增大；下标「光圈」	tex/books/物理（第四册）.tex:3629	410	149	2719	0.884	0.116	replaced
books/assets/physics-4/fig-p0115-03.png	物理（第四册）	physics-4	115	V	low	初分待对照 raw 改轨	图5.6 快门开启过程	tex/books/物理（第四册）.tex:3638	358	93	1360	0.658	0.342	pending
books/assets/physics-4/fig-p0116-01.png	物理（第四册）	physics-4	116	V	low	初分待对照 raw 改轨	图5.7	tex/books/物理（第四册）.tex:3649	321	188	2171	0.846	0.154	pending
books/assets/physics-4/fig-p0116-02.png	物理（第四册）	physics-4	116	V	low	初分待对照 raw 改轨	图5.8 放大机	tex/books/物理（第四册）.tex:3655	222	357	2547	0.824	0.176	pending
books/assets/physics-4/fig-p0117-01.png	物理（第四册）	physics-4	117	T	high	对照 raw 第117页，已改 TikZ	图5.9	图5.9幻灯机：凹面镜M、光源S、聚光镜D、倒插片AB、镜头L，光线经L交叉后在幕上成正立放大花象A'B'	tex/books/物理（第四册）.tex:3672	385	124	1858	0.875	0.125	replaced
books/assets/physics-4/fig-p0118-01.png	物理（第四册）	physics-4	118	P	medium	撑竿照片序列，改标 P，保留 PNG	图5.10	tex/books/物理（第四册）.tex:3686	517	341	3381	0.912	0.088	pending
books/assets/physics-4/fig-p0119-01.png	物理（第四册）	physics-4	119	T	high	对照 raw 第119页，已改 TikZ	图5.11	图5.11视觉暂留实验：三柄方框可旋转，左画分腿运动员，中画鞍马，右两者重合如运动员在鞍马上	tex/books/物理（第四册）.tex:3696	452	206	2193	0.889	0.111	replaced
books/assets/physics-4/fig-p0120-01.png	物理（第四册）	physics-4	120	V	low	初分待对照 raw 改轨	图 5.12	tex/books/物理（第四册）.tex:3706	363	414	5501	0.774	0.226	pending
books/assets/physics-4/fig-p0121-01.png	物理（第四册）	physics-4	121	V	low	初分待对照 raw 改轨	图5.13	tex/books/物理（第四册）.tex:3716	277	263	3070	0.823	0.177	pending
books/assets/physics-4/fig-p0122-01.png	物理（第四册）	physics-4	122	T	high	对照 raw 第122页，已改 TikZ	图5.14	图5.14视角：左竖线物两点光线经晶状体交叉落在视网膜两点；空心箭头指右放大圈，圈内蜂窝状感光细胞，相邻两格斜线填充	tex/books/物理（第四册）.tex:3733	441	208	2481	0.930	0.070	replaced
books/assets/physics-4/fig-p0124-01.png	物理（第四册）	physics-4	124	T	high	对照 raw 第124页，已改 TikZ	（a）	（a）视角示意：左观察者望近处人与远处楼梯上人，虚线视线张角不同；上方圆框为人象放大，空心箭头指向近处人	tex/books/物理（第四册）.tex:3756	425	182	2088	0.926	0.074	replaced
books/assets/physics-4/fig-p0124-02.png	物理（第四册）	physics-4	124	T	high	对照 raw 第124页，已改 TikZ	图5.15	tex/books/物理（第四册）.tex:3762	403	108	1175	0.940	0.060	replaced
books/assets/physics-4/fig-p0126-01.png	物理（第四册）	physics-4	126	T	high	对照 raw 第126页，已改 TikZ	图5.16 近视眼	tex/books/物理（第四册）.tex:3812	376	353	3159	0.927	0.073	replaced
books/assets/physics-4/fig-p0127-01.png	物理（第四册）	physics-4	127	T	high	对照 raw 第127页，已改 TikZ	图5.17 远视眼	tex/books/物理（第四册）.tex:3841	362	359	3267	0.917	0.083	replaced
books/assets/physics-4/fig-p0128-01.png	物理（第四册）	physics-4	128	T	high	对照 raw 第128页，已改 TikZ	图5.18 放大镜	tex/books/物理（第四册）.tex:3865	373	228	2388	0.922	0.078	replaced
books/assets/physics-4/fig-p0130-01.png	物理（第四册）	physics-4	130	P	medium	疑似网纹或照片	图5.19 显微镜	tex/books/物理（第四册）.tex:3933	230	430	5347	0.735	0.265	pending
books/assets/physics-4/fig-p0131-01.png	物理（第四册）	physics-4	131	T	high	对照 raw 第131页，已改 TikZ	图 5.20 显微镜光路图	tex/books/物理（第四册）.tex:3939	586	422	5800	0.940	0.060	replaced
books/assets/physics-4/fig-p0133-01.png	物理（第四册）	physics-4	133	P	medium	疑似网纹或照片	图 5.21 电子显微镜	tex/books/物理（第四册）.tex:4021	345	474	16547	0.460	0.540	pending
books/assets/physics-4/fig-p0133-02.png	物理（第四册）	physics-4	133	P	medium	疑似网纹或照片	图 5.22 电子显微镜下的病毒	tex/books/物理（第四册）.tex:4037	433	340	13806	0.723	0.277	pending
books/assets/physics-4/fig-p0135-01.png	物理（第四册）	physics-4	135	T	high	对照 raw 第135页，已改 TikZ	图5.23 开普勒望远镜	tex/books/物理（第四册）.tex:4052	531	166	3001	0.901	0.099	replaced
books/assets/physics-4/fig-p0136-01.png	物理（第四册）	physics-4	136	T	high	对照 raw 第136页，已改 TikZ	图5.24	tex/books/物理（第四册）.tex:4077	384	204	2174	0.943	0.057	replaced
books/assets/physics-4/fig-p0136-02.png	物理（第四册）	physics-4	136	T	high	对照 raw 第136页，已改 TikZ	图5.25	图5.25一对回转直角棱镜：下棱镜脊朝下、上棱镜脊朝上且互成直角；光线自右上射入下棱镜两次反射后上行，再经上棱镜两次反射后向下射出；虚线为隐边与棱内光路	tex/books/物理（第四册）.tex:4107	233	298	2270	0.936	0.064	replaced
books/assets/physics-4/fig-p0137-01.png	物理（第四册）	physics-4	137	T	high	对照 raw 第137页，已改 TikZ	图5.26 伽利略望远镜	tex/books/物理（第四册）.tex:4121	502	167	2833	0.890	0.110	replaced
books/assets/physics-4/fig-p0138-01.png	物理（第四册）	physics-4	138	T	high	对照 raw 第138页，已改 TikZ	图5.27	图5.27伽利略观剧镜：左舞台舞者，光线A、B经凸物镜与凹目镜入眼；筒内为正立放大虚象	tex/books/物理（第四册）.tex:4137	456	166	2792	0.903	0.097	replaced
books/assets/physics-4/fig-p0138-02.png	物理（第四册）	physics-4	138	T	high	对照 raw 第138页，已改 TikZ	图5.28	tex/books/物理（第四册）.tex:4153	254	174	1896	0.867	0.133	replaced
books/assets/physics-4/fig-p0139-01.png	物理（第四册）	physics-4	139	T	high	对照 raw 第139页，已改 TikZ	图5.29	tex/books/物理（第四册）.tex:4166	235	303	2820	0.900	0.100	replaced
books/assets/physics-4/fig-p0139-02.png	物理（第四册）	physics-4	139	T	high	对照 raw 第139页，已改 TikZ	图 5.30 卡塞格伦式反射望远镜	tex/books/物理（第四册）.tex:4172	214	345	2239	0.957	0.043	replaced
books/assets/physics-4/fig-p0140-01.png	物理（第四册）	physics-4	140	P	medium	疑似网纹或照片	图 5.31 反射望远镜	tex/books/物理（第四册）.tex:4183	403	364	16029	0.486	0.514	pending
books/assets/physics-4/fig-p0148-01.png	物理（第四册）	physics-4	148	T	high	对照 raw 第148页，已改 TikZ	图6.1	tex/books/物理（第四册）.tex:4417	403	124	1818	0.873	0.127	replaced
books/assets/physics-4/fig-p0148-02.png	物理（第四册）	physics-4	148	T	high	对照 raw 第148页，已改 TikZ	图6.2 双缝干涉	tex/books/物理（第四册）.tex:4431	373	223	1926	0.946	0.054	replaced
books/assets/physics-4/fig-p0151-01.png	物理（第四册）	physics-4	151	T	high	对照 raw 第151页，已改 TikZ	图6.3	tex/books/物理（第四册）.tex:4540	427	168	2968	0.884	0.116	replaced
books/assets/physics-4/fig-p0152-01.png	物理（第四册）	physics-4	152	T	high	对照 raw 第152页，已改 TikZ	（a）	tex/books/物理（第四册）.tex:4557	219	152	1369	0.905	0.095	replaced
books/assets/physics-4/fig-p0152-02.png	物理（第四册）	physics-4	152	V	low	初分待对照 raw 改轨	（b）	tex/books/物理（第四册）.tex:4563	149	154	330	0.182	0.818	pending
books/assets/physics-4/fig-p0152-03.png	物理（第四册）	physics-4	152	P	medium	疑似网纹或照片	（c）	tex/books/物理（第四册）.tex:4569	156	156	1126	0.290	0.710	pending
books/assets/physics-4/fig-p0153-01.png	物理（第四册）	physics-4	153	T	high	对照 raw 第153页，已改 TikZ	（a）	tex/books/物理（第四册）.tex:4584	164	138	1191	0.867	0.133	replaced
books/assets/physics-4/fig-p0153-02.png	物理（第四册）	physics-4	153	V	low	初分待对照 raw 改轨	（b）	tex/books/物理（第四册）.tex:4590	139	126	451	0.289	0.711	pending
books/assets/physics-4/fig-p0153-03.png	物理（第四册）	physics-4	153	P	medium	疑似网纹或照片	（c）	tex/books/物理（第四册）.tex:4596	158	115	1954	0.471	0.529	pending
books/assets/physics-4/fig-p0154-01.png	物理（第四册）	physics-4	154	P	medium	疑似网纹或照片	图6.6	tex/books/物理（第四册）.tex:4622	301	425	9230	0.416	0.584	pending
books/assets/physics-4/fig-p0155-01.png	物理（第四册）	physics-4	155	T	high	对照 raw 第155页，已改 TikZ	图6.7	图6.7横波偏振：(a)手振绳经两竖缝椅背传到右柱，波通过；(b)第二椅侧卧木块上成横缝，竖波被挡，椅后绳平直	tex/books/物理（第四册）.tex:4636	517	634	6896	0.942	0.058	replaced
books/assets/physics-4/fig-p0157-01.png	物理（第四册）	physics-4	157	P	high	对照 raw 第157页，已改 TikZ	（i）	tex/books/物理（第四册）.tex:4654	475	109	2431	0.871	0.129	replaced
books/assets/physics-4/fig-p0157-02.png	物理（第四册）	physics-4	157	T	high	对照 raw 第157页，已改 TikZ	（b）	tex/books/物理（第四册）.tex:4660	493	240	3374	0.909	0.091	replaced
books/assets/physics-4/fig-p0157-03.png	物理（第四册）	physics-4	157	P	high	对照 raw 第157页，已改 TikZ	（c）	tex/books/物理（第四册）.tex:4666	471	105	2173	0.885	0.115	replaced
books/assets/physics-4/fig-p0157-04.png	物理（第四册）	physics-4	157	T	high	对照 raw 第157页，已改 TikZ	（d）	图6.8（d）：星形光源与交叠圆示自然光；第一椅竖缝后成竖波；第二椅侧卧横缝，上方弯双箭头示可转，椅后直线到眼	tex/books/物理（第四册）.tex:4672	490	268	3790	0.920	0.080	replaced
books/assets/physics-4/fig-p0159-01.png	物理（第四册）	physics-4	159	P	medium	疑似网纹或照片	图6.9	tex/books/物理（第四册）.tex:4696	466	291	11732	0.521	0.479	pending
books/assets/physics-4/fig-p0161-01.png	物理（第四册）	physics-4	161	T	high	对照 raw 第161页，已改 TikZ	图6.10 光的色散	tex/books/物理（第四册）.tex:4730	389	198	2502	0.912	0.088	replaced
books/assets/physics-4/fig-p0162-01.png	物理（第四册）	physics-4	162	T	high	对照 raw 第162页，已改 TikZ	图6.11	tex/books/物理（第四册）.tex:4738	419	205	2457	0.922	0.078	replaced
books/assets/physics-4/fig-p0164-01.png	物理（第四册）	physics-4	164	T	high	对照 raw 第164页，已改 TikZ	图6.12	tex/books/物理（第四册）.tex:4796	407	266	2174	0.954	0.046	replaced
books/assets/physics-4/fig-p0166-01.png	物理（第四册）	physics-4	166	V	low	初分待对照 raw 改轨	图6.13 分光镜	tex/books/物理（第四册）.tex:4855	316	263	3578	0.764	0.236	pending
books/assets/physics-4/fig-p0166-02.png	物理（第四册）	physics-4	166	T	high	对照 raw 第166页，已改 TikZ	图6.14	tex/books/物理（第四册）.tex:4861	314	197	2210	0.913	0.087	replaced
books/assets/physics-4/fig-p0166-03.png	物理（第四册）	physics-4	166	T	high	对照 raw 第166页，已改 TikZ	图6.15	tex/books/物理（第四册）.tex:4869	306	205	2145	0.921	0.079	replaced
books/assets/physics-4/fig-p0167-01.png	物理（第四册）	physics-4	167	T	high	对照 raw 第167页，已改 TikZ	图6.16	图6.16：左气体放电管夹于支架，中凸透镜聚光，右分光镜平行光管、棱镜台、斜置望远镜与标度管，光线经棱镜折入目镜	tex/books/物理（第四册）.tex:4877	510	164	2648	0.896	0.104	replaced
books/assets/physics-4/fig-p0171-01.png	物理（第四册）	physics-4	171	T	high	对照 raw 第171页，已改 TikZ	图6.17	图6.17伦琴射线管：球泡左右两臂；左斜靶阳极A接高压+，右杯形阴极K接高压−与灯丝电池；电子打靶后向下扇形射线穿过手落在底片上	tex/books/物理（第四册）.tex:4961	321	223	1991	0.922	0.078	replaced
books/assets/physics-4/fig-p0172-01.png	物理（第四册）	physics-4	172	V	low	初分待对照 raw 改轨	图6.18	tex/books/物理（第四册）.tex:4977	334	376	3439	0.149	0.851	pending
books/assets/physics-4/fig-p0178-01.png	物理（第四册）	physics-4	178	T	high	对照 raw 第178页，已改 TikZ	图 7.1 光电效应	tex/books/物理（第四册）.tex:5120	290	188	2063	0.897	0.103	replaced
books/assets/physics-4/fig-p0178-02.png	物理（第四册）	physics-4	178	T	high	对照 raw 第178页，已改 TikZ	图7.2	tex/books/物理（第四册）.tex:5126	228	231	1643	0.900	0.100	replaced
books/assets/physics-4/fig-p0178-03.png	物理（第四册）	physics-4	178	T	high	对照 raw 第178页，已改 TikZ	图 7.3	tex/books/物理（第四册）.tex:5149	265	259	2375	0.909	0.091	replaced
books/assets/physics-4/fig-p0179-01.png	物理（第四册）	physics-4	179	T	high	对照 raw 第179页，已改 TikZ	图7.4	tex/books/物理（第四册）.tex:5166	292	225	1633	0.954	0.046	replaced
books/assets/physics-4/fig-p0185-01.png	物理（第四册）	physics-4	185	P	medium	疑似网纹或照片	图7.5 光电管	tex/books/物理（第四册）.tex:5333	135	239	1773	0.793	0.207	pending
books/assets/physics-4/fig-p0185-02.png	物理（第四册）	physics-4	185	T	high	对照 raw 第185页，已改 TikZ	图7.6	tex/books/物理（第四册）.tex:5339	212	238	1092	0.951	0.049	replaced
books/assets/physics-4/fig-p0186-01.png	物理（第四册）	physics-4	186	T	high	对照 raw 第186页，已改 TikZ	图7.7	图7.7影片录音：左上话筒（蹄形磁铁间竖丝）、中上放大器三旋钮、中下光阀蹄形磁铁双丝；底灯泡虚线光束经光阀打到右胶片声迹，胶片下行	tex/books/物理（第四册）.tex:5351	357	341	4122	0.918	0.082	replaced
books/assets/physics-4/fig-p0186-02.png	物理（第四册）	physics-4	186	T	high	对照 raw 第186页，已改 TikZ	图7.8	图7.8影片重放：左光源经凸透镜聚焦到下行胶片声迹，再经凸透镜入右光电管；光电管下接放大器与扬声器	tex/books/物理（第四册）.tex:5357	291	379	3696	0.919	0.081	replaced
books/assets/physics-4/fig-p0187-01.png	物理（第四册）	physics-4	187	T	high	对照 raw 第187页，已改 TikZ	图7.9	tex/books/物理（第四册）.tex:5385	400	141	1164	0.943	0.057	replaced
books/assets/physics-4/fig-p0188-01.png	物理（第四册）	physics-4	188	T	high	对照 raw 第188页，已改 TikZ	图 7.10	tex/books/物理（第四册）.tex:5391	425	207	1512	0.951	0.049	replaced
books/assets/physics-4/fig-p0189-01.png	物理（第四册）	physics-4	189	P	medium	疑似网纹或照片	图7.11	tex/books/物理（第四册）.tex:5404	486	353	11276	0.443	0.557	pending
books/assets/physics-4/fig-p0192-01.png	物理（第四册）	physics-4	192	T	high	对照 raw 第192页，已改 TikZ	图7.12	图7.12观察电子衍射：左电源接灯丝K与阳极A1、A2小孔准直；虚线电子束穿铝箔后扇形衍射至右屏P；圆圈标电子	tex/books/物理（第四册）.tex:5449	308	181	1498	0.947	0.053	replaced
books/assets/physics-4/fig-p0192-02.png	物理（第四册）	physics-4	192	P	medium	疑似网纹或照片	图 7.13 电子衍射花样	tex/books/物理（第四册）.tex:5455	233	292	7393	0.484	0.516	pending
books/assets/physics-4/fig-p0192-03.png	物理（第四册）	physics-4	192	V	low	初分待对照 raw 改轨	图 7.14 电子通过食盐单晶产生的衍射花样	tex/books/物理（第四册）.tex:5461	325	378	5914	0.139	0.861	pending
books/assets/physics-4/fig-p0202-01.png	物理（第四册）	physics-4	202	P	medium	疑似网纹或照片	图8.1	tex/books/物理（第四册）.tex:5709	281	460	12889	0.524	0.476	pending
books/assets/physics-4/fig-p0203-01.png	物理（第四册）	physics-4	203	T	high	对照 raw 第203页，已改 TikZ	图8.2 阴极射线	tex/books/物理（第四册）.tex:5722	371	262	2773	0.945	0.055	replaced
books/assets/physics-4/fig-p0203-02.png	物理（第四册）	physics-4	203	T	high	对照 raw 第203页，已改 TikZ	图8.3 阴极射线是一种微粒流	tex/books/物理（第四册）.tex:5730	384	195	1894	0.918	0.082	replaced
books/assets/physics-4/fig-p0204-01.png	物理（第四册）	physics-4	204	P	medium	疑似网纹或照片	图8.4 阴极射线在磁场中的偏转	tex/books/物理（第四册）.tex:5736	369	230	2196	0.889	0.111	pending
books/assets/physics-4/fig-p0204-02.png	物理（第四册）	physics-4	204	P	medium	疑似网纹或照片	图 8.5 阴极射线在电场中的偏转	tex/books/物理（第四册）.tex:5742	373	166	2045	0.835	0.165	pending
books/assets/physics-4/fig-p0205-01.png	物理（第四册）	physics-4	205	T	high	对照 raw 第205页，已改 TikZ	图8.6	tex/books/物理（第四册）.tex:5775	342	211	2066	0.943	0.057	replaced
books/assets/physics-4/fig-p0207-01.png	物理（第四册）	physics-4	207	T	high	对照 raw 第207页，已改 TikZ	图8.7	图8.7密立根油滴：中圆柱室上下极板（上板小孔），左光源照亮，上喷雾器，右望远镜；左电路为电池、滑动变阻器与换向开关接两极	tex/books/物理（第四册）.tex:5847	450	217	2825	0.930	0.070	replaced
books/assets/physics-4/fig-p0211-01.png	物理（第四册）	physics-4	211	T	medium	高留白线稿	图 8.8 汤姆孙的原子模型和用来说明原子稳定性的类比实验	tex/books/物理（第四册）.tex:5952	530	345	6175	0.925	0.075	pending
books/assets/physics-4/fig-p0213-01.png	物理（第四册）	physics-4	213	T	medium	高留白线稿	图 8.9 α 粒子散射实验装置	tex/books/物理（第四册）.tex:5980	539	280	4290	0.921	0.079	pending
books/assets/physics-4/fig-p0214-01.png	物理（第四册）	physics-4	214	T	high	对照 raw 第214页，已改 TikZ	图8.10	tex/books/物理（第四册）.tex:6006	468	261	3999	0.906	0.094	replaced
books/assets/physics-4/fig-p0216-01.png	物理（第四册）	physics-4	216	T	high	对照 raw 第216页，已改 TikZ	（a）	tex/books/物理（第四册）.tex:6053	187	255	1769	0.943	0.057	replaced
books/assets/physics-4/fig-p0216-02.png	物理（第四册）	physics-4	216	T	high	对照 raw 第216页，已改 TikZ	（5）	tex/books/物理（第四册）.tex:6059	186	272	1385	0.959	0.041	replaced
books/assets/physics-4/fig-p0216-03.png	物理（第四册）	physics-4	216	T	high	对照 raw 第216页，已改 TikZ	图8.12 散射角	tex/books/物理（第四册）.tex:6067	376	219	1961	0.950	0.050	replaced
books/assets/physics-4/fig-p0217-01.png	物理（第四册）	physics-4	217	T	high	对照 raw 第217页，已改 TikZ	图8.13 \alpha 粒子可能到达的离原子核中心的最短距离	tex/books/物理（第四册）.tex:6082	323	84	707	0.937	0.063	replaced
books/assets/physics-4/fig-p0220-01.png	物理（第四册）	physics-4	220	V	high	对照 raw 第220页，已改 TikZ	图 8.14 氢原子光谱中的巴耳麦线系	tex/books/物理（第四册）.tex:6134	540	148	2967	0.845	0.155	replaced
books/assets/physics-4/fig-p0226-01.png	物理（第四册）	physics-4	226	T	high	对照 raw 第226页，已改 TikZ	图 8.15 氢原子能级图	tex/books/物理（第四册）.tex:6393	368	431	2799	0.933	0.067	replaced
books/assets/physics-4/fig-p0226-02.png	物理（第四册）	physics-4	226	T	high	对照 raw 第226页，已改 TikZ	图8.16	tex/books/物理（第四册）.tex:6399	316	197	1918	0.945	0.055	replaced
books/assets/physics-4/fig-p0229-01.png	物理（第四册）	physics-4	229	T	high	对照 raw 第229页，已改 TikZ	图 B.17 氢原子光谱的产生示意图	tex/books/物理（第四册）.tex:6499	294	315	3450	0.927	0.073	replaced
books/assets/physics-4/fig-p0230-01.png	物理（第四册）	physics-4	230	T	medium	高留白线稿	图 8.18 验证氢原子能级存在的装置示意图	tex/books/物理（第四册）.tex:6529	325	280	1886	0.942	0.058	pending
books/assets/physics-4/fig-p0240-01.png	物理（第四册）	physics-4	240	T	high	对照 raw 第240页，已改 TikZ	图9.1	tex/books/物理（第四册）.tex:6845	286	198	1976	0.915	0.085	replaced
books/assets/physics-4/fig-p0240-02.png	物理（第四册）	physics-4	240	T	high	对照 raw 第240页，已改 TikZ	图9.2 自发辐射与受激辐射	tex/books/物理（第四册）.tex:6851	387	323	2277	0.957	0.043	replaced
books/assets/physics-4/fig-p0241-01.png	物理（第四册）	physics-4	241	T	high	对照 raw 第241页，已改 TikZ	图9.3 粒子数的正常分布与反转分布	tex/books/物理（第四册）.tex:6868	444	151	1114	0.948	0.052	replaced
books/assets/physics-4/fig-p0242-01.png	物理（第四册）	physics-4	242	T	high	对照 raw 第242页，已改 TikZ	图9.4	tex/books/物理（第四册）.tex:6883	202	197	1426	0.875	0.125	replaced
books/assets/physics-4/fig-p0243-01.png	物理（第四册）	physics-4	243	T	high	对照 raw 第243页，已改 TikZ	图9.5 氦和氖的原子能级示意图	tex/books/物理（第四册）.tex:6898	249	156	921	0.949	0.051	replaced
books/assets/physics-4/fig-p0244-01.png	物理（第四册）	physics-4	244	T	high	对照 raw 第244页，已改 TikZ	图 9.6 光学谐振腔	tex/books/物理（第四册）.tex:6911	296	140	1132	0.923	0.077	replaced
books/assets/physics-4/fig-p0245-01.png	物理（第四册）	physics-4	245	T	high	对照 raw 第245页，已改 TikZ	图 9.7 激光器工作顺序示意图	tex/books/物理（第四册）.tex:6936	449	393	5046	0.915	0.085	replaced
books/assets/physics-4/fig-p0247-01.png	物理（第四册）	physics-4	247	T	high	对照 raw 第247页，已改 TikZ	图9.8 激光与普通光的比较	tex/books/物理（第四册）.tex:6980	335	239	2823	0.907	0.093	replaced
books/assets/physics-4/fig-p0249-01.png	物理（第四册）	physics-4	249	T	high	对照 raw 第249页，已改 TikZ	图9.9	tex/books/物理（第四册）.tex:7027	315	199	2837	0.889	0.111	replaced
books/assets/physics-4/fig-p0253-01.png	物理（第四册）	physics-4	253	T	medium	高留白线稿	图 10.1 威耳逊云室的示意图	tex/books/物理（第四册）.tex:7131	358	164	1126	0.940	0.060	pending
books/assets/physics-4/fig-p0254-01.png	物理（第四册）	physics-4	254	T	low	初分待对照 raw 改轨	图 10.2 扩散云室的示意图	tex/books/物理（第四册）.tex:7137	276	149	1644	0.856	0.144	pending
books/assets/physics-4/fig-p0255-01.png	物理（第四册）	physics-4	255	T	low	初分待对照 raw 改轨	图10.3 气泡室结构示意图	tex/books/物理（第四册）.tex:7169	296	253	2396	0.903	0.097	pending
books/assets/physics-4/fig-p0255-02.png	物理（第四册）	physics-4	255	V	low	初分待对照 raw 改轨	图 10.4 在气泡室里形成的电子和证电子的照片	tex/books/物理（第四册）.tex:7183	527	211	4931	0.526	0.474	pending
books/assets/physics-4/fig-p0256-01.png	物理（第四册）	physics-4	256	P	medium	疑似网纹或照片	（a）	tex/books/物理（第四册）.tex:7197	142	268	2603	0.767	0.233	pending
books/assets/physics-4/fig-p0256-02.png	物理（第四册）	physics-4	256	V	low	初分待对照 raw 改轨	（b）	tex/books/物理（第四册）.tex:7203	192	198	2016	0.438	0.562	pending
books/assets/physics-4/fig-p0257-01.png	物理（第四册）	physics-4	257	P	medium	疑似网纹或照片	图10.6 光电倍加管	tex/books/物理（第四册）.tex:7215	168	317	2247	0.841	0.159	pending
books/assets/physics-4/fig-p0258-01.png	物理（第四册）	physics-4	258	T	low	初分待对照 raw 改轨	图 10.7 盖-弥计数管	tex/books/物理（第四册）.tex:7233	267	181	1605	0.894	0.106	pending
books/assets/physics-4/fig-p0258-02.png	物理（第四册）	physics-4	258	T	low	初分待对照 raw 改轨	图 10.8 专门用来探测 \alpha 粒子的盖-弥计数管	tex/books/物理（第四册）.tex:7247	363	124	1136	0.902	0.098	pending
books/assets/physics-4/fig-p0259-01.png	物理（第四册）	physics-4	259	V	low	初分待对照 raw 改轨	图10.9 乳胶堆	tex/books/物理（第四册）.tex:7261	283	147	1933	0.848	0.152	pending
books/assets/physics-4/fig-p0260-01.png	物理（第四册）	physics-4	260	T	medium	高留白线稿	图10.10 火花室的结论简图	tex/books/物理（第四册）.tex:7283	219	179	786	0.930	0.070	pending
books/assets/physics-4/fig-p0261-01.png	物理（第四册）	physics-4	261	T	medium	高留白线稿	图 10.11 用来验证 \alpha 粒子是氦原子核的实验装置	tex/books/物理（第四册）.tex:7326	112	473	1324	0.943	0.057	pending
books/assets/physics-4/fig-p0263-01.png	物理（第四册）	physics-4	263	V	low	初分待对照 raw 改轨	图 10.12 β 粒子和 α 粒子的径迹	tex/books/物理（第四册）.tex:7375	336	246	2675	0.148	0.852	pending
books/assets/physics-4/table-p0270-isotope-masses.png	物理（第四册）	physics-4	270	T	high	文件名是表	表10.1：氢、氦、锂、碳、氮、氧及若干重核同位素的原子质量	tex/books/物理（第四册）.tex:7579	1740	1540	35531	0.877	0.123	pending
books/assets/physics-4/fig-p0273-01.png	物理（第四册）	physics-4	273	T	high	对照 raw 第273页，已改 TikZ	图 10.13 三个天然放射性衰变的衰变规律	tex/books/物理（第四册）.tex:7674	504	574	9051	0.906	0.094	replaced
books/assets/physics-4/fig-p0275-01.png	物理（第四册）	physics-4	275	T	low	初分待对照 raw 改轨	图 10.14 卢瑟福实验的装置示意图	tex/books/物理（第四册）.tex:7768	401	119	1194	0.901	0.099	pending
books/assets/physics-4/fig-p0278-01.png	物理（第四册）	physics-4	278	V	low	初分待对照 raw 改轨	图 10.15 云室中的径迹显示了 \alpha-p 型核反应	tex/books/物理（第四册）.tex:7878	265	237	3593	0.189	0.811	pending
books/assets/physics-4/fig-p0280-01.png	物理（第四册）	physics-4	280	T	low	初分待对照 raw 改轨	图 10.16 在德威克发现中子的实验装置示意图	tex/books/物理（第四册）.tex:7914	498	127	1450	0.909	0.091	pending
books/assets/physics-4/fig-p0288-01.png	物理（第四册）	physics-4	288	V	low	初分待对照 raw 改轨	（第7题）	tex/books/物理（第四册）.tex:8187	292	239	3849	0.190	0.810	pending
books/assets/physics-4/table-p0300-binding-energy.png	物理（第四册）	physics-4	300	T	high	文件名是表	表11.1：若干原子核的结合能和核子平均结合能	tex/books/物理（第四册）.tex:8649	1700	1300	29416	0.882	0.118	pending
books/assets/physics-4/fig-p0301-01.png	物理（第四册）	physics-4	301	T	high	对照 raw 第301页，已改 TikZ	图 11.1 各种元素原子核的核子平均结合能曲线	tex/books/物理（第四册）.tex:8659	421	325	3674	0.887	0.113	replaced
books/assets/physics-4/fig-p0303-01.png	物理（第四册）	physics-4	303	P	medium	疑似网纹或照片	图11.2 铀核的分裂	tex/books/物理（第四册）.tex:8741	353	322	10885	0.793	0.207	pending
books/assets/physics-4/fig-p0304-01.png	物理（第四册）	physics-4	304	T	high	对照 raw 第304页，已改 TikZ	图 11.3 铀核裂变的链式反应示意图	tex/books/物理（第四册）.tex:8762	239	293	2611	0.892	0.108	replaced
books/assets/physics-4/fig-p0305-01.png	物理（第四册）	physics-4	305	P	high	对照 raw 第305页，已改 TikZ	图 11.4 减速剂在铀堆里的作用	tex/books/物理（第四册）.tex:8779	544	319	8467	0.879	0.121	replaced
books/assets/physics-4/fig-p0306-01.png	物理（第四册）	physics-4	306	T	high	对照 raw 第306页，已改 TikZ	（a）	tex/books/物理（第四册）.tex:8794	297	583	7236	0.855	0.145	replaced
books/assets/physics-4/fig-p0306-02.png	物理（第四册）	physics-4	306	P	medium	疑似网纹或照片	（b）	tex/books/物理（第四册）.tex:8800	352	589	17283	0.425	0.575	pending
books/assets/physics-4/fig-p0310-01.png	物理（第四册）	physics-4	310	V	high	对照 raw 第310页，已改 TikZ	（a）	tex/books/物理（第四册）.tex:8918	338	256	4170	0.808	0.192	replaced
books/assets/physics-4/fig-p0310-02.png	物理（第四册）	physics-4	310	P	high	对照 raw 第310页，已改 TikZ	（b）	tex/books/物理（第四册）.tex:8924	272	308	4756	0.836	0.164	replaced
books/assets/physics-4/fig-p0311-01.png	物理（第四册）	physics-4	311	T	low	初分待对照 raw 改轨	（a） 核反应堆的核心	tex/books/物理（第四册）.tex:8937	271	241	3491	0.898	0.102	pending
books/assets/physics-4/fig-p0311-02.png	物理（第四册）	physics-4	311	T	low	初分待对照 raw 改轨	（b） 重水型核电站	tex/books/物理（第四册）.tex:8943	407	161	3119	0.859	0.141	pending
books/assets/physics-4/fig-p0317-01.png	物理（第四册）	physics-4	317	P	high	对照 raw 第317页，已改 TikZ	图 11.8 氢弹构造示意图	tex/books/物理（第四册）.tex:9136	182	289	3347	0.816	0.184	replaced
books/assets/physics-4/fig-p0318-01.png	物理（第四册）	physics-4	318	P	medium	疑似网纹或照片	图 11.9 我国第一颗氢弹爆炸时产生的巨大火球	tex/books/物理（第四册）.tex:9150	401	402	9064	0.237	0.763	pending
books/assets/physics-4/fig-p0322-01.png	物理（第四册）	physics-4	322	V	high	对照 raw 第322页，已改 TikZ	图 11.10 托卡马克装置主要部分的原理示意图	tex/books/物理（第四册）.tex:9231	254	164	2090	0.828	0.172	replaced
books/assets/physics-4/fig-p0322-02.png	物理（第四册）	physics-4	322	T	high	对照 raw 第322页，已改 TikZ	图 11.11 托卡马克型热核聚变反应堆结构简图	tex/books/物理（第四册）.tex:9247	467	150	2783	0.884	0.116	replaced
books/assets/physics-4/fig-p0323-01.png	物理（第四册）	physics-4	323	T	high	对照 raw 第323页，已改 TikZ	图 11.12 激光打靶型热核聚变 反应堆原理示意图	tex/books/物理（第四册）.tex:9259	312	342	4105	0.892	0.108	replaced
books/assets/physics-4/fig-p0329-01.png	物理（第四册）	physics-4	329	T	high	对照 raw 第329页，已改 TikZ	图 12.1 核反应堆多余的中子产生放射性同位素	tex/books/物理（第四册）.tex:9467	336	242	3066	0.906	0.094	replaced
books/assets/physics-4/fig-p0331-01.png	物理（第四册）	physics-4	331	T	high	对照 raw 第331页，已改 TikZ	图 12.2 γ射线探伤示意图	tex/books/物理（第四册）.tex:9498	285	343	3727	0.886	0.114	replaced
books/assets/physics-4/fig-p0331-02.png	物理（第四册）	physics-4	331	P	high	对照 raw 第331页，已改 TikZ	图 12.3 钢板厚度自动控制装置	tex/books/物理（第四册）.tex:9511	384	247	2386	0.858	0.142	replaced
books/assets/physics-4/fig-p0332-01.png	物理（第四册）	physics-4	332	T	high	对照 raw 第332页，已改 TikZ	图 12.4 利用放射线的电离作用消除静电积累	tex/books/物理（第四册）.tex:9517	311	189	2092	0.867	0.133	replaced
books/assets/physics-4/fig-p0335-01.png	物理（第四册）	physics-4	335	P	medium	疑似网纹或照片	图 12.5 两株燕麦的比较	tex/books/物理（第四册）.tex:9563	282	332	3716	0.856	0.144	pending
books/assets/physics-4/fig-p0340-01.png	物理（第四册）	physics-4	340	P	medium	疑似网纹或照片	图 13.1 正电子穿过云室的径迹	tex/books/物理（第四册）.tex:9658	324	324	9984	0.802	0.198	pending
books/assets/physics-4/fig-p0341-01.png	物理（第四册）	physics-4	341	V	low	初分待对照 raw 改轨	图13.2 簇射现象	tex/books/物理（第四册）.tex:9666	290	408	6172	0.179	0.821	pending
books/assets/physics-4/fig-p0343-01.png	物理（第四册）	physics-4	343	P	high	对照 raw 第343页，已改 TikZ	图 13.3 静电加速器的原理示意图	tex/books/物理（第四册）.tex:9718	261	421	4574	0.870	0.130	replaced
books/assets/physics-4/fig-p0344-01.png	物理（第四册）	physics-4	344	T	high	对照 raw 第344页，已改 TikZ	图 13.4 质子直线加速器原理示意图	tex/books/物理（第四册）.tex:9731	493	330	6332	0.904	0.096	replaced
books/assets/physics-4/fig-p0345-01.png	物理（第四册）	physics-4	345	T	high	对照 raw 第345页，已改 TikZ	（a）	tex/books/物理（第四册）.tex:9746	217	330	2241	0.914	0.086	replaced
books/assets/physics-4/fig-p0345-02.png	物理（第四册）	physics-4	345	P	high	对照 raw 第345页，已改 TikZ	（b）	tex/books/物理（第四册）.tex:9752	284	186	2906	0.778	0.222	replaced
books/assets/physics-4/fig-p0346-01.png	物理（第四册）	physics-4	346	P	medium	疑似网纹或照片	图 13.6 从回旋加速器中喷射出来的氘核	tex/books/物理（第四册）.tex:9760	402	338	11875	0.397	0.603	pending
books/assets/physics-4/fig-p0348-01.png	物理（第四册）	physics-4	348	P	medium	疑似网纹或照片	图 13.7 ``Bevatron''质子同步加速器	tex/books/物理（第四册）.tex:9784	396	306	12016	0.407	0.593	pending
books/assets/physics-4/table-p0353-particle-classification.png	物理（第四册）	physics-4	353	T	high	文件名是表	表13.1：光子、轻子、介子、核子和超子的粒子符号、反粒子符号、质量与平均寿命	tex/books/物理（第四册）.tex:9925	1640	1680	30608	0.923	0.077	pending
books/assets/physics-4/fig-p0354-01.png	物理（第四册）	physics-4	354	V	high	对照 raw 第354页，已改 TikZ	图 13.8 基本粒子分类图	tex/books/物理（第四册）.tex:9931	509	818	15449	0.877	0.123	replaced
